Pos,ID,Name,BV,SV,Team,26_xMins,26_Pts,27_xMins,27_Pts,28_xMins,28_Pts,29_xMins,29_Pts,30_xMins,30_Pts,31_xMins,31_Pts,32_xMins,32_Pts,33_xMins,33_Pts,34_xMins,34_Pts
D,1,Cédric,4.2,4.2,Fulham,17,0.58,19,0.60,0,0.00,23,0.91,22,0.88,22,0.86,19,0.41,22,0.75,20,1.01
G,2,Leno,4.5,4.5,Fulham,88,3.39,87,3.25,0,0.00,84,3.50,87,3.66,84,3.49,85,1.86,85,3.30,84,5.40
M,3,Xhaka,4.9,4.9,Arsenal,74,3.62,70,2.89,69,3.17,67,3.06,67,2.42,66,2.59,62,2.95,63,2.04,63,2.51
M,4,Elneny,4.1,4.1,Arsenal,0,0.00,0,0.00,0,0.00,0,0.00,0,0.00,0,0.00,0,0.00,0,0.00,0,0.00
D,5,Holding,4.2,4.2,Arsenal,2,0.10,3,0.13,4,0.19,5,0.24,5,0.17,5,0.21,6,0.31,5,0.17,3,0.15
M,6,Partey,4.7,4.7,Arsenal,65,2.69,64,2.33,65,2.58,62,2.42,62,2.01,60,2.09,58,2.36,59,1.73,59,2.06
M,7,Ødegaard,7.0,7.0,Arsenal,82,5.99,81,4.87,79,5.34,76,5.17,76,3.91,76,4.23,74,5.21,73,3.13,72,4.09
D,8,Tierney,4.6,4.6,Arsenal,12,0.71,14,0.68,15,0.84,16,0.90,17,0.70,17,0.82,19,1.13,16,0.54,18,0.90
M,9,Pépé,5.3,5.3,Arsenal,0,0.00,0,0.00,0,0.00,0,0.00,0,0.00,0,0.00,0,0.00,0,0.00,0,0.00
D,10,White,4.7,4.7,Arsenal,72,4.67,69,3.67,71,4.58,68,4.06,68,2.69,69,3.48,67,4.31,68,2.01,69,3.52
F,11,Nketiah,6.8,6.8,Arsenal,27,1.84,32,1.85,24,1.59,19,1.28,21,1.15,19,1.08,21,1.43,17,0.84,20,1.16
M,12,Smith Rowe,5.6,5.6,Arsenal,11,0.84,10,0.67,11,0.82,15,1.15,17,1.05,23,1.44,23,1.71,23,1.17,24,1.51
M,13,Saka,8.5,8.1,Arsenal,85,6.76,82,5.31,76,5.64,76,5.68,76,4.22,76,4.58,74,5.72,75,3.43,77,4.66
D,14,Tomiyasu,4.2,4.2,Arsenal,23,1.38,30,1.51,31,1.90,34,1.90,36,1.40,35,1.73,43,2.60,39,1.16,41,2.01
G,15,Ramsdale,4.9,4.9,Arsenal,88,4.39,88,3.92,88,4.41,87,4.07,86,3.38,87,3.81,85,4.22,85,3.11,86,3.82
D,16,Gabriel,5.2,5.1,Arsenal,88,5.26,83,3.98,80,4.71,80,4.31,78,2.74,78,3.52,73,4.32,74,1.93,74,3.42
D,17,Tavares,4.5,4.5,Arsenal,0,0.00,0,0.00,0,0.00,0,0.00,0,0.00,0,0.00,0,0.00,0,0.00,0,0.00
M,18,Sambi,4.3,4.3,Crystal Palace,50,1.68,43,2.80,0,0.00,45,1.65,45,1.52,44,1.54,47,1.70,46,1.53,42,1.52
M,19,Martinelli,6.5,6.2,Arsenal,75,5.83,69,4.43,66,4.83,64,4.68,61,3.43,57,3.51,53,4.06,57,2.71,55,3.38
D,20,Pablo Marí,4.5,4.5,Arsenal,0,0.00,0,0.00,0,0.00,0,0.00,0,0.00,0,0.00,0,0.00,0,0.00,0,0.00
M,21,Maitland-Niles,4.8,4.8,Southampton,56,1.79,51,3.14,50,1.55,42,1.32,42,1.23,37,1.31,0,0.00,40,1.41,42,1.26
M,22,Torreira,4.5,4.5,Arsenal,0,0.00,0,0.00,0,0.00,0,0.00,0,0.00,0,0.00,0,0.00,0,0.00,0,0.00
M,23,Nelson,4.7,4.7,Arsenal,3,0.23,2,0.15,2,0.20,4,0.29,4,0.28,5,0.34,7,0.52,6,0.32,6,0.38
G,24,Turner,3.8,3.8,Arsenal,2,0.08,2,0.10,2,0.10,3,0.15,4,0.15,3,0.14,4,0.22,5,0.17,4,0.16
M,25,Fábio Vieira,5.6,5.6,Arsenal,16,1.09,14,0.82,12,0.78,13,0.86,11,0.63,10,0.56,13,0.91,12,0.56,12,0.68
D,26,Saliba,5.3,5.3,Arsenal,86,4.75,82,3.71,81,4.43,78,3.91,78,2.56,77,3.30,74,4.04,75,1.84,75,3.27
M,27,Marquinhos,4.6,4.6,Arsenal,0,0.00,0,0.00,0,0.00,0,0.00,0,0.00,0,0.00,0,0.00,0,0.00,0,0.00
F,28,Jesus,7.9,7.9,Arsenal,5,0.40,26,1.59,55,3.58,65,4.29,68,3.53,70,3.79,71,4.79,75,3.23,73,3.95
M,29,Coutinho,6.6,6.6,Aston Villa,0,0.00,0,0.00,0,0.00,10,1.11,22,1.37,39,2.04,47,2.32,47,2.74,50,2.17
F,30,Ings,6.4,6.4,West Ham,65,2.91,56,3.20,0,0.00,39,4.60,40,2.18,39,1.92,37,2.13,40,2.16,39,2.90
G,31,Martínez,4.9,4.9,Aston Villa,89,3.99,87,3.36,87,3.88,87,6.53,87,3.89,86,3.40,85,3.26,85,3.61,84,3.00
D,32,Chambers,4.2,4.2,Aston Villa,5,0.20,8,0.22,4,0.17,4,0.23,6,0.25,3,0.10,6,0.16,6,0.20,8,0.17
D,33,Digne,4.6,4.6,Aston Villa,36,1.84,35,1.38,39,2.07,38,2.74,38,1.98,36,1.49,36,1.38,38,1.83,40,1.19
M,34,Traoré,4.9,4.9,Aston Villa,12,0.71,14,0.78,13,0.86,14,1.53,13,0.86,11,0.64,12,0.67,12,0.76,12,0.63
G,35,Olsen,3.9,3.9,Aston Villa,1,0.03,3,0.11,3,0.14,3,0.22,3,0.13,4,0.14,4,0.15,5,0.20,6,0.20
M,36,Sanson,4.3,4.3,Aston Villa,0,0.00,0,0.00,0,0.00,0,0.00,0,0.00,0,0.00,0,0.00,0,0.00,0,0.00
M,37,McGinn,5.1,5.1,Aston Villa,73,2.86,73,2.50,71,3.00,66,4.45,65,2.74,65,2.35,65,2.26,67,2.66,65,2.07
D,38,Hause,4.4,4.4,Aston Villa,0,0.00,0,0.00,0,0.00,0,0.00,0,0.00,0,0.00,0,0.00,0,0.00,0,0.00
D,39,Mings,4.3,4.3,Aston Villa,86,3.47,82,2.27,77,3.16,77,3.79,76,3.12,76,2.28,75,2.01,73,2.68,71,1.36
F,40,Watkins,7.3,7.3,Aston Villa,84,4.51,83,3.81,80,4.84,80,7.26,78,4.60,79,3.93,77,3.65,74,4.27,76,3.19
M,41,Nakamba,4.3,4.3,Aston Villa,0,0.00,0,0.00,0,0.00,0,0.00,0,0.00,0,0.00,0,0.00,0,0.00,0,0.00
M,42,Buendía,5.7,5.7,Aston Villa,65,3.31,61,2.70,65,3.64,61,5.23,61,3.34,60,2.81,55,2.49,57,3.06,56,2.27
D,43,Cash,4.6,4.6,Aston Villa,73,3.33,69,2.21,67,3.15,67,3.90,67,3.13,66,2.30,65,2.02,64,2.69,62,1.42
D,44,Konsa,4.4,4.4,Aston Villa,87,3.61,77,2.28,55,2.30,45,2.46,47,2.00,46,1.47,45,1.30,48,1.84,49,1.03
M,45,Bailey,4.4,4.4,Aston Villa,61,3.51,61,2.98,60,3.81,59,5.64,57,3.55,55,2.90,52,2.63,51,3.11,49,2.22
M,46,Douglas Luiz,4.8,4.8,Aston Villa,71,3.01,68,2.52,70,3.22,68,4.92,67,3.06,66,2.57,65,2.44,66,2.87,62,2.12
M,47,Ramsey,5.2,5.2,Aston Villa,57,2.87,56,2.43,54,3.02,54,4.63,52,2.86,48,2.25,49,2.21,47,2.52,50,2.00
M,48,Chukwuemeka,4.3,4.3,Chelsea,2,0.19,3,0.23,2,0.21,2,0.36,2,0.14,4,0.29,3,0.06,3,0.28,3,0.30
M,49,Iroegbunam,4.5,4.5,Aston Villa,0,0.00,0,0.00,0,0.00,0,0.00,0,0.00,0,0.00,0,0.00,0,0.00,0,0.00
D,50,Diego Carlos,4.7,4.7,Aston Villa,2,0.07,14,0.43,47,2.01,58,3.03,57,2.39,58,1.81,59,1.65,58,2.19,56,1.14
M,51,El Ghazi,4.8,4.8,Aston Villa,0,0.00,0,0.00,0,0.00,0,0.00,0,0.00,0,0.00,0,0.00,0,0.00,0,0.00
F,52,Davis,5.4,5.4,Aston Villa,0,0.00,0,0.00,0,0.00,0,0.00,0,0.00,0,0.00,0,0.00,0,0.00,0,0.00
M,53,Kamara,4.8,4.8,Aston Villa,82,2.52,81,2.22,80,2.57,78,4.21,76,2.45,74,2.13,74,2.06,73,2.25,75,1.93
F,54,Archer,4.2,4.2,Aston Villa,0,0.00,0,0.00,0,0.00,0,0.00,0,0.00,0,0.00,0,0.00,0,0.00,0,0.00
M,55,Philogene-Bidace,4.5,4.5,Aston Villa,0,0.00,0,0.00,0,0.00,0,0.00,0,0.00,0,0.00,0,0.00,0,0.00,0,0.00
D,56,Guilbert,3.9,3.9,Aston Villa,0,0.00,0,0.00,0,0.00,0,0.00,0,0.00,0,0.00,0,0.00,0,0.00,0,0.00
D,57,Smith,4.3,4.3,Bournemouth,76,1.35,73,1.79,68,1.82,63,3.98,59,1.63,56,1.24,57,1.95,59,1.88,62,2.08
M,58,Stanislas,4.8,4.8,Bournemouth,9,0.46,10,0.60,7,0.46,7,0.94,8,0.52,8,0.50,9,0.57,9,0.56,9,0.63
D,59,Fredericks,4.4,4.4,Bournemouth,26,0.64,25,0.75,26,0.83,25,1.81,28,0.89,29,0.77,29,1.08,31,1.10,27,1.00
M,60,Brooks,5.3,5.3,Bournemouth,0,0.00,0,0.00,0,0.01,1,0.18,1,0.12,1,0.10,1,0.12,2,0.17,1,0.13
M,61,Lowe,5.2,5.2,Bournemouth,0,0.00,0,0.00,0,0.00,0,0.00,0,0.00,0,0.00,0,0.00,0,0.00,0,0.00
F,62,Moore,5.1,5.1,Bournemouth,4,0.20,6,0.34,5,0.28,6,0.71,6,0.34,8,0.38,7,0.43,8,0.46,6,0.38
M,63,Marcondes,4.7,4.7,Bournemouth,0,0.00,0,0.00,0,0.00,0,0.00,0,0.00,0,0.00,0,0.00,0,0.00,0,0.00
M,64,Lerma,4.7,4.7,Bournemouth,84,1.93,79,2.00,77,1.97,74,3.97,75,1.94,74,1.82,74,2.02,75,2.01,72,1.98
D,65,Stacey,4.3,4.3,Bournemouth,5,0.12,4,0.11,4,0.12,6,0.39,8,0.25,9,0.24,9,0.33,10,0.36,8,0.27
F,66,Solanke,5.5,5.5,Bournemouth,85,2.94,81,3.53,79,3.31,76,7.14,75,3.32,74,2.91,75,3.48,74,3.30,75,3.67
M,67,Cook,4.9,4.9,Bournemouth,12,0.35,33,0.94,53,1.50,62,3.61,62,1.73,63,1.68,61,1.80,65,1.85,64,1.85
M,68,Pearson,4.4,4.4,Bournemouth,0,0.00,0,0.00,0,0.00,0,0.00,0,0.00,0,0.00,0,0.00,0,0.00,0,0.00
M,69,Christie,5.3,5.3,Bournemouth,23,0.91,17,0.79,14,0.64,12,1.18,13,0.60,14,0.65,14,0.66,16,0.75,13,0.67
M,70,Billing,5.1,5.1,Bournemouth,77,2.49,69,2.76,62,2.50,61,5.32,60,2.50,60,2.25,61,2.65,63,2.63,60,2.76
D,71,Mepham,4.3,4.3,Bournemouth,18,0.36,14,0.34,15,0.40,13,0.74,13,0.34,17,0.36,15,0.47,29,0.89,18,0.56
G,72,Travers,4.2,4.2,Bournemouth,1,0.03,1,0.04,2,0.06,1,0.11,1,0.04,3,0.09,3,0.12,3,0.10,1,0.06
D,73,Kelly,4.3,4.3,Bournemouth,11,0.20,39,0.90,61,1.55,73,4.37,73,1.89,72,1.45,71,2.32,74,2.21,67,2.14
M,74,Dembélé,4.7,4.7,Bournemouth,0,0.00,0,0.00,0,0.00,0,0.00,0,0.00,0,0.00,0,0.00,0,0.00,0,0.00
M,75,Anthony,5.2,5.2,Bournemouth,49,1.81,41,1.83,33,1.50,32,3.10,34,1.55,32,1.39,34,1.65,33,1.55,35,1.73
D,76,Zemura,4.3,4.3,Bournemouth,64,1.15,58,1.54,55,1.59,49,3.33,49,1.45,51,1.20,50,1.81,56,1.86,52,1.87
G,77,Dennis,3.9,3.9,Bournemouth,0,0.00,0,0.00,0,0.00,0,0.00,0,0.00,0,0.00,0,0.00,0,0.00,0,0.00
D,78,Jansson,4.2,4.2,Brentford,36,1.52,46,3.41,45,1.79,45,2.12,43,1.49,46,1.50,46,1.81,43,1.08,46,2.09
M,79,Nørgaard,5.3,5.3,Brentford,83,2.88,80,5.17,78,2.76,76,4.34,74,2.37,73,2.27,76,2.60,74,2.11,72,2.66
F,80,Toney,7.6,7.6,Brentford,87,5.17,78,7.95,69,4.26,58,5.06,34,1.79,32,1.57,20,1.19,19,0.80,20,1.28
G,81,Raya,4.8,4.8,Brentford,89,3.88,87,7.43,88,3.78,86,6.32,86,3.48,86,3.46,86,3.73,85,3.18,85,3.90
D,82,Canós,5.0,5.0,Brentford,0,0.00,0,0.00,0,0.00,0,0.00,0,0.00,0,0.00,0,0.00,0,0.00,0,0.00
M,83,Dasilva,4.1,4.1,Brentford,45,2.63,44,4.60,44,2.58,44,3.91,42,2.18,43,2.09,41,2.37,42,1.86,43,2.61
D,84,Ajer,4.5,4.5,Brentford,50,2.12,50,3.80,51,2.10,47,2.35,49,1.73,48,1.65,49,2.01,48,1.28,48,2.26
D,85,Henry,4.5,4.5,Brentford,76,3.23,73,5.64,72,3.00,73,3.63,68,2.44,69,2.39,68,2.81,67,1.77,66,3.14
M,86,Janelt,5.5,5.5,Brentford,47,1.86,47,3.50,48,1.89,48,3.23,51,1.82,50,1.75,51,1.94,46,1.54,49,1.95
M,87,Ghoddos,4.8,4.8,Brentford,0,0.03,1,0.15,2,0.12,3,0.32,4,0.27,5,0.28,5,0.33,6,0.32,6,0.40
M,88,Jensen,4.8,4.8,Brentford,68,3.02,69,5.48,66,2.94,64,4.57,65,2.59,62,2.40,60,2.63,64,2.23,61,2.86
M,89,Wissa,5.3,5.3,Brentford,38,2.54,39,4.54,38,2.56,42,4.11,47,2.70,47,2.49,48,2.99,47,2.21,52,3.43
D,90,Roerslev,4.3,4.3,Brentford,11,0.41,13,0.94,15,0.61,17,0.93,19,0.70,20,0.73,22,0.95,21,0.63,23,1.09
D,91,Bech,4.5,4.5,Brentford,0,0.00,0,0.00,0,0.00,0,0.00,0,0.00,0,0.00,0,0.00,0,0.00,0,0.00
D,92,Pinnock,4.4,4.4,Brentford,82,3.30,77,5.63,78,3.08,75,3.51,73,2.50,73,2.41,70,2.76,72,1.80,71,3.23
M,93,Onyeka,4.8,4.8,Brentford,10,0.44,14,1.20,16,0.72,19,1.56,21,0.88,21,0.87,24,1.00,24,0.93,24,1.04
M,94,Baptiste,4.5,4.5,Brentford,9,0.48,9,0.95,12,0.62,14,1.23,15,0.74,16,0.72,16,0.81,17,0.75,16,0.81
F,95,Mbeumo,5.8,5.8,Brentford,72,3.72,70,6.38,68,3.58,67,5.40,66,3.08,65,2.84,64,3.27,63,2.47,63,3.37
D,96,Goode,3.9,3.9,Brentford,0,0.00,0,0.00,0,0.00,0,0.00,0,0.00,0,0.00,0,0.00,0,0.00,0,0.00
F,97,Forss,4.5,4.5,Brentford,0,0.00,0,0.00,0,0.00,0,0.00,0,0.00,0,0.00,0,0.00,0,0.00,0,0.00
D,98,Thompson,4.0,4.0,Brentford,0,0.00,0,0.00,0,0.00,0,0.00,0,0.00,0,0.00,0,0.00,0,0.00,0,0.00
M,99,Bidstrup,4.5,4.5,Brentford,0,0.00,0,0.00,0,0.00,0,0.00,0,0.00,0,0.00,0,0.00,0,0.00,0,0.00
G,100,Balcombe,4.0,4.0,Brentford,0,0.00,0,0.00,0,0.00,0,0.00,0,0.00,0,0.00,0,0.00,0,0.00,0,0.00
M,101,Lallana,4.8,4.8,Brighton,0,0.00,0,0.00,0,0.00,0,0.00,0,0.00,0,0.00,6,0.02,16,0.91,26,2.73
G,102,Steele,3.9,3.9,Brighton,1,0.05,2,0.21,0,0.00,3,0.29,5,0.21,3,0.17,4,0.01,5,0.21,4,0.37
F,103,Welbeck,6.5,6.5,Brighton,54,3.47,50,6.55,0,0.00,48,6.43,47,3.04,45,3.10,47,0.20,47,3.13,46,5.78
M,104,Groß,5.4,5.4,Brighton,83,4.10,79,7.89,0,0.00,77,7.83,76,3.67,78,4.00,78,0.25,76,3.86,75,7.08
D,105,Duffy,4.3,4.3,Fulham,1,0.04,3,0.10,0,0.00,4,0.16,5,0.17,4,0.16,5,0.11,6,0.18,5,0.23
D,106,Dunk,4.7,4.6,Brighton,88,3.77,86,7.21,0,0.00,83,7.01,82,2.85,81,3.07,81,0.16,83,3.57,81,6.02
M,107,March,5.1,5.1,Brighton,61,3.10,75,7.62,0,0.00,75,7.74,73,3.58,71,3.74,71,0.23,72,3.71,70,6.69
D,108,Webster,4.5,4.5,Brighton,71,3.16,55,4.75,0,0.00,48,4.21,46,1.71,63,2.53,45,0.10,45,2.03,47,3.67
D,109,Veltman,4.6,4.6,Brighton,58,2.60,54,4.76,0,0.00,52,4.59,53,1.96,57,2.30,50,0.11,50,2.26,49,3.84
F,110,Maupay,5.9,5.9,Everton,53,2.48,42,2.15,24,1.10,22,1.19,26,1.19,24,1.35,25,1.27,26,1.34,26,1.34
M,111,Trossard,6.6,6.6,Arsenal,64,5.03,51,3.39,42,3.13,38,2.90,33,1.99,34,2.17,35,2.77,31,1.64,32,2.10
D,112,Cucurella,5.0,5.0,Chelsea,28,1.38,23,1.05,25,1.36,27,2.56,28,1.26,28,1.24,27,0.28,27,1.37,25,1.18
G,113,Sánchez,4.6,4.6,Brighton,89,3.93,88,7.71,0,0.00,87,7.60,85,3.76,87,4.31,86,0.25,85,3.87,85,7.13
D,114,Lamptey,4.2,4.2,Brighton,33,1.84,26,2.82,0,0.00,27,2.95,28,1.32,30,1.58,27,0.08,29,1.63,26,2.63
M,115,Alzate,4.4,4.4,Brighton,0,0.00,0,0.00,0,0.00,0,0.00,0,0.00,0,0.00,0,0.00,0,0.00,0,0.00
M,116,Mac Allister,5.4,5.4,Brighton,85,4.04,80,7.77,0,0.00,75,7.48,76,3.57,77,3.84,73,0.23,74,3.65,74,6.78
M,117,Moder,4.4,4.4,Brighton,0,0.00,0,0.00,0,0.00,0,0.00,0,0.00,2,0.10,5,0.02,5,0.28,7,0.75
M,118,Mwepu,5.3,5.3,Brighton,0,0.00,0,0.00,0,0.00,0,0.00,0,0.00,0,0.00,0,0.00,0,0.00,0,0.00
M,119,Sarmiento,4.5,4.5,Brighton,21,1.40,18,2.47,0,0.00,21,2.81,21,1.43,21,1.48,23,0.10,20,1.35,19,2.45
M,120,Caicedo,5.0,5.0,Brighton,84,2.80,81,5.38,0,0.00,79,5.31,76,2.60,75,2.82,75,0.17,77,2.63,76,4.86
M,121,Richards,4.5,4.5,Brighton,0,0.00,0,0.00,0,0.00,0,0.00,0,0.00,0,0.00,0,0.00,0,0.00,0,0.00
D,122,Roberts,4.0,4.0,Brighton,0,0.00,0,0.00,0,0.00,0,0.00,0,0.00,0,0.00,0,0.00,0,0.00,0,0.00
F,123,Undav,5.0,5.0,Brighton,37,2.38,35,4.55,0,0.00,35,4.67,34,2.21,34,2.32,35,0.15,32,2.13,32,3.98
M,124,Mitoma,5.3,5.2,Brighton,78,4.48,75,8.63,0,0.00,75,8.83,74,4.07,73,4.27,73,0.26,70,4.13,71,7.64
F,125,Enciso,4.6,4.6,Brighton,18,1.11,15,1.87,0,0.00,16,2.05,19,1.20,19,1.26,18,0.08,16,1.03,16,1.89
M,126,Kozłowski,4.5,4.5,Brighton,0,0.00,0,0.00,0,0.00,0,0.00,0,0.00,0,0.00,0,0.00,0,0.00,0,0.00
D,127,Azpilicueta,4.8,4.8,Chelsea,3,0.13,9,0.38,17,0.87,22,2.00,21,0.93,23,1.00,22,0.22,19,0.95,23,1.03
D,128,Thiago Silva,5.5,5.5,Chelsea,0,0.00,0,0.00,0,0.00,0,0.00,0,0.00,8,0.31,30,0.25,39,1.78,51,1.94
D,129,Alonso,5.3,5.3,Chelsea,0,0.00,0,0.00,0,0.00,0,0.00,0,0.00,0,0.00,0,0.00,0,0.00,0,0.00
M,130,Jorginho,5.8,5.8,Arsenal,33,1.70,40,1.77,39,1.88,40,1.92,42,1.65,42,1.75,46,2.25,46,1.61,45,1.88
M,131,Barkley,4.9,4.9,Chelsea,0,0.00,0,0.00,0,0.00,0,0.00,0,0.00,0,0.00,0,0.00,0,0.00,0,0.00
M,132,Kovacic,4.9,4.9,Chelsea,38,1.59,46,1.82,44,1.86,40,3.26,39,1.50,36,1.44,41,0.41,41,1.71,37,1.78
G,133,Arrizabalaga,4.7,4.7,Chelsea,88,4.08,88,3.84,87,4.35,85,7.52,84,3.75,84,3.67,84,0.92,83,3.85,82,4.28
M,134,Kanté,4.8,4.8,Chelsea,0,0.00,6,0.24,14,0.60,30,2.40,30,1.15,32,1.21,34,0.33,33,1.33,32,1.49
M,135,Ziyech,5.5,5.5,Chelsea,13,0.86,18,1.16,15,1.05,18,2.41,16,0.96,17,1.10,15,0.24,17,1.18,16,1.20
M,136,Loftus-Cheek,5.0,5.0,Chelsea,27,1.33,27,1.29,24,1.28,24,2.42,23,1.12,22,1.11,24,0.30,24,1.22,26,1.50
F,137,Werner,7.9,7.9,Chelsea,0,0.00,0,0.00,0,0.00,0,0.00,0,0.00,0,0.00,0,0.00,0,0.00,0,0.00
D,138,Kenedy,3.9,3.9,Chelsea,0,0.00,0,0.00,0,0.00,0,0.00,0,0.00,0,0.00,0,0.00,0,0.00,0,0.00
D,139,Chilwell,5.8,5.8,Chelsea,60,3.20,61,2.84,60,3.47,54,5.21,53,2.46,53,2.42,53,0.51,52,2.76,55,2.38
M,140,Pulisic,5.6,5.6,Chelsea,0,0.00,1,0.09,7,0.50,16,2.25,15,0.95,15,1.04,17,0.28,16,1.17,17,1.29
D,141,Chalobah,4.5,4.5,Chelsea,29,1.39,26,1.09,25,1.32,27,2.33,29,1.21,28,1.18,22,0.20,26,1.24,21,0.87
M,142,Mount,7.2,7.2,Chelsea,48,2.78,47,2.63,45,2.74,44,5.17,44,2.32,43,2.35,43,0.57,42,2.53,42,2.57
D,143,Sarr,5.0,5.0,Chelsea,0,0.00,0,0.00,0,0.00,0,0.00,0,0.00,0,0.00,0,0.00,0,0.00,0,0.00
M,144,Hudson-Odoi,5.3,5.3,Chelsea,0,0.00,0,0.00,0,0.00,0,0.00,0,0.00,0,0.00,0,0.00,0,0.00,0,0.00
F,145,Havertz,7.6,7.6,Chelsea,65,3.51,63,3.33,61,3.40,60,6.61,58,2.84,59,3.04,57,0.72,55,3.15,57,3.29
D,146,James,5.8,5.8,Chelsea,70,4.33,68,3.64,66,4.34,62,6.91,59,3.12,60,3.15,57,0.64,58,3.55,57,2.89
G,147,Mendy,4.8,4.8,Chelsea,0,0.00,0,0.00,0,0.02,5,0.41,6,0.24,6,0.24,6,0.07,7,0.32,8,0.43
M,148,Gallagher,5.6,5.6,Chelsea,22,1.08,23,1.08,24,1.20,21,2.04,20,0.90,18,0.85,22,0.26,21,1.04,21,1.15
M,149,Gilmour,4.2,4.2,Brighton,16,0.74,24,2.15,0,0.00,23,2.15,24,1.16,25,1.31,25,0.08,21,1.00,20,1.82
F,150,Broja,5.2,5.2,Chelsea,0,0.00,0,0.00,0,0.00,0,0.00,0,0.00,0,0.00,0,0.00,0,0.00,0,0.00
D,151,Ampadu,4.4,4.4,Chelsea,0,0.00,0,0.00,0,0.00,0,0.00,0,0.00,0,0.00,0,0.00,0,0.00,0,0.00
G,152,Guaita,4.4,4.4,Crystal Palace,89,3.52,88,6.39,88,3.13,87,3.66,87,3.33,86,3.54,86,3.94,86,3.40,86,3.65
D,153,Tomkins,3.9,3.9,Crystal Palace,0,0.01,2,0.10,1,0.04,4,0.13,4,0.12,6,0.20,6,0.23,6,0.19,4,0.15
M,154,McArthur,4.8,4.8,Crystal Palace,10,0.41,10,0.76,19,0.69,13,0.58,12,0.50,16,0.64,16,0.66,16,0.65,16,0.68
F,155,Benteke,5.5,5.5,Crystal Palace,0,0.00,0,0.00,0,0.00,0,0.00,0,0.00,0,0.00,0,0.00,0,0.00,0,0.00
D,156,Ward,4.4,4.4,Crystal Palace,24,0.77,27,1.21,27,0.55,31,1.17,27,0.81,29,1.01,32,1.34,32,1.01,33,1.23
D,157,Clyne,4.5,4.5,Crystal Palace,76,2.45,73,3.23,72,1.42,66,2.56,68,2.08,67,2.38,63,2.73,63,2.02,64,2.41
M,158,Milivojevic,4.2,4.2,Crystal Palace,7,0.35,9,0.81,14,0.58,10,0.52,11,0.52,12,0.56,12,0.59,12,0.55,12,0.58
M,159,J.Ayew,5.3,5.3,Crystal Palace,67,2.87,62,4.83,62,2.25,64,3.21,60,2.62,61,2.74,60,2.94,63,2.63,58,2.77
M,160,Zaha,7.2,7.2,Crystal Palace,44,2.15,82,6.57,80,2.96,80,4.47,78,3.61,77,3.80,79,4.25,78,3.48,77,3.98
M,161,Schlupp,4.7,4.7,Crystal Palace,67,2.48,61,4.10,65,2.04,61,2.61,60,2.25,56,2.19,56,2.35,58,2.14,60,2.38
G,162,Butland,4.4,4.4,Man Utd,1,0.05,1,0.06,0,0.00,2,0.17,3,0.13,4,0.17,3,0.03,3,0.10,3,0.21
M,163,Hughes,4.8,4.8,Crystal Palace,17,0.77,18,1.52,27,1.02,21,0.97,20,0.88,23,1.01,24,1.06,24,0.98,24,1.05
M,164,Riedewald,4.3,4.3,Crystal Palace,1,0.06,1,0.10,3,0.13,2,0.07,2,0.09,3,0.12,3,0.12,4,0.15,4,0.14
D,165,Andersen,4.5,4.5,Crystal Palace,85,2.54,83,3.27,82,1.47,81,2.90,78,2.19,78,2.60,75,3.14,76,2.26,75,2.67
F,166,Edouard,5.1,5.1,Crystal Palace,41,2.21,36,3.49,38,1.70,35,2.27,35,1.94,36,2.06,37,2.25,37,1.92,37,2.17
D,167,Guéhi,4.4,4.4,Crystal Palace,86,2.50,82,3.16,78,1.38,77,2.69,77,2.09,73,2.37,74,2.99,71,2.07,73,2.54
F,168,Mateta,5.1,5.1,Crystal Palace,42,2.16,37,3.50,41,1.76,36,2.21,41,2.09,40,2.14,38,2.20,40,1.96,43,2.34
M,169,Eze,5.4,5.4,Crystal Palace,35,1.75,33,3.00,40,1.66,35,1.96,37,1.79,36,1.81,38,2.05,35,1.65,35,1.86
D,170,Mitchell,4.4,4.4,Crystal Palace,78,2.57,72,3.30,71,1.47,68,2.70,68,2.14,66,2.45,68,3.08,65,2.17,64,2.50
M,171,Olise,5.4,5.4,Crystal Palace,74,3.01,68,5.01,68,2.34,64,3.09,65,2.66,64,2.76,63,2.93,62,2.50,64,2.85
M,172,Rak-Sakyi,4.5,4.5,Crystal Palace,0,0.00,0,0.00,0,0.00,0,0.00,0,0.00,0,0.00,0,0.00,0,0.00,0,0.00
M,173,Ebiowei,4.2,4.2,Crystal Palace,0,0.00,0,0.00,0,0.00,0,0.00,0,0.00,0,0.00,0,0.00,0,0.00,0,0.00
D,174,Ferguson,3.9,3.9,Crystal Palace,1,0.05,5,0.29,8,0.20,12,0.45,13,0.39,14,0.48,13,0.52,15,0.49,15,0.55
G,175,Johnstone,4.4,4.4,Crystal Palace,0,0.00,0,0.00,0,0.00,0,0.02,1,0.04,3,0.12,4,0.17,3,0.13,4,0.16
G,176,Begović,3.9,3.9,Everton,2,0.08,3,0.11,2,0.07,3,0.10,3,0.10,4,0.18,4,0.18,3,0.14,4,0.14
F,177,Rondón,4.9,4.9,Everton,0,0.00,0,0.00,0,0.00,0,0.00,0,0.00,0,0.00,0,0.00,0,0.00,0,0.00
D,178,Coleman,4.4,4.4,Everton,69,2.91,58,2.48,46,1.38,46,1.77,46,1.25,45,2.10,46,1.94,45,1.73,46,1.68
M,179,Townsend,5.4,5.4,Everton,0,0.00,0,0.00,0,0.00,1,0.05,3,0.15,7,0.41,9,0.49,10,0.53,10,0.52
D,180,Keane,4.2,4.2,Everton,0,0.00,0,0.01,0,0.00,0,0.02,0,0.01,0,0.01,0,0.02,0,0.01,1,0.03
M,181,Dele,5.3,5.3,Everton,0,0.00,0,0.00,0,0.00,0,0.00,0,0.00,0,0.00,0,0.00,0,0.00,0,0.00
G,182,Pickford,4.4,4.4,Everton,88,3.71,88,3.71,88,3.23,87,3.44,87,3.14,86,3.74,85,3.57,86,3.45,86,3.37
M,183,Allan,4.8,4.8,Everton,0,0.00,0,0.00,0,0.00,0,0.00,0,0.00,0,0.00,0,0.00,0,0.00,0,0.00
M,184,André Gomes,4.5,4.5,Everton,0,0.00,0,0.00,0,0.00,0,0.00,0,0.00,0,0.00,0,0.00,0,0.00,0,0.00
M,185,A.Doucouré,5.3,5.3,Everton,67,2.39,64,2.32,62,1.90,62,2.16,62,1.89,65,2.43,62,2.13,60,2.05,63,2.12
M,186,Iwobi,5.4,5.4,Everton,79,2.99,77,2.97,76,2.42,73,2.72,70,2.27,72,2.92,73,2.65,71,2.59,71,2.60
M,187,Gbamin,4.5,4.5,Everton,0,0.00,0,0.00,0,0.00,0,0.00,0,0.00,0,0.00,0,0.00,0,0.00,0,0.00
D,188,Mina,4.3,4.3,Everton,7,0.28,9,0.34,13,0.38,14,0.51,11,0.31,13,0.57,13,0.51,15,0.58,14,0.50
M,189,Gray,5.3,5.3,Everton,48,2.34,48,2.43,48,1.90,48,2.26,49,1.96,47,2.45,46,2.11,50,2.30,45,2.10
M,190,Davies,4.9,4.9,Everton,9,0.44,9,0.45,10,0.43,11,0.48,10,0.45,12,0.53,14,0.62,14,0.63,14,0.62
F,191,Calvert-Lewin,7.9,7.9,Everton,13,0.79,35,1.99,73,2.84,76,3.69,75,2.99,73,3.98,71,3.31,69,3.33,70,3.39
D,192,Holgate,4.3,4.3,Everton,5,0.20,4,0.16,4,0.12,5,0.17,6,0.15,6,0.25,8,0.27,7,0.23,8,0.25
D,193,Godfrey,4.3,4.3,Everton,25,0.94,28,1.07,30,0.78,31,1.02,31,0.72,31,1.23,35,1.29,32,1.07,31,0.99
D,194,Mykolenko,4.3,4.3,Everton,79,3.16,75,3.04,70,1.85,69,2.42,68,1.63,68,2.99,66,2.59,66,2.36,67,2.27
M,195,Gordon,5.1,5.1,Newcastle,37,1.52,40,2.17,41,2.19,42,4.06,43,2.40,39,2.52,38,2.02,41,2.08,44,2.80
D,196,Branthwaite,4.0,4.0,Everton,0,0.00,0,0.00,0,0.00,0,0.00,0,0.00,0,0.00,0,0.00,0,0.00,0,0.00
D,197,Patterson,3.9,3.9,Everton,11,0.45,27,1.13,42,1.17,40,1.43,40,1.02,41,1.79,40,1.55,42,1.53,39,1.36
D,198,Nkounkou,4.0,4.0,Everton,0,0.00,0,0.00,0,0.00,0,0.00,0,0.00,0,0.00,0,0.00,0,0.00,0,0.00
D,199,Tarkowski,4.4,4.4,Everton,86,3.11,82,2.96,80,1.83,77,2.38,77,1.57,77,3.00,76,2.64,78,2.46,79,2.33
M,200,Cairney,4.7,4.7,Fulham,0,0.00,5,0.23,0,0.00,18,0.94,20,1.02,21,1.01,23,0.63,21,1.00,24,1.88
D,201,Ream,4.6,4.6,Fulham,86,2.32,84,1.95,0,0.00,82,2.72,81,2.82,81,2.67,80,1.45,79,2.19,81,2.84
M,202,Knockaert,4.7,4.7,Fulham,0,0.00,0,0.00,0,0.00,0,0.00,0,0.00,0,0.00,0,0.00,0,0.00,0,0.00
M,203,Chalobah,4.4,4.4,Fulham,0,0.00,0,0.00,0,0.00,0,0.00,0,0.00,0,0.00,0,0.00,0,0.00,0,0.00
M,204,Kebano,5.4,5.4,Fulham,0,0.00,0,0.00,0,0.00,0,0.00,0,0.00,0,0.00,0,0.00,0,0.00,0,0.00
M,205,De Cordova-Reid,5.5,5.5,Fulham,66,2.69,65,2.48,0,0.00,63,2.79,60,2.71,61,2.56,61,1.52,61,2.50,59,3.96
D,206,Bryan,4.4,4.4,Fulham,0,0.00,0,0.00,0,0.00,0,0.00,0,0.00,0,0.00,0,0.00,0,0.00,0,0.00
G,207,Gazzaniga,4.0,4.0,Fulham,0,0.00,0,0.00,0,0.00,0,0.00,0,0.00,0,0.00,0,0.00,0,0.00,0,0.00
D,208,Kongolo,3.9,3.9,Fulham,0,0.00,0,0.00,0,0.00,0,0.00,0,0.00,0,0.00,0,0.00,0,0.00,0,0.00
D,209,Tosin,4.5,4.5,Fulham,12,0.34,17,0.42,0,0.00,20,0.68,21,0.76,21,0.70,23,0.45,21,0.63,22,0.85
F,210,Mitrović,6.8,6.8,Fulham,72,3.49,80,3.46,0,0.00,81,4.28,78,4.15,78,3.74,77,2.32,77,3.69,78,5.90
M,211,Reed,4.4,4.4,Fulham,78,2.38,76,2.22,0,0.00,62,2.13,60,2.10,60,2.00,60,1.12,61,1.97,59,3.19
M,212,Wilson,5.7,5.7,Fulham,36,1.86,37,1.77,0,0.00,36,2.00,37,2.09,36,1.84,37,1.14,35,1.81,36,2.99
G,213,Rodák,4.3,4.3,Fulham,2,0.07,3,0.10,0,0.00,5,0.22,4,0.15,6,0.24,5,0.12,5,0.18,5,0.34
M,214,Cavaleiro,4.8,4.8,Fulham,0,0.00,0,0.00,0,0.00,0,0.00,0,0.00,0,0.00,0,0.00,0,0.00,0,0.00
D,215,Tete,4.4,4.4,Fulham,75,2.37,72,1.94,0,0.00,69,2.72,70,2.86,67,2.53,69,1.49,65,2.08,66,2.78
M,216,Onomah,4.3,4.3,Fulham,0,0.00,0,0.00,0,0.00,0,0.00,0,0.00,0,0.00,0,0.00,0,0.00,0,0.00
D,217,Robinson,4.4,4.4,Fulham,83,2.29,82,1.93,0,0.00,77,2.67,76,2.74,75,2.56,75,1.43,75,2.15,73,2.69
F,218,Muniz,5.4,5.4,Fulham,0,0.00,0,0.00,0,0.00,0,0.00,0,0.00,0,0.00,0,0.00,0,0.00,0,0.00
F,219,Stansfield,4.5,4.5,Fulham,0,0.00,0,0.00,0,0.00,0,0.00,0,0.00,0,0.00,0,0.00,0,0.00,0,0.00
M,220,Palhinha,4.9,4.9,Fulham,0,0.00,0,0.00,0,0.00,82,2.41,80,2.37,79,2.24,78,1.26,78,2.17,77,3.50
D,221,Cooper,4.4,4.4,Leeds,24,0.58,26,0.76,29,0.87,26,1.57,27,1.12,33,0.86,33,0.53,28,1.01,36,1.47
D,222,Ayling,4.5,4.5,Leeds,81,2.04,80,2.41,76,2.44,74,4.79,72,3.25,71,2.05,73,1.26,72,2.85,71,3.23
M,223,Klich,4.6,4.6,Leeds,0,0.00,0,0.00,0,0.00,0,0.00,0,0.00,0,0.00,0,0.00,0,0.00,0,0.00
M,224,Forshaw,4.4,4.4,Leeds,0,0.00,0,0.00,0,0.00,3,0.30,5,0.26,9,0.45,9,0.24,11,0.52,11,0.62
M,225,Rodrigo,6.3,6.3,Leeds,0,0.00,0,0.00,0,0.00,9,1.50,18,1.48,38,2.65,41,1.52,39,3.23,40,3.64
D,226,Dallas,4.9,4.9,Leeds,0,0.00,0,0.00,3,0.11,19,1.46,20,0.97,21,0.71,24,0.47,23,1.04,25,1.31
F,227,Bamford,7.2,7.2,Leeds,69,2.92,65,3.50,63,3.20,59,6.34,56,3.44,50,2.84,51,1.52,51,3.31,49,3.58
D,228,Llorente,4.4,4.4,Leeds,0,0.00,0,0.00,0,0.00,0,0.00,0,0.00,0,0.00,0,0.00,0,0.00,0,0.00
M,229,Roberts,5.0,5.0,Leeds,0,0.00,0,0.00,0,0.00,0,0.00,0,0.00,0,0.00,0,0.00,0,0.00,0,0.00
D,230,Koch,4.5,4.5,Leeds,83,1.84,77,2.09,75,2.19,76,4.43,73,2.93,73,1.84,71,1.10,72,2.52,71,2.83
M,231,James,6.0,6.0,Fulham,22,1.15,22,1.11,0,0.00,21,1.17,23,1.26,21,1.13,23,0.70,24,1.25,23,1.94
M,232,Raphinha,7.0,7.0,Leeds,0,0.00,0,0.00,0,0.00,0,0.00,0,0.00,0,0.00,0,0.00,0,0.00,0,0.00
M,233,Harrison,5.8,5.8,Leeds,61,2.57,54,2.81,50,2.56,47,5.01,46,2.79,48,2.54,46,1.31,44,2.73,48,3.30
M,234,Shackleton,4.5,4.5,Leeds,0,0.00,0,0.00,0,0.00,0,0.00,0,0.00,0,0.00,0,0.00,0,0.00,0,0.00
D,235,Struijk,4.5,4.5,Leeds,50,1.38,61,2.00,60,2.05,55,3.79,52,2.46,50,1.58,55,1.01,52,2.19,50,2.41
G,236,Klaesson,3.9,3.9,Leeds,0,0.01,0,0.00,0,0.01,0,0.04,0,0.02,0,0.01,1,0.02,1,0.05,0,0.02
F,237,Greenwood,4.1,4.1,Leeds,9,0.43,9,0.52,9,0.48,10,1.09,9,0.52,8,0.45,8,0.23,7,0.47,8,0.60
G,238,Meslier,4.5,4.5,Leeds,89,3.24,88,3.35,87,3.34,86,6.85,85,3.76,87,3.21,85,1.75,84,3.47,85,4.25
D,239,Firpo,4.5,4.5,Leeds,32,0.95,28,1.00,28,1.02,21,1.57,25,1.19,23,0.79,18,0.36,21,0.92,22,1.11
M,240,Summerville,4.2,4.2,Leeds,51,2.18,46,2.36,42,2.10,40,4.18,41,2.44,37,1.96,34,0.99,37,2.25,35,2.42
M,241,Bate,4.5,4.5,Leeds,0,0.00,0,0.00,0,0.00,0,0.00,0,0.00,0,0.00,0,0.00,0,0.00,0,0.00
F,242,Gelhardt,5.1,5.1,Leeds,0,0.00,0,0.00,0,0.00,0,0.00,0,0.00,0,0.00,0,0.00,0,0.00,0,0.00
D,243,Hjelde,3.9,3.9,Leeds,0,0.00,0,0.00,0,0.00,0,0.00,0,0.00,0,0.00,0,0.00,0,0.00,0,0.00
D,244,Kristensen,4.8,4.8,Leeds,11,0.34,11,0.38,14,0.52,16,1.13,18,0.81,19,0.63,16,0.32,17,0.74,19,0.92
M,245,Roca,4.8,4.8,Leeds,43,1.61,52,2.05,55,2.10,54,4.27,53,2.33,52,2.04,54,1.12,55,2.39,52,2.61
M,246,Aaronson,5.4,5.4,Leeds,40,1.65,40,1.82,37,1.66,36,3.31,35,1.80,31,1.49,31,0.80,32,1.71,31,1.93
M,247,Gyabi,4.2,4.2,Leeds,0,0.01,1,0.04,1,0.03,1,0.07,0,0.02,0,0.00,0,0.00,0,0.01,0,0.03
G,248,Schmeichel,5.0,5.0,Leicester,0,0.00,0,0.00,0,0.00,0,0.00,0,0.00,0,0.00,0,0.00,0,0.00,0,0.00
D,249,Evans,4.4,4.4,Leicester,1,0.04,12,0.35,43,1.12,57,3.63,59,2.28,54,0.84,53,1.80,56,1.41,56,2.14
D,250,Bertrand,3.9,3.9,Leicester,0,0.01,1,0.05,2,0.07,3,0.20,3,0.12,3,0.09,3,0.10,3,0.11,5,0.20
M,251,Albrighton,4.7,4.7,Leicester,0,0.00,0,0.00,0,0.00,0,0.00,0,0.00,0,0.00,0,0.00,0,0.00,0,0.00
M,252,Mendy,4.3,4.3,Leicester,21,0.89,18,0.76,24,0.96,23,1.87,23,0.98,20,0.76,20,0.85,19,0.79,17,0.72
D,253,Vestergaard,3.9,3.9,Leicester,0,0.01,0,0.01,0,0.01,0,0.01,0,0.01,1,0.02,1,0.04,0,0.02,0,0.00
G,254,Ward,4.0,4.0,Leicester,89,3.64,87,3.27,87,3.23,86,6.92,86,3.68,86,3.02,84,3.47,84,3.11,86,3.71
F,255,Vardy,9.1,9.1,Leicester,30,1.79,32,1.77,32,1.81,35,4.28,33,2.31,36,1.60,36,2.20,37,2.09,37,2.29
D,256,Ricardo,4.3,4.3,Leicester,8,0.31,13,0.44,15,0.51,15,1.17,13,0.62,16,0.38,16,0.68,16,0.54,18,0.84
D,257,Amartey,4.0,4.0,Leicester,15,0.53,15,0.45,15,0.43,18,1.24,16,0.65,16,0.30,20,0.72,19,0.55,19,0.77
D,258,Castagne,4.4,4.4,Leicester,84,3.29,81,2.53,80,2.42,79,6.07,77,3.62,75,1.17,75,3.10,75,2.31,73,3.33
M,259,Tielemans,6.1,6.1,Leicester,0,0.00,0,0.00,0,0.00,0,0.00,0,0.00,10,0.32,26,1.08,38,1.40,52,2.14
M,260,Pérez,4.7,4.7,Leicester,0,0.00,0,0.00,0,0.00,0,0.00,0,0.00,0,0.00,0,0.00,0,0.00,0,0.00
M,261,Maddison,8.1,8.1,Leicester,64,3.50,82,3.78,79,3.78,77,8.25,77,4.86,75,2.74,75,4.16,74,3.62,72,4.17
F,262,Iheanacho,6.2,6.2,Leicester,56,3.31,48,2.72,48,2.82,46,5.88,47,3.48,47,2.14,44,2.94,44,2.61,46,3.08
M,263,Choudhury,4.5,4.5,Leicester,0,0.00,0,0.00,0,0.00,0,0.00,0,0.00,0,0.00,0,0.00,0,0.00,0,0.00
M,264,Barnes,6.7,6.7,Leicester,80,3.78,79,3.23,78,3.27,75,6.97,74,3.98,73,2.47,71,3.44,71,3.08,71,3.54
M,265,Ndidi,4.8,4.8,Leicester,65,1.91,65,1.78,59,1.64,58,3.46,60,1.90,58,1.46,54,1.65,49,1.43,51,1.59
M,266,Dewsbury-Hall,4.9,4.9,Leicester,78,2.90,75,2.63,68,2.47,70,5.45,69,3.03,69,2.09,65,2.64,63,2.36,61,2.57
D,267,Söyüncü,4.2,4.2,Leicester,4,0.16,5,0.15,2,0.07,3,0.21,3,0.13,4,0.11,3,0.12,3,0.11,2,0.11
D,268,Justin,4.2,4.2,Leicester,0,0.00,0,0.00,0,0.00,0,0.00,0,0.00,0,0.00,0,0.00,0,0.00,0,0.00
M,269,Soumaré,4.4,4.4,Leicester,28,1.10,25,0.98,31,1.16,30,2.35,31,1.26,29,1.01,26,1.05,24,0.94,20,0.86
D,270,Thomas,4.0,4.0,Leicester,9,0.36,9,0.32,10,0.35,12,0.93,13,0.60,11,0.28,14,0.60,14,0.48,13,0.57
F,271,Daka,5.6,5.6,Leicester,18,1.23,23,1.40,24,1.53,26,3.51,25,1.88,25,1.24,26,1.76,26,1.59,25,1.72
D,272,W.Fofana,4.3,4.3,Chelsea,73,3.10,73,2.72,70,3.41,71,5.58,69,2.63,64,2.36,62,0.47,61,2.58,56,1.96
D,273,Brunt,3.9,3.9,Leicester,0,0.00,0,0.00,0,0.00,0,0.03,0,0.01,0,0.01,1,0.02,1,0.02,1,0.02
M,274,Milner,4.4,4.4,Liverpool,6,0.32,9,0.43,0,0.00,6,0.54,7,0.34,8,0.39,8,0.43,9,0.40,9,0.67
M,275,Henderson,5.3,5.3,Liverpool,67,2.35,60,2.35,0,0.00,52,3.50,49,1.78,50,1.89,50,2.15,49,1.83,48,2.89
D,276,Matip,5.9,5.9,Liverpool,59,1.87,29,1.26,0,0.00,16,0.83,20,0.65,18,0.67,19,0.93,19,0.70,19,1.16
M,277,Thiago,5.1,5.1,Liverpool,0,0.00,0,0.00,0,0.00,65,3.90,65,2.09,64,2.20,60,2.38,62,2.09,60,3.27
M,278,Chamberlain,4.9,4.9,Liverpool,3,0.23,4,0.34,0,0.00,2,0.36,4,0.30,3,0.25,4,0.33,4,0.31,4,0.49
F,279,Firmino,8.0,8.0,Liverpool,36,2.12,39,2.48,0,0.00,33,3.30,35,1.97,35,2.13,32,2.30,35,1.99,34,3.30
D,280,Van Dijk,6.5,6.5,Liverpool,87,3.00,84,3.79,0,0.00,80,4.08,81,2.69,80,3.06,77,4.11,78,2.99,77,5.05
G,281,Alisson,5.4,5.4,Liverpool,88,3.47,88,3.83,0,0.00,86,6.40,86,3.37,87,3.51,86,4.03,86,3.55,86,5.47
M,282,Fabinho,5.2,5.2,Liverpool,67,1.92,63,1.98,0,0.00,53,2.88,51,1.49,51,1.55,50,1.72,48,1.45,51,2.40
M,283,Salah,12.7,12.6,Liverpool,85,5.40,81,5.96,0,0.00,77,7.91,77,4.61,75,5.09,77,6.47,77,4.85,76,8.48
D,284,Robertson,6.8,6.8,Liverpool,82,3.45,78,4.30,0,0.00,76,4.64,77,3.09,74,3.43,73,4.71,72,3.35,73,5.82
D,285,Alexander-Arnold,7.3,7.3,Liverpool,86,3.65,82,4.55,0,0.00,80,4.89,78,3.18,77,3.63,76,4.95,77,3.59,76,6.19
D,286,Gomez,4.3,4.3,Liverpool,24,0.74,29,1.15,0,0.00,22,1.11,23,0.69,27,0.94,25,1.18,26,0.92,28,1.63
M,287,Keita,4.7,4.7,Liverpool,28,1.32,34,1.73,0,0.00,21,1.92,21,1.02,22,1.11,23,1.34,23,1.15,22,1.82
F,288,Diogo Jota,8.8,8.8,Liverpool,49,2.74,50,3.05,0,0.00,33,3.33,33,1.84,35,2.12,35,2.47,34,1.98,37,3.60
G,289,Kelleher,4.0,4.0,Liverpool,1,0.06,2,0.09,0,0.00,4,0.27,3,0.13,3,0.12,4,0.20,4,0.15,4,0.25
D,290,Konaté,4.8,4.8,Liverpool,10,0.33,41,1.75,0,0.00,68,3.12,65,1.99,64,2.21,67,3.26,65,2.30,64,3.81
M,291,Jones,4.9,4.9,Liverpool,9,0.47,10,0.58,0,0.00,7,0.67,7,0.38,7,0.39,8,0.47,6,0.33,8,0.70
D,292,Tsimikas,4.4,4.4,Liverpool,9,0.40,11,0.56,0,0.00,13,0.95,13,0.52,15,0.69,16,0.88,16,0.72,16,1.17
M,293,Luis Díaz,7.8,7.8,Liverpool,0,0.00,3,0.24,0,0.00,47,4.62,46,2.55,44,2.73,44,3.28,44,2.59,43,4.34
M,294,Elliott,4.9,4.9,Liverpool,29,1.54,28,1.66,0,0.00,17,1.70,17,0.96,18,1.06,20,1.32,19,1.06,20,1.90
D,295,N.Williams,3.9,3.9,Nott'm Forest,83,3.52,79,1.91,74,2.40,36,2.68,35,1.13,36,1.11,36,0.84,35,1.14,36,1.13
M,296,Carvalho,5.1,5.1,Liverpool,1,0.12,3,0.28,0,0.00,1,0.20,3,0.22,2,0.19,2,0.20,3,0.23,2,0.35
F,297,Darwin,8.8,8.7,Liverpool,60,3.48,58,3.72,0,0.00,53,5.16,49,2.76,49,3.02,51,3.68,47,2.74,50,4.99
D,298,Ramsay,3.9,3.9,Liverpool,0,0.00,0,0.00,0,0.00,0,0.00,0,0.00,0,0.00,0,0.00,0,0.00,0,0.00
D,299,Walker,4.8,4.8,Man City,53,2.43,49,2.43,0,0.00,46,1.97,46,2.25,49,2.48,42,0.13,46,1.88,45,3.95
M,300,Gündogan,7.3,7.3,Man City,56,2.59,56,2.62,0,0.00,52,2.45,50,2.40,53,2.80,54,0.18,52,2.28,51,4.56
M,301,De Bruyne,12.2,12.2,Man City,72,4.73,70,4.59,0,0.00,68,4.54,65,4.45,66,5.12,66,0.30,63,3.80,64,8.09
D,302,Stones,5.4,5.4,Man City,29,1.39,56,2.84,0,0.00,59,2.57,56,2.77,59,3.10,60,0.18,59,2.48,59,5.22
M,303,Mahrez,7.8,7.8,Man City,63,5.00,59,4.74,0,0.00,57,4.68,57,4.73,57,5.47,58,0.32,58,4.21,58,8.85
M,304,Sterling,9.7,9.7,Chelsea,39,2.59,41,2.58,39,2.68,36,4.75,37,2.16,34,2.14,37,0.56,41,2.74,40,2.69
M,305,Grealish,6.8,6.8,Man City,57,3.37,59,3.47,0,0.00,58,3.50,55,3.36,54,3.73,57,0.24,57,3.11,57,6.50
D,306,Cancelo,7.1,7.1,Man City,0,0.00,0,0.00,0,0.00,0,0.00,0,0.00,0,0.00,0,0.00,0,0.00,0,0.00
G,307,Ederson,5.4,5.4,Man City,89,3.97,88,4.15,0,0.00,87,3.65,87,4.02,86,4.03,87,0.28,84,3.60,85,7.23
D,308,Aké,5.1,5.0,Man City,59,2.71,54,2.67,0,0.00,50,2.13,46,2.27,49,2.50,47,0.14,48,1.96,47,4.14
D,309,Laporte,5.7,5.7,Man City,42,1.91,54,2.63,0,0.00,51,2.11,50,2.42,51,2.57,49,0.14,48,1.93,51,4.36
G,310,Steffen,4.0,4.0,Man City,0,0.00,0,0.00,0,0.00,0,0.00,0,0.00,0,0.00,0,0.00,0,0.00,0,0.00
M,311,Bernardo,6.8,6.8,Man City,56,2.53,53,2.43,0,0.00,57,2.57,56,2.60,56,2.86,53,0.17,55,2.32,55,4.70
D,312,Dias,5.9,5.9,Man City,72,3.26,60,2.92,0,0.00,61,2.51,60,2.91,57,2.87,56,0.16,56,2.23,58,4.97
D,313,Zinchenko,5.1,5.1,Arsenal,77,5.23,76,4.18,74,4.96,72,4.50,72,2.95,72,3.77,68,4.60,73,2.23,70,3.73
M,314,Foden,8.0,8.0,Man City,45,3.35,45,3.36,0,0.00,46,3.54,48,3.69,47,4.13,47,0.25,49,3.35,46,6.63
M,315,Rodri,5.6,5.6,Man City,83,3.04,81,3.03,0,0.00,76,2.79,76,2.91,75,3.07,76,0.20,75,2.62,75,5.31
M,316,Palmer,4.3,4.3,Man City,6,0.44,10,0.66,0,0.00,15,0.98,16,1.04,16,1.13,16,0.07,16,0.99,18,2.16
M,317,McAtee,4.5,4.5,Man City,0,0.00,0,0.00,0,0.00,0,0.00,0,0.00,0,0.00,0,0.00,0,0.00,0,0.00
F,318,Haaland,12.2,11.8,Man City,79,6.43,75,6.11,0,0.00,70,6.09,70,5.96,68,6.93,69,0.39,68,5.13,69,11.02
F,319,Álvarez,6.0,6.0,Man City,31,2.23,38,2.65,0,0.00,38,2.81,42,3.01,41,3.44,40,0.20,40,2.60,41,5.46
D,320,Mbete,3.9,3.9,Man City,0,0.00,0,0.00,0,0.00,0,0.00,0,0.00,0,0.00,0,0.00,0,0.00,0,0.00
M,321,Lavia,4.5,4.5,Southampton,78,2.49,75,4.60,71,2.27,70,2.15,68,1.96,67,2.38,66,1.85,65,2.40,67,1.98
D,322,Wilson-Esbrand,3.8,3.8,Man City,0,0.00,0,0.00,0,0.00,0,0.00,0,0.00,0,0.00,0,0.00,0,0.00,0,0.00
F,323,Delap,4.4,4.4,Man City,0,0.00,0,0.00,0,0.00,0,0.00,0,0.00,0,0.00,0,0.00,0,0.00,0,0.00
G,324,Ortega,3.8,3.8,Man City,0,0.02,2,0.07,0,0.00,3,0.15,3,0.15,4,0.21,4,0.01,6,0.25,5,0.44
M,325,Phillips,4.8,4.8,Man City,11,0.47,14,0.59,0,0.00,20,0.85,21,0.89,20,0.92,21,0.07,22,0.90,21,1.70
F,326,Ronaldo,10.2,10.2,Man Utd,0,0.00,0,0.00,0,0.00,0,0.00,0,0.00,0,0.00,0,0.00,0,0.00,0,0.00
G,327,De Gea,5.0,5.0,Man Utd,89,3.36,89,4.16,0,0.00,88,7.36,87,4.17,86,3.80,87,1.02,87,3.37,86,6.74
D,328,Jones,3.9,3.9,Man Utd,0,0.00,0,0.00,0,0.00,0,0.00,0,0.00,0,0.00,0,0.00,0,0.01,0,0.00
D,329,Varane,4.8,4.8,Man Utd,32,1.07,31,1.54,0,0.00,33,2.71,31,1.58,33,1.49,33,0.37,33,1.15,35,2.68
D,330,Maguire,4.7,4.7,Man Utd,35,1.03,33,1.60,0,0.00,36,2.76,39,1.92,37,1.61,38,0.40,38,1.20,38,2.69
M,331,Fred,5.1,5.1,Man Utd,36,1.40,35,1.64,0,0.00,35,2.93,35,1.59,34,1.48,37,0.42,34,1.30,35,2.69
D,332,Shaw,5.3,5.2,Man Utd,64,2.10,79,4.30,0,0.00,75,6.30,75,4.10,74,3.55,74,0.85,72,2.49,72,5.83
M,333,Fernandes,9.8,9.8,Man Utd,86,3.92,84,5.14,0,0.00,82,8.37,82,4.78,80,4.36,82,1.11,80,3.66,78,7.58
D,334,Telles,5.0,5.0,Man Utd,0,0.00,0,0.00,0,0.00,0,0.00,0,0.00,0,0.00,0,0.00,0,0.00,0,0.00
M,335,Rashford,7.2,7.2,Man Utd,85,5.00,79,6.41,0,0.00,77,10.40,75,5.77,74,5.26,74,1.32,74,4.47,72,9.25
M,336,Van de Beek,5.1,5.1,Man Utd,0,0.00,0,0.00,0,0.00,0,0.00,0,0.00,0,0.00,0,0.00,0,0.00,0,0.00
D,337,Lindelöf,4.1,4.1,Man Utd,33,0.97,34,1.63,0,0.00,34,2.57,38,1.81,40,1.68,36,0.37,39,1.20,37,2.57
M,338,McTominay,4.9,4.9,Man Utd,16,0.58,18,0.72,0,0.00,21,1.55,24,0.92,22,0.81,23,0.23,23,0.78,23,1.56
D,339,Bailly,4.0,4.0,Man Utd,0,0.00,0,0.00,0,0.00,0,0.00,0,0.00,0,0.00,0,0.00,0,0.00,0,0.00
M,340,Sancho,7.1,7.1,Man Utd,33,2.10,39,3.18,0,0.00,32,4.56,35,2.72,34,2.51,36,0.68,34,2.21,34,4.48
D,341,Wan-Bissaka,4.3,4.3,Man Utd,9,0.27,11,0.51,0,0.00,15,1.16,14,0.66,15,0.62,16,0.18,20,0.68,18,1.40
D,342,Dalot,4.7,4.7,Man Utd,80,2.37,76,3.78,0,0.00,72,5.59,72,3.63,71,3.15,69,0.74,67,2.14,66,4.88
D,343,B.Williams,3.8,3.8,Man Utd,4,0.09,1,0.04,0,0.00,2,0.12,3,0.09,3,0.08,3,0.03,2,0.06,3,0.18
M,344,Elanga,4.7,4.7,Man Utd,2,0.19,2,0.22,0,0.00,2,0.35,2,0.16,2,0.21,2,0.06,3,0.27,2,0.41
F,345,Martial,6.4,6.4,Man Utd,4,0.32,17,1.43,0,0.00,50,6.39,49,3.40,46,3.09,48,0.81,49,2.85,49,5.86
M,346,Andreas,4.4,4.4,Fulham,81,3.27,76,2.86,0,0.00,73,3.32,71,3.26,67,2.85,66,1.69,64,2.70,63,4.24
M,347,Pellistri,4.3,4.3,Man Utd,2,0.20,2,0.18,0,0.00,2,0.36,2,0.18,2,0.20,4,0.09,3,0.25,3,0.45
G,348,Heaton,3.9,3.9,Man Utd,0,0.00,0,0.00,0,0.00,0,0.02,0,0.01,1,0.02,1,0.01,0,0.01,1,0.07
M,349,Shelvey,4.8,4.8,Nott'm Forest,58,1.95,51,1.54,51,1.63,50,3.28,48,1.52,45,1.45,44,1.34,44,1.42,45,1.43
D,350,Ritchie,4.2,4.2,Newcastle,0,0.01,1,0.05,3,0.13,3,0.24,2,0.10,2,0.13,4,0.17,4,0.17,3,0.17
D,351,Fernández,4.4,4.4,Newcastle,0,0.00,0,0.00,0,0.00,0,0.00,0,0.00,0,0.00,0,0.00,0,0.00,0,0.00
D,352,Clark,4.5,4.5,Newcastle,0,0.00,0,0.00,0,0.00,0,0.00,0,0.00,0,0.00,0,0.00,0,0.00,0,0.00
G,353,Darlow,3.9,3.9,Newcastle,0,0.00,0,0.00,0,0.00,0,0.00,0,0.00,0,0.00,0,0.00,0,0.00,0,0.00
F,354,Wood,5.6,5.6,Nott'm Forest,59,3.12,58,2.59,51,2.57,52,5.29,50,2.42,50,2.45,48,2.14,50,2.48,50,2.35
G,355,Dubravka,4.1,4.1,Newcastle,2,0.07,2,0.08,2,0.07,3,0.24,3,0.12,3,0.17,4,0.17,4,0.17,4,0.22
F,356,Wilson,6.9,6.9,Newcastle,49,2.32,47,3.13,48,3.07,50,6.00,47,3.31,48,3.79,47,3.08,46,2.83,44,3.56
D,357,Trippier,6.0,6.0,Newcastle,87,1.75,84,3.94,81,3.65,78,5.85,77,3.32,76,3.84,76,3.13,74,3.36,74,4.28
D,358,Burn,4.5,4.5,Newcastle,84,1.60,82,3.57,77,3.26,75,5.24,76,3.06,75,3.51,76,2.85,76,3.22,74,3.90
M,359,Fraser,5.2,5.2,Newcastle,2,0.15,3,0.27,5,0.38,5,0.71,6,0.46,6,0.54,6,0.45,7,0.45,6,0.51
D,360,Lascelles,4.3,4.3,Newcastle,7,0.17,11,0.45,15,0.56,15,0.98,16,0.63,17,0.74,17,0.59,14,0.54,17,0.79
F,361,Gayle,4.5,4.5,Newcastle,0,0.00,0,0.00,0,0.00,0,0.00,0,0.00,0,0.00,0,0.00,0,0.00,0,0.00
D,362,Dummett,3.9,3.9,Newcastle,1,0.02,2,0.10,1,0.06,2,0.15,2,0.10,2,0.10,3,0.11,3,0.11,3,0.13
D,363,Manquillo,4.2,4.2,Newcastle,3,0.07,4,0.17,7,0.30,7,0.54,8,0.34,7,0.34,6,0.24,8,0.31,7,0.35
D,364,Krafth,4.3,4.3,Newcastle,0,0.00,0,0.00,0,0.00,2,0.10,5,0.17,8,0.32,9,0.30,10,0.36,11,0.47
M,365,Murphy,4.2,4.2,Newcastle,3,0.22,5,0.35,6,0.44,8,0.97,7,0.50,8,0.63,7,0.44,8,0.49,7,0.53
D,366,Schär,5.1,5.1,Newcastle,85,1.69,78,3.60,80,3.52,79,5.69,74,3.14,74,3.63,75,2.96,75,3.32,73,4.05
D,367,Targett,4.7,4.7,Newcastle,10,0.23,15,0.68,18,0.83,19,1.52,20,0.95,22,1.18,19,0.80,19,0.88,22,1.29
M,368,Saint-Maximin,6.1,6.1,Newcastle,54,2.19,51,2.92,54,2.93,52,5.23,53,3.08,50,3.39,52,2.81,51,2.67,51,3.44
M,369,Almirón,5.5,5.5,Newcastle,67,2.67,66,3.73,65,3.51,61,6.18,61,3.56,64,4.24,64,3.43,63,3.29,61,4.11
M,370,S.Longstaff,4.3,4.3,Newcastle,70,1.90,67,2.26,71,2.34,69,4.30,67,2.41,67,2.75,64,2.05,66,2.15,65,2.54
M,371,Joelinton,5.9,5.9,Newcastle,68,2.17,52,2.31,41,1.83,47,3.75,52,2.37,57,2.94,56,2.35,57,2.34,61,3.18
D,372,Lewis,4.4,4.4,Newcastle,1,0.03,2,0.10,3,0.11,3,0.24,4,0.16,4,0.18,4,0.14,4,0.18,4,0.19
M,373,Willock,4.7,4.7,Newcastle,54,2.01,53,2.56,52,2.43,50,4.41,51,2.60,50,2.90,51,2.34,48,2.23,48,2.72
M,374,Bruno Guimarães,5.5,5.5,Newcastle,62,2.09,79,3.60,78,3.46,77,6.22,75,3.55,74,4.01,73,3.20,75,3.19,73,3.99
M,375,Hendrick,4.5,4.5,Newcastle,0,0.00,0,0.00,0,0.00,0,0.00,0,0.00,0,0.00,0,0.00,0,0.00,0,0.00
G,376,Pope,5.4,5.4,Newcastle,88,3.14,88,3.93,88,3.89,87,7.05,87,4.08,86,4.62,86,3.58,86,3.86,86,4.41
D,377,Botman,4.5,4.5,Newcastle,84,1.57,80,3.41,76,3.09,77,5.13,76,2.94,75,3.37,75,2.69,76,3.11,75,3.80
M,378,Arter,4.1,4.1,Nott'm Forest,0,0.00,0,0.00,0,0.00,0,0.00,0,0.00,0,0.00,0,0.00,0,0.00,0,0.00
D,379,Cook,4.3,4.3,Nott'm Forest,15,0.53,19,0.44,17,0.51,10,0.59,8,0.23,6,0.17,4,0.11,6,0.18,6,0.17
F,380,Lyle Taylor,4.1,4.1,Nott'm Forest,0,0.00,0,0.00,0,0.00,0,0.00,0,0.00,0,0.00,0,0.00,0,0.00,0,0.00
M,381,Colback,4.1,4.1,Nott'm Forest,22,0.82,24,0.82,22,0.78,19,1.41,20,0.71,21,0.73,20,0.69,20,0.72,18,0.66
G,382,Samba,4.5,4.5,Nott'm Forest,0,0.00,0,0.00,0,0.00,0,0.00,0,0.00,0,0.00,0,0.00,0,0.00,0,0.00
M,383,Cafú,4.2,4.2,Nott'm Forest,0,0.01,1,0.03,1,0.03,0,0.00,0,0.01,0,0.00,0,0.01,0,0.01,1,0.03
M,384,Lolley,4.9,4.9,Nott'm Forest,0,0.00,0,0.00,0,0.00,0,0.00,0,0.00,0,0.00,0,0.00,0,0.00,0,0.00
D,385,McKenna,4.4,4.4,Nott'm Forest,0,0.00,0,0.00,0,0.00,14,0.79,34,0.86,58,1.39,70,1.26,70,1.80,70,1.75
D,386,Dräger,4.0,4.0,Nott'm Forest,0,0.00,0,0.00,0,0.00,0,0.00,0,0.00,0,0.00,0,0.00,0,0.00,0,0.00
M,387,Yates,5.0,5.0,Nott'm Forest,59,1.90,77,2.08,75,2.19,75,4.44,75,2.13,75,2.10,74,1.95,73,2.08,71,2.01
D,388,Worrall,4.2,4.2,Nott'm Forest,83,2.93,80,1.56,75,2.01,62,3.52,59,1.45,46,1.05,42,0.76,45,1.11,43,1.05
D,389,Panzo,4.0,4.0,Nott'm Forest,0,0.00,0,0.00,0,0.00,0,0.00,0,0.00,0,0.00,0,0.00,0,0.00,0,0.00
M,390,Xande Silva,5.0,5.0,Nott'm Forest,0,0.00,0,0.00,0,0.00,0,0.00,0,0.00,0,0.00,0,0.00,0,0.00,0,0.00
F,391,Surridge,4.7,4.7,Nott'm Forest,4,0.28,5,0.34,5,0.36,3,0.47,4,0.29,4,0.30,5,0.33,5,0.37,5,0.34
D,392,Laryea,4.5,4.5,Nott'm Forest,0,0.00,0,0.00,0,0.00,0,0.00,0,0.00,0,0.00,0,0.00,0,0.00,0,0.00
D,393,Mbe Soh,4.2,4.2,Nott'm Forest,0,0.00,0,0.00,0,0.00,0,0.00,0,0.00,0,0.00,0,0.00,0,0.00,0,0.00
F,394,Johnson,5.7,5.7,Nott'm Forest,81,3.60,79,2.97,77,3.18,74,6.28,72,2.87,73,2.92,71,2.61,69,2.83,69,2.73
M,395,Mighten,4.9,4.9,Nott'm Forest,0,0.00,0,0.00,0,0.00,0,0.00,0,0.00,0,0.00,0,0.00,0,0.00,0,0.00
M,396,Ojeda,4.5,4.5,Nott'm Forest,0,0.00,0,0.00,0,0.00,0,0.00,0,0.00,0,0.00,0,0.00,0,0.00,0,0.00
F,397,Awoniyi,5.6,5.6,Nott'm Forest,0,0.00,2,0.15,10,0.63,23,2.84,25,1.47,22,1.31,25,1.34,23,1.40,25,1.44
G,398,Henderson,4.6,4.6,Nott'm Forest,0,0.00,2,0.06,6,0.24,13,1.03,15,0.57,14,0.51,16,0.56,15,0.56,17,0.64
D,399,Biancone,4.2,4.2,Nott'm Forest,0,0.00,0,0.00,0,0.00,0,0.00,0,0.00,0,0.00,0,0.00,0,0.00,0,0.00
M,400,Walcott,4.8,4.8,Southampton,10,0.53,10,1.06,9,0.53,9,0.49,10,0.51,11,0.59,10,0.47,11,0.61,9,0.47
G,401,McCarthy,4.3,4.3,Southampton,5,0.20,5,0.39,6,0.24,8,0.29,8,0.29,10,0.42,12,0.42,10,0.46,12,0.45
M,402,Romeu,4.8,4.8,Southampton,0,0.00,0,0.00,0,0.00,0,0.00,0,0.00,0,0.00,0,0.00,0,0.00,0,0.00
M,403,Redmond,5.3,5.3,Southampton,0,0.00,0,0.00,0,0.00,0,0.00,0,0.00,0,0.00,0,0.00,0,0.00,0,0.00
D,404,Stephens,4.3,4.3,Bournemouth,76,1.29,68,1.53,61,1.51,59,3.37,59,1.47,56,1.09,61,1.92,0,0.00,54,1.66
M,405,S.Armstrong,4.7,4.7,Southampton,52,2.27,47,3.95,43,1.90,46,1.89,43,1.66,45,2.11,45,1.63,41,2.05,43,1.72
M,406,Elyounoussi,5.2,5.2,Southampton,55,2.37,53,4.33,51,2.17,52,2.06,49,1.82,48,2.20,46,1.64,48,2.34,45,1.74
M,407,Ward-Prowse,6.3,6.3,Southampton,87,4.04,86,6.95,83,3.52,83,3.20,83,2.88,82,3.89,84,2.72,82,4.19,83,3.00
F,408,A.Armstrong,5.4,5.4,Southampton,19,1.09,20,2.28,16,0.91,16,0.87,17,0.88,20,1.21,19,0.93,20,1.25,20,1.02
D,409,Walker-Peters,4.4,4.4,Southampton,55,1.92,66,3.61,71,2.18,69,1.98,65,1.24,68,2.85,67,1.20,64,2.72,64,1.55
D,410,Bednarek,4.2,4.2,Southampton,54,1.83,50,2.68,47,1.40,48,1.35,46,0.91,46,1.89,48,0.93,44,1.81,47,1.10
F,411,Adams,6.1,6.1,Southampton,2,0.13,18,1.91,44,2.12,47,2.09,50,2.03,48,2.52,52,1.97,49,2.75,46,1.93
M,412,Tella,5.0,5.0,Southampton,0,0.00,0,0.00,0,0.00,0,0.00,0,0.00,0,0.00,0,0.00,0,0.00,0,0.00
D,413,Lyanco,4.4,4.4,Southampton,8,0.26,7,0.43,7,0.21,8,0.24,8,0.19,9,0.36,15,0.30,9,0.34,9,0.22
D,414,Valery,4.0,4.0,Southampton,0,0.00,0,0.00,0,0.00,0,0.00,0,0.00,0,0.00,0,0.00,0,0.00,0,0.00
M,415,Smallbone,4.5,4.5,Southampton,0,0.00,0,0.00,0,0.00,0,0.00,0,0.00,0,0.00,0,0.00,0,0.00,0,0.00
M,416,Diallo,4.2,4.2,Southampton,13,0.54,15,1.27,19,0.79,17,0.70,18,0.71,19,0.83,22,0.82,20,0.85,20,0.77
D,417,Perraud,4.1,4.1,Southampton,51,2.30,46,3.37,40,1.62,41,1.55,43,1.19,38,1.99,42,1.10,36,1.94,35,1.17
M,418,Djenepo,5.0,5.0,Southampton,5,0.34,6,0.75,6,0.38,6,0.38,5,0.33,6,0.39,7,0.39,8,0.51,6,0.34
D,419,Livramento,4.4,4.4,Southampton,0,0.00,0,0.00,0,0.02,10,0.34,16,0.42,20,0.94,32,0.73,25,1.15,23,0.70
D,420,Salisu,4.4,4.4,Southampton,40,1.31,41,2.06,43,1.18,41,1.08,44,0.79,40,1.54,42,0.75,44,1.72,40,0.87
G,421,Lis,4.0,4.0,Southampton,0,0.00,0,0.00,0,0.00,0,0.00,0,0.00,0,0.00,0,0.00,0,0.00,0,0.00
G,422,Bazunu,4.5,4.5,Southampton,85,3.36,85,6.32,83,3.12,82,3.04,82,2.85,80,3.43,77,2.68,79,3.38,77,2.74
D,423,Bella-Kotchap,4.5,4.5,Southampton,80,2.74,77,4.13,75,2.23,72,2.05,72,1.37,75,3.05,72,1.34,72,2.97,73,1.71
G,424,Caballero,3.9,3.9,Southampton,0,0.02,0,0.01,0,0.01,0,0.01,0,0.01,1,0.02,1,0.04,0,0.02,1,0.04
G,425,Lloris,5.4,5.4,Spurs,0,0.00,0,0.00,0,0.00,20,0.86,40,1.59,69,3.19,86,3.24,86,3.35,86,3.10
G,426,Forster,3.9,3.9,Spurs,88,3.63,86,3.90,85,3.56,66,2.81,49,1.94,19,0.87,4,0.16,4,0.15,4,0.15
F,427,Kane,11.7,11.7,Spurs,86,4.84,84,5.70,81,4.73,79,4.33,80,4.55,79,5.52,78,3.92,77,4.36,79,3.90
M,428,Son,11.6,11.6,Spurs,59,3.29,56,3.76,54,3.14,56,3.10,56,3.13,56,3.88,55,2.72,56,3.08,56,2.73
D,429,Doherty,4.6,4.6,Spurs,0,0.00,0,0.00,0,0.00,0,0.00,0,0.00,0,0.00,0,0.00,0,0.00,0,0.00
D,430,Dier,5.1,5.1,Spurs,86,3.17,83,3.79,81,3.07,78,3.02,78,2.56,77,3.54,76,2.15,74,2.29,75,1.78
M,431,Lucas Moura,5.8,5.8,Spurs,8,0.50,9,0.63,10,0.60,12,0.71,12,0.72,10,0.73,11,0.61,10,0.62,10,0.58
D,432,Davies,4.8,4.8,Spurs,69,2.60,67,3.12,64,2.45,64,2.50,63,2.11,62,2.88,60,1.72,62,1.92,60,1.43
M,433,Højbjerg,5.5,5.5,Spurs,86,2.71,82,2.92,84,2.70,82,2.59,80,2.50,81,2.91,79,2.31,79,2.41,77,2.21
M,434,Winks,4.4,4.4,Spurs,0,0.00,0,0.00,0,0.00,0,0.00,0,0.00,0,0.00,0,0.00,0,0.00,0,0.00
D,435,Sánchez,4.3,4.3,Spurs,12,0.41,16,0.70,17,0.66,22,0.90,18,0.61,20,0.90,20,0.62,22,0.74,23,0.62
D,436,R.Sessegnon,4.4,4.4,Spurs,0,0.00,0,0.00,0,0.00,6,0.34,17,0.85,30,1.92,36,1.51,38,1.74,37,1.41
M,437,Bergwijn,5.5,5.5,Spurs,0,0.00,0,0.00,0,0.00,0,0.00,0,0.00,0,0.00,0,0.00,0,0.00,0,0.00
D,438,Reguilón,4.2,4.2,Spurs,0,0.00,0,0.00,0,0.00,0,0.00,0,0.00,0,0.00,0,0.00,0,0.00,0,0.00
D,439,Tanganga,3.9,3.9,Spurs,5,0.22,7,0.31,8,0.33,10,0.40,11,0.39,9,0.40,9,0.30,9,0.33,10,0.30
M,440,Bentancur,5.4,5.4,Spurs,0,0.00,0,0.00,0,0.00,0,0.00,0,0.00,0,0.00,0,0.00,0,0.00,0,0.00
M,441,Skipp,4.3,4.3,Spurs,73,2.24,70,2.39,67,2.12,66,2.05,64,1.96,50,1.78,44,1.36,38,1.25,39,1.21
D,442,Rodon,4.0,4.0,Spurs,0,0.00,0,0.00,0,0.00,0,0.00,0,0.00,0,0.00,0,0.00,0,0.00,0,0.00
D,443,Romero,4.9,4.9,Spurs,85,3.02,81,3.64,80,2.96,80,2.95,76,2.42,76,3.44,76,2.02,72,2.15,75,1.67
M,444,Bissouma,4.7,4.7,Spurs,0,0.00,0,0.00,0,0.00,0,0.00,7,0.26,30,1.08,45,1.36,55,1.68,54,1.57
D,445,Emerson Royal,4.9,4.9,Spurs,47,2.02,60,3.15,62,2.74,60,2.64,58,2.21,57,3.02,60,1.99,57,2.08,56,1.58
M,446,Kulusevski,7.9,7.9,Spurs,63,3.19,61,3.66,61,3.17,58,2.91,59,3.01,58,3.56,59,2.65,59,2.92,56,2.51
F,447,Scarlett,4.5,4.5,Spurs,0,0.00,0,0.00,0,0.00,0,0.00,0,0.00,0,0.00,0,0.00,0,0.00,0,0.00
D,448,Perišić,5.5,5.5,Spurs,67,3.87,66,4.70,67,3.94,63,3.69,58,3.10,49,3.62,49,2.24,48,2.46,47,1.93
M,449,White,4.4,4.4,Spurs,0,0.00,0,0.00,0,0.00,0,0.00,0,0.00,0,0.00,0,0.00,0,0.00,0,0.00
M,450,Sarr,4.2,4.2,Spurs,22,0.92,26,1.18,28,1.14,29,1.14,25,1.01,19,0.90,12,0.49,10,0.42,10,0.42
G,451,Austin,3.9,3.9,Spurs,0,0.01,0,0.00,0,0.02,0,0.00,0,0.00,0,0.01,0,0.00,0,0.00,0,0.01
M,452,Devine,4.3,4.3,Spurs,0,0.02,1,0.07,2,0.10,3,0.13,2,0.10,2,0.11,1,0.06,2,0.07,1,0.05
F,453,Parrott,4.5,4.5,Spurs,0,0.00,0,0.00,0,0.00,0,0.00,0,0.00,0,0.00,0,0.00,0,0.00,0,0.00
F,454,Richarlison,8.4,8.4,Spurs,46,2.43,50,3.04,49,2.66,48,2.44,48,2.54,49,3.07,49,2.32,48,2.48,49,2.31
G,455,Fabianski,5.0,5.0,West Ham,69,2.58,88,3.74,0,0.00,85,7.32,86,3.47,86,3.23,85,3.60,85,3.22,85,5.11
D,456,Ogbonna,4.4,4.4,West Ham,66,1.68,46,1.78,0,0.00,42,3.27,43,1.42,44,1.21,44,1.64,44,1.30,42,1.97
D,457,Cresswell,4.7,4.7,West Ham,44,1.27,45,1.93,0,0.00,41,3.59,41,1.55,43,1.32,41,1.70,42,1.40,43,2.15
F,458,Antonio,7.0,7.0,West Ham,21,1.25,24,1.73,0,0.00,27,3.60,26,1.63,26,1.48,27,1.80,26,1.67,27,2.30
D,459,Dawson,4.8,4.8,Wolves,86,2.58,83,2.22,83,3.18,81,3.00,78,2.47,80,3.02,78,2.45,78,3.46,75,1.80
M,460,Lanzini,5.1,5.1,West Ham,5,0.30,6,0.39,0,0.00,8,0.96,9,0.51,8,0.42,9,0.56,9,0.54,10,0.79
D,461,Zouma,4.4,4.4,West Ham,30,0.85,73,2.94,0,0.00,76,6.13,76,2.62,76,2.14,73,2.86,74,2.27,75,3.50
D,462,Masuaku,4.5,4.5,West Ham,0,0.00,0,0.00,0,0.00,0,0.00,0,0.00,0,0.00,0,0.00,0,0.00,0,0.00
D,463,Coufal,4.1,4.1,West Ham,54,1.57,69,2.96,0,0.00,65,5.62,67,2.46,66,2.01,64,2.67,65,2.17,64,3.18
M,464,Benrahma,5.5,5.5,West Ham,55,2.81,49,3.25,0,0.00,51,6.55,49,2.94,50,2.60,49,3.11,44,2.66,47,3.80
M,465,Bowen,8.0,8.0,West Ham,80,3.24,77,4.06,0,0.00,74,7.63,73,3.44,73,3.05,72,3.63,71,3.33,71,4.61
M,466,Vlasic,5.0,5.0,West Ham,0,0.00,0,0.00,0,0.00,0,0.00,0,0.00,0,0.00,0,0.00,0,0.00,0,0.00
M,467,Rice,4.7,4.7,West Ham,86,2.40,81,2.64,0,0.00,79,5.14,77,2.37,77,2.20,77,2.46,77,2.32,75,3.29
M,468,Soucek,5.1,5.1,West Ham,54,1.79,60,2.33,0,0.00,60,4.63,59,2.09,60,1.98,59,2.20,60,2.11,60,3.02
M,469,Fornals,4.9,4.9,West Ham,19,0.93,22,1.23,0,0.00,23,2.43,25,1.25,25,1.16,24,1.24,26,1.29,26,1.84
D,470,Diop,4.3,4.3,Fulham,82,2.21,78,1.81,0,0.00,78,2.59,76,2.65,77,2.53,73,1.35,74,2.05,75,2.65
D,471,Johnson,4.4,4.4,West Ham,39,1.19,26,1.13,0,0.00,29,2.55,29,1.11,29,0.95,32,1.37,29,1.03,31,1.67
D,472,Aguerd,4.8,4.8,West Ham,85,2.07,78,2.93,0,0.00,77,5.82,76,2.46,74,1.98,74,2.73,74,2.12,72,3.25
G,473,Areola,4.3,4.3,West Ham,21,0.77,2,0.09,0,0.00,4,0.37,4,0.16,4,0.14,4,0.18,5,0.20,5,0.33
D,474,Boly,4.2,4.2,Nott'm Forest,0,0.00,0,0.00,0,0.00,0,0.00,0,0.00,0,0.00,0,0.00,0,0.00,0,0.00
D,475,Coady,4.9,4.9,Everton,77,2.87,75,2.81,72,1.75,75,2.40,74,1.59,72,2.88,73,2.63,72,2.38,71,2.19
F,476,Jiménez,6.7,6.7,Wolves,43,2.34,32,1.67,33,2.10,33,1.97,34,1.82,32,2.01,31,1.80,33,2.06,29,1.51
D,477,Jonny,4.3,4.3,Wolves,25,0.92,22,0.73,23,0.98,21,0.88,23,0.87,22,0.95,23,0.84,24,1.15,24,0.73
G,478,Sá,5.0,5.0,Wolves,89,3.43,88,3.30,86,3.63,86,3.65,85,3.36,86,3.65,86,3.40,87,3.99,86,3.19
M,479,Dendoncker,4.7,4.7,Aston Villa,19,0.74,21,0.77,21,0.86,23,1.65,24,0.95,23,0.85,24,0.85,24,0.93,26,0.86
M,480,Neves,5.5,5.5,Wolves,86,2.86,80,2.53,80,3.02,69,2.51,63,2.12,65,2.45,63,2.21,61,2.37,67,2.09
M,481,Hwang,5.7,5.7,Wolves,2,0.14,8,0.47,18,1.16,21,1.30,25,1.39,25,1.57,26,1.51,26,1.65,25,1.29
D,482,Semedo,5.0,5.0,Wolves,81,2.74,79,2.37,78,3.33,74,3.06,73,2.58,74,3.13,73,2.58,69,3.42,70,1.91
M,483,Podence,5.3,5.3,Wolves,40,2.13,38,1.86,33,2.02,35,2.00,33,1.75,31,1.88,34,1.89,38,2.29,37,1.77
D,484,Kilman,4.4,4.4,Wolves,79,2.38,75,2.01,74,2.80,70,2.55,72,2.26,71,2.65,72,2.24,68,2.99,69,1.64
M,485,Cundle,4.4,4.4,Wolves,0,0.00,0,0.00,0,0.00,0,0.00,0,0.00,0,0.00,0,0.00,0,0.00,0,0.00
M,486,Neto,4.9,4.9,Wolves,22,1.34,38,1.91,47,2.83,48,2.68,46,2.37,47,2.78,46,2.53,47,2.86,46,2.15
D,487,Aït-Nouri,4.2,4.2,Wolves,59,2.16,46,1.54,40,1.83,34,1.54,33,1.27,35,1.59,34,1.35,34,1.76,36,1.14
F,488,Fabio Silva,5.5,5.5,Wolves,0,0.00,0,0.00,0,0.00,0,0.00,0,0.00,0,0.00,0,0.00,0,0.00,0,0.00
D,489,Toti,3.9,3.9,Wolves,1,0.06,3,0.10,4,0.18,4,0.18,4,0.16,5,0.21,6,0.20,7,0.28,5,0.15
M,490,Chiquinho,5.0,5.0,Wolves,0,0.00,0,0.00,0,0.00,0,0.00,0,0.00,0,0.00,0,0.00,0,0.00,0,0.00
M,491,Adama,5.4,5.4,Wolves,40,2.17,35,1.78,32,2.00,32,1.85,36,1.90,32,1.95,33,1.87,34,2.10,34,1.67
G,492,Šarkić,3.9,3.9,Wolves,0,0.00,0,0.00,0,0.00,0,0.00,0,0.00,0,0.00,0,0.00,0,0.00,0,0.00
M,493,Gibbs-White,5.5,5.5,Nott'm Forest,80,3.78,75,2.92,75,3.21,76,6.63,73,3.03,72,2.99,72,2.70,72,3.03,71,2.89
D,494,Mosquera,3.9,3.9,Wolves,0,0.00,0,0.00,0,0.00,0,0.00,0,0.00,0,0.00,0,0.00,0,0.00,0,0.00
G,495,Matthews,4.0,4.0,Crystal Palace,0,0.00,0,0.00,0,0.00,0,0.00,0,0.00,0,0.00,0,0.00,0,0.00,0,0.00
F,496,Plange,4.5,4.5,Crystal Palace,0,0.00,0,0.00,0,0.00,0,0.00,0,0.00,0,0.00,0,0.00,0,0.00,0,0.00
G,497,Adrián,3.9,3.9,Liverpool,0,0.01,0,0.00,0,0.00,0,0.01,0,0.01,0,0.00,0,0.00,0,0.00,0,0.01
D,498,R.Williams,4.0,4.0,Liverpool,0,0.00,0,0.00,0,0.00,0,0.00,0,0.00,0,0.00,0,0.00,0,0.00,0,0.00
D,499,Davies,4.0,4.0,Liverpool,0,0.00,0,0.00,0,0.00,0,0.00,0,0.00,0,0.00,0,0.00,0,0.00,0,0.00
D,500,Van den Berg,4.0,4.0,Liverpool,0,0.00,0,0.00,0,0.00,0,0.00,0,0.00,0,0.00,0,0.00,0,0.00,0,0.00
D,501,Phillips,3.9,3.9,Liverpool,1,0.03,1,0.04,0,0.00,0,0.02,1,0.02,0,0.01,0,0.02,0,0.01,1,0.05
G,502,Carson,3.8,3.8,Man City,0,0.02,0,0.00,0,0.00,0,0.00,0,0.00,0,0.00,0,0.00,0,0.00,0,0.03
M,503,Moutinho,4.7,4.7,Wolves,45,1.74,45,1.66,41,1.73,44,1.75,43,1.63,43,1.75,45,1.71,43,1.82,41,1.50
D,504,Malacia,4.2,4.2,Man Utd,26,0.95,18,0.95,0,0.00,20,1.78,19,1.02,21,1.02,21,0.25,21,0.80,22,1.80
M,505,Rothwell,4.9,4.9,Bournemouth,21,0.76,15,0.62,10,0.41,9,0.74,9,0.37,9,0.36,10,0.42,10,0.42,10,0.44
M,506,Adams,4.9,4.9,Leeds,84,2.11,83,2.24,80,2.16,78,4.32,77,2.32,76,2.06,74,1.09,76,2.24,76,2.69
D,507,Niakhaté,4.3,4.3,Nott'm Forest,0,0.00,3,0.07,14,0.48,33,2.28,27,0.85,21,0.61,20,0.44,18,0.55,19,0.56
M,508,Sinisterra,6.5,6.5,Leeds,9,0.50,35,2.06,57,3.13,61,6.96,58,3.84,59,3.38,58,1.77,59,3.98,55,4.21
M,509,Downes,4.2,4.2,West Ham,8,0.37,11,0.50,0,0.00,13,1.21,13,0.57,15,0.61,14,0.62,16,0.68,17,1.08
D,510,Hickey,4.9,4.9,Brentford,61,2.76,59,4.84,58,2.60,59,3.24,58,2.23,54,2.02,54,2.41,58,1.67,56,2.81
D,511,Richards,4.4,4.4,Nott'm Forest,0,0.00,0,0.01,3,0.10,5,0.35,5,0.16,6,0.18,6,0.18,6,0.20,4,0.15
M,512,Aribo,5.1,5.1,Southampton,1,0.08,2,0.23,2,0.14,2,0.14,3,0.16,3,0.20,3,0.16,3,0.23,3,0.19
D,513,Lenglet,4.8,4.8,Spurs,31,1.27,33,1.67,37,1.54,33,1.40,37,1.36,38,1.91,36,1.16,38,1.31,37,1.01
M,514,C.Doucouré,5.0,5.0,Crystal Palace,84,2.38,79,4.15,76,1.94,70,2.25,70,2.03,68,2.08,66,2.15,62,1.82,64,2.00
M,515,Lewis-Potter,5.2,5.2,Brentford,7,0.46,9,0.96,11,0.66,12,1.20,15,0.81,16,0.81,17,0.98,15,0.72,17,1.05
D,516,Collins,4.4,4.4,Wolves,31,0.99,34,0.98,33,1.29,37,1.39,40,1.31,39,1.49,39,1.28,44,1.94,45,1.11
G,517,Strakosha,4.3,4.3,Brentford,1,0.05,3,0.24,2,0.08,4,0.29,4,0.16,4,0.14,4,0.16,5,0.17,5,0.22
G,518,Hennessey,3.9,3.9,Nott'm Forest,1,0.06,1,0.05,1,0.05,0,0.02,0,0.01,1,0.02,1,0.03,0,0.01,0,0.02
M,519,Eriksen,6.3,6.3,Man Utd,0,0.00,0,0.00,0,0.00,0,0.00,0,0.00,0,0.00,0,0.00,3,0.17,14,1.44
D,520,Koulibaly,5.5,5.5,Chelsea,44,2.10,45,1.84,43,2.23,39,3.33,43,1.77,42,1.67,39,0.34,32,1.53,30,1.26
M,521,Francois,4.4,4.4,Fulham,0,0.00,0,0.00,0,0.00,0,0.00,0,0.00,0,0.00,0,0.00,0,0.00,0,0.00
D,522,Spence,4.1,4.1,Spurs,0,0.00,0,0.00,0,0.00,0,0.00,0,0.00,0,0.00,0,0.00,0,0.00,0,0.00
D,523,Toffolo,4.3,4.3,Nott'm Forest,19,0.85,18,0.51,18,0.64,11,0.76,10,0.32,11,0.32,9,0.21,14,0.45,12,0.39
M,524,O'Brien,4.8,4.8,Nott'm Forest,3,0.10,1,0.06,2,0.07,2,0.15,2,0.07,2,0.08,3,0.10,3,0.10,4,0.16
D,525,Augustinsson,4.3,4.3,Aston Villa,0,0.00,0,0.00,0,0.00,0,0.00,0,0.00,0,0.00,0,0.00,0,0.00,0,0.00
D,526,Mee,5.0,5.0,Brentford,87,3.52,84,6.14,81,3.24,83,3.77,81,2.73,81,2.61,82,3.20,81,1.96,81,3.65
M,527,Lingard,5.4,5.4,Nott'm Forest,24,1.38,26,1.25,24,1.25,22,2.41,23,1.20,23,1.21,24,1.15,22,1.14,22,1.14
F,528,Mara,5.3,5.3,Southampton,23,1.32,19,2.13,14,0.83,13,0.74,12,0.65,13,0.84,14,0.69,14,0.93,15,0.81
F,529,Scamacca,6.6,6.6,West Ham,15,0.87,24,1.59,0,0.00,37,4.50,38,2.14,39,1.94,39,2.30,38,2.12,38,2.91
D,530,Richards,4.4,4.4,Crystal Palace,9,0.31,15,0.69,18,0.38,19,0.71,22,0.66,23,0.81,25,1.08,28,0.90,27,1.03
D,531,Vinagre,4.3,4.3,Everton,9,0.37,11,0.45,11,0.35,14,0.54,14,0.41,14,0.63,14,0.56,14,0.54,13,0.50
D,532,Mbabu,4.3,4.3,Fulham,0,0.00,0,0.00,0,0.00,0,0.00,0,0.00,0,0.00,0,0.00,0,0.00,0,0.00
D,533,Martínez,4.5,4.5,Man Utd,77,2.29,77,3.82,0,0.00,71,5.52,69,3.52,67,2.96,69,0.73,66,2.10,68,5.02
M,534,McNeil,5.1,5.1,Everton,72,3.29,69,3.28,67,2.52,69,3.03,68,2.58,67,3.33,65,2.83,66,2.89,66,2.87
M,535,Tavernier,4.7,4.7,Bournemouth,7,0.28,31,1.29,52,2.06,62,5.29,58,2.35,61,2.25,58,2.49,59,2.44,58,2.62
M,536,Mangala,4.9,4.9,Nott'm Forest,15,0.66,14,0.59,14,0.59,12,1.09,15,0.64,15,0.64,15,0.64,14,0.62,16,0.70
D,537,Kesler Hayden,4.0,4.0,Aston Villa,0,0.00,0,0.00,0,0.00,0,0.00,0,0.00,0,0.00,0,0.00,0,0.00,0,0.00
D,538,Young,4.4,4.4,Aston Villa,21,1.03,26,0.98,27,1.38,27,1.84,27,1.35,27,1.09,28,1.04,29,1.36,30,0.87
D,539,Hill,4.4,4.4,Bournemouth,0,0.00,0,0.00,0,0.00,0,0.00,0,0.00,0,0.00,0,0.00,0,0.00,0,0.00
D,540,Stevens,4.0,4.0,Brentford,0,0.00,0,0.00,0,0.00,0,0.00,0,0.00,0,0.00,0,0.00,0,0.00,0,0.00
F,541,Dervişoğlu,4.5,4.5,Brentford,0,0.00,0,0.00,0,0.00,0,0.00,0,0.00,0,0.00,0,0.00,0,0.00,0,0.00
G,542,Scherpen,4.0,4.0,Brighton,0,0.00,0,0.00,0,0.00,0,0.00,0,0.00,0,0.00,0,0.00,0,0.00,0,0.00
D,543,Clarke,4.0,4.0,Brighton,0,0.00,0,0.00,0,0.00,0,0.00,0,0.00,0,0.00,0,0.00,0,0.00,0,0.00
D,544,Van Hecke,4.0,4.0,Brighton,9,0.38,7,0.54,0,0.00,6,0.54,7,0.28,19,0.75,7,0.02,9,0.39,8,0.56
D,545,Emerson,4.0,4.0,West Ham,41,1.40,39,1.93,0,0.00,39,3.79,39,1.69,39,1.40,40,1.93,40,1.56,38,2.21
M,546,Harris,4.4,4.4,Fulham,0,0.01,1,0.03,0,0.00,0,0.00,0,0.01,0,0.00,0,0.01,0,0.01,0,0.02
D,547,Drameh,4.0,4.0,Leeds,0,0.00,0,0.00,0,0.00,0,0.00,0,0.00,0,0.00,0,0.00,0,0.00,0,0.00
G,548,Iversen,3.8,3.8,Leicester,1,0.04,2,0.09,3,0.10,4,0.29,4,0.17,4,0.13,5,0.20,5,0.20,3,0.15
M,549,Praet,4.8,4.8,Leicester,26,1.20,23,1.08,27,1.20,29,2.69,31,1.54,32,1.20,28,1.33,28,1.26,26,1.26
M,550,Amad,4.4,4.4,Man Utd,0,0.00,0,0.00,0,0.00,0,0.00,0,0.00,0,0.00,0,0.00,0,0.00,0,0.00
M,551,Iqbal,4.2,4.2,Man Utd,0,0.00,0,0.00,0,0.00,0,0.02,0,0.01,0,0.01,0,0.00,0,0.01,0,0.04
M,552,Anderson,4.4,4.4,Newcastle,11,0.47,17,0.81,19,0.88,17,1.52,18,0.93,17,1.02,18,0.83,18,0.82,17,0.96
M,553,Hammond,4.3,4.3,Nott'm Forest,0,0.00,0,0.00,0,0.00,0,0.00,0,0.00,0,0.00,0,0.00,0,0.00,0,0.00
M,554,Bryan,5.0,5.0,Spurs,0,0.00,0,0.00,0,0.00,0,0.00,0,0.00,0,0.00,0,0.00,0,0.00,0,0.00
D,555,Ashby,3.8,3.8,Newcastle,0,0.00,2,0.06,1,0.03,1,0.09,1,0.05,0,0.02,1,0.02,0,0.02,0,0.01
M,556,Coventry,4.4,4.4,West Ham,0,0.00,0,0.00,0,0.00,0,0.00,0,0.00,0,0.00,0,0.00,0,0.00,0,0.00
G,557,Smith,3.9,3.9,Wolves,0,0.00,0,0.00,0,0.00,0,0.00,0,0.00,0,0.00,0,0.00,0,0.00,0,0.00
D,558,Bueno,3.9,3.9,Wolves,5,0.19,26,0.93,33,1.55,44,2.00,43,1.70,41,1.91,43,1.69,42,2.19,42,1.35
D,559,Colwill,4.4,4.4,Brighton,13,0.57,36,3.07,0,0.00,50,4.20,52,1.79,12,0.47,50,0.10,49,2.09,49,3.61
M,560,Mills,4.4,4.4,Everton,1,0.05,1,0.06,1,0.03,1,0.07,1,0.06,1,0.04,1,0.06,1,0.04,1,0.06
M,561,Warrington,4.4,4.4,Everton,0,0.00,0,0.00,0,0.00,0,0.00,0,0.00,0,0.00,0,0.00,0,0.00,0,0.00
M,562,Solomon,4.9,4.9,Fulham,19,0.99,24,1.11,0,0.00,11,0.61,14,0.78,14,0.74,14,0.42,15,0.77,16,1.39
D,563,Chambers,4.0,4.0,Liverpool,0,0.00,0,0.00,0,0.00,0,0.00,0,0.00,0,0.00,0,0.00,0,0.00,0,0.00
M,564,Bajcetic,4.4,4.4,Liverpool,42,1.58,40,1.62,0,0.00,29,2.18,30,1.18,30,1.22,30,1.36,32,1.26,30,1.92
M,565,Gray,4.5,4.5,Leeds,0,0.00,0,0.01,0,0.02,0,0.02,0,0.01,0,0.00,0,0.00,0,0.01,0,0.01
M,566,Hodge,4.4,4.4,Wolves,1,0.04,1,0.06,1,0.05,1,0.04,3,0.11,3,0.11,2,0.09,2,0.09,1,0.06
M,567,Ronan,4.4,4.4,Wolves,0,0.00,0,0.00,0,0.00,0,0.00,0,0.00,0,0.00,0,0.00,0,0.00,0,0.00
M,568,Campbell,4.4,4.4,Wolves,0,0.00,0,0.00,0,0.00,0,0.00,0,0.00,0,0.00,0,0.00,0,0.00,0,0.00
M,569,Garnacho,4.2,4.2,Man Utd,28,1.67,26,2.01,0,0.00,21,2.86,22,1.64,24,1.65,24,0.42,24,1.45,23,2.87
M,570,Garner,4.5,4.5,Everton,6,0.19,11,0.40,13,0.42,12,0.44,14,0.45,15,0.57,15,0.53,17,0.59,17,0.61
G,571,Randolph,4.0,4.0,Bournemouth,1,0.03,1,0.05,2,0.06,3,0.20,2,0.09,4,0.13,2,0.08,2,0.07,3,0.12
M,572,Oko-Flex,4.4,4.4,West Ham,0,0.00,0,0.00,0,0.00,0,0.00,0,0.00,0,0.00,0,0.00,0,0.00,0,0.00
D,573,Lewis,3.9,3.9,Man City,40,2.11,34,1.89,0,0.00,36,1.79,40,2.21,39,2.26,40,0.14,38,1.80,38,3.84
G,574,Neto,4.5,4.5,Bournemouth,88,3.12,87,3.17,87,3.24,86,6.73,86,3.22,84,2.99,85,3.39,86,3.34,86,3.38
M,575,Cornet,5.9,5.9,West Ham,9,0.49,13,0.80,0,0.00,16,1.90,16,0.93,16,0.86,15,0.92,18,1.02,16,1.31
D,576,Senesi,4.4,4.4,Bournemouth,74,1.31,68,1.73,58,1.62,58,3.74,55,1.56,53,1.20,53,1.85,66,2.16,57,2.00
M,577,Onana,4.8,4.8,Everton,81,2.71,78,2.66,77,2.19,76,2.46,74,2.11,70,2.50,69,2.26,65,2.13,67,2.17
G,578,Robles,4.0,4.0,Leeds,1,0.04,2,0.06,3,0.11,3,0.26,4,0.18,3,0.10,4,0.08,4,0.18,5,0.24
M,579,Guedes,5.8,5.8,Wolves,0,0.00,0,0.00,0,0.00,0,0.00,0,0.00,0,0.00,0,0.00,0,0.00,0,0.00
M,580,Damsgaard,5.0,5.0,Brentford,9,0.65,11,1.33,13,0.85,17,1.82,20,1.20,22,1.20,24,1.48,25,1.21,25,1.60
G,581,Smithies,3.9,3.9,Leicester,0,0.00,0,0.01,0,0.01,0,0.02,1,0.03,1,0.03,1,0.03,0,0.01,1,0.03
M,582,Freuler,4.9,4.9,Nott'm Forest,81,2.47,78,2.08,79,2.22,77,4.41,74,2.06,74,2.04,73,1.90,75,2.08,72,2.00
M,583,Kouyaté,4.4,4.4,Nott'm Forest,0,0.00,0,0.00,1,0.06,9,0.81,9,0.38,10,0.41,9,0.36,12,0.51,13,0.52
M,584,Clark,4.5,4.5,Liverpool,0,0.00,0,0.00,0,0.00,0,0.00,0,0.00,0,0.00,0,0.00,0,0.00,0,0.00
F,585,Dennis,5.6,5.6,Nott'm Forest,10,0.58,10,0.52,11,0.64,8,0.93,7,0.41,9,0.50,10,0.51,9,0.51,10,0.57
D,586,Estupiñán,4.7,4.7,Brighton,57,2.93,75,7.47,0,0.00,73,7.35,72,2.98,74,3.29,72,0.17,71,3.64,72,6.32
D,587,Sergio Gómez,4.5,4.5,Man City,4,0.17,3,0.13,0,0.00,4,0.20,6,0.29,5,0.25,6,0.02,7,0.29,7,0.63
D,588,Kehrer,4.4,4.4,West Ham,48,1.28,31,1.24,0,0.00,36,2.87,37,1.30,38,1.12,39,1.52,38,1.19,40,1.92
M,589,Matheus,4.8,4.8,Wolves,51,2.12,50,1.96,47,2.16,49,2.13,48,1.95,52,2.30,47,1.97,50,2.31,48,1.83
G,590,Whitworth,4.0,4.0,Crystal Palace,0,0.02,0,0.03,1,0.02,2,0.07,1,0.06,0,0.02,0,0.00,0,0.00,0,0.00
F,591,Ablade,4.5,4.5,Fulham,1,0.06,2,0.14,0,0.00,1,0.07,1,0.09,1,0.08,2,0.08,2,0.13,1,0.17
G,592,H.Davies,4.0,4.0,Liverpool,0,0.00,0,0.00,0,0.00,0,0.01,0,0.00,0,0.00,0,0.00,0,0.00,0,0.00
M,593,Casemiro,4.9,4.9,Man Utd,80,2.34,77,2.81,0,0.00,72,4.67,72,2.58,73,2.48,70,0.62,72,2.15,70,4.20
F,594,Isak,6.6,6.6,Newcastle,57,2.53,55,3.33,55,3.24,55,6.01,54,3.43,53,3.88,55,3.28,54,3.01,54,3.88
D,595,Zanka,4.0,4.0,Brentford,8,0.28,8,0.50,11,0.39,12,0.55,14,0.46,15,0.48,17,0.62,14,0.35,14,0.57
F,596,Ferguson,4.6,4.6,Brighton,16,1.19,18,2.65,0,0.00,21,3.16,22,1.60,23,1.77,22,0.11,20,1.48,21,2.96
F,597,Saydee,4.5,4.5,Bournemouth,0,0.00,0,0.00,0,0.00,0,0.00,0,0.00,0,0.00,0,0.00,0,0.00,0,0.00
D,598,Bevan,4.0,4.0,Bournemouth,0,0.00,0,0.00,0,0.00,0,0.00,0,0.00,0,0.00,0,0.00,0,0.00,0,0.00
M,599,Gomes,4.5,4.5,Man City,0,0.00,0,0.00,0,0.00,0,0.00,0,0.00,0,0.00,0,0.00,0,0.00,0,0.00
M,600,Knight,4.5,4.5,Man City,0,0.00,0,0.00,0,0.00,0,0.02,1,0.03,0,0.03,1,0.00,1,0.04,1,0.06
M,601,Rodney,4.5,4.5,Crystal Palace,0,0.01,0,0.04,0,0.02,1,0.03,0,0.01,0,0.02,0,0.02,1,0.04,1,0.05
D,602,Renan Lodi,4.3,4.3,Nott'm Forest,73,3.18,72,1.84,68,2.31,64,4.60,65,2.07,63,1.87,63,1.41,59,1.89,61,1.89
M,603,Paquetá,5.9,5.9,West Ham,75,2.82,72,3.41,0,0.00,70,6.52,67,2.90,65,2.53,67,3.05,65,2.78,68,3.99
M,604,Phillips,4.5,4.5,Crystal Palace,0,0.00,0,0.00,0,0.00,0,0.00,0,0.00,0,0.00,0,0.00,0,0.00,0,0.00
D,605,Welch,4.0,4.0,Everton,0,0.01,0,0.01,0,0.00,0,0.00,0,0.01,0,0.01,0,0.01,0,0.01,1,0.02
M,606,Vale,4.5,4.5,Chelsea,0,0.00,0,0.00,0,0.00,0,0.00,0,0.00,0,0.00,0,0.00,0,0.00,0,0.00
M,607,Smith,4.5,4.5,Arsenal,0,0.00,0,0.00,0,0.00,0,0.00,0,0.00,0,0.00,0,0.01,0,0.01,0,0.01
F,608,Kalajdžić,5.3,5.3,Wolves,0,0.00,0,0.00,0,0.00,0,0.00,0,0.00,0,0.00,0,0.00,0,0.00,0,0.00
M,609,Antony,7.3,7.3,Man Utd,62,3.10,64,4.13,0,0.00,61,6.74,58,3.62,58,3.37,56,0.84,58,2.91,56,5.86
D,610,Akanji,5.0,5.0,Man City,41,1.84,29,1.44,0,0.00,32,1.33,37,1.76,35,1.76,39,0.11,38,1.52,36,3.06
M,611,Gueye,4.9,4.9,Everton,74,2.27,72,2.22,70,1.90,67,2.02,69,1.87,68,2.17,67,2.04,67,2.00,67,1.98
D,612,Faes,4.2,4.2,Leicester,85,2.76,78,2.05,66,1.67,57,3.67,56,2.18,61,0.93,57,1.98,57,1.46,59,2.26
D,613,Kurzawa,4.3,4.3,Fulham,0,0.00,0,0.00,0,0.00,0,0.00,1,0.04,5,0.18,9,0.19,10,0.37,11,0.60
M,614,Willian,5.5,5.5,Fulham,69,3.10,67,2.80,0,0.00,63,3.14,63,3.18,65,2.96,63,1.74,64,2.91,64,4.65
G,615,Kovár,4.0,4.0,Man Utd,0,0.00,0,0.00,0,0.00,0,0.00,0,0.00,0,0.00,0,0.00,0,0.00,0,0.00
M,616,Zakaria,4.9,4.9,Chelsea,27,1.10,22,0.90,21,0.92,17,1.50,21,0.85,21,0.85,18,0.20,21,0.89,21,1.08
F,617,Aubameyang,8.4,8.4,Chelsea,6,0.51,6,0.51,7,0.58,8,1.33,6,0.47,8,0.61,9,0.17,7,0.60,11,0.90
F,618,Vinícius,5.4,5.4,Fulham,19,0.98,13,0.66,0,0.00,12,0.67,14,0.81,15,0.79,15,0.48,15,0.80,15,1.28
F,619,Gnonto,5.1,5.1,Leeds,72,2.58,64,2.69,57,2.31,56,4.73,56,2.61,52,2.28,53,1.22,54,2.63,54,2.99
M,620,Arthur,4.8,4.8,Liverpool,6,0.23,8,0.34,0,0.00,5,0.40,6,0.23,6,0.24,5,0.24,6,0.23,7,0.43
D,621,Badé,4.5,4.5,Nott'm Forest,0,0.00,0,0.00,0,0.00,0,0.00,0,0.00,0,0.00,0,0.00,0,0.00,0,0.00
D,622,Larios,4.0,4.0,Southampton,0,0.00,1,0.07,2,0.07,5,0.15,5,0.14,7,0.30,8,0.21,6,0.26,8,0.24
D,623,Caleta-Car,4.5,4.5,Southampton,19,0.65,22,1.32,25,0.78,27,0.81,25,0.57,25,1.04,27,0.59,27,1.14,28,0.74
M,624,Edozie,4.7,4.7,Southampton,4,0.31,3,0.43,5,0.33,4,0.25,5,0.30,5,0.34,4,0.28,7,0.44,5,0.30
F,625,Diego Costa,5.4,5.4,Wolves,10,0.63,6,0.42,6,0.47,9,0.59,8,0.48,8,0.56,11,0.64,9,0.64,13,0.70
G,626,Karius,3.9,3.9,Newcastle,0,0.00,1,0.02,0,0.00,0,0.04,0,0.01,1,0.03,0,0.00,0,0.01,0,0.01
G,627,Jakupović,4.0,4.0,Everton,0,0.00,0,0.00,0,0.00,0,0.00,0,0.00,0,0.00,0,0.00,0,0.00,0,0.00
D,628,Aurier,4.4,4.4,Nott'm Forest,0,0.00,0,0.00,8,0.28,61,4.13,62,1.86,61,1.71,61,1.26,62,1.85,61,1.77
M,629,Traoré,4.3,4.3,Wolves,1,0.05,5,0.20,8,0.33,9,0.34,10,0.38,11,0.43,12,0.46,12,0.49,11,0.42
M,630,Nwaneri,4.5,4.5,Arsenal,0,0.01,0,0.01,0,0.01,0,0.02,0,0.02,1,0.04,1,0.06,1,0.03,1,0.04
D,631,Sousa,4.0,4.0,Arsenal,0,0.00,1,0.03,1,0.03,1,0.05,1,0.02,2,0.06,2,0.06,2,0.04,1,0.04
M,632,Trevitt,4.4,4.4,Brentford,0,0.00,0,0.00,0,0.00,0,0.01,0,0.00,0,0.00,0,0.01,0,0.01,1,0.04
G,633,Cox,3.9,3.9,Brentford,0,0.01,0,0.00,0,0.00,0,0.01,0,0.01,0,0.01,0,0.01,0,0.00,0,0.00
F,634,Gordon,4.5,4.5,Crystal Palace,0,0.00,0,0.00,0,0.00,0,0.00,0,0.00,0,0.00,0,0.00,0,0.00,0,0.00
G,635,Bettinelli,4.0,4.0,Chelsea,1,0.04,0,0.01,0,0.01,0,0.02,0,0.00,0,0.00,0,0.00,0,0.00,0,0.00
D,636,Parkes,4.0,4.0,Fulham,0,0.01,0,0.01,0,0.00,1,0.03,2,0.05,1,0.03,1,0.01,1,0.01,1,0.03
D,637,John,4.0,4.0,Everton,0,0.00,0,0.01,0,0.00,0,0.00,0,0.01,0,0.01,0,0.01,0,0.01,0,0.01
D,638,Bogarde,4.0,4.0,Aston Villa,0,0.00,0,0.00,0,0.00,0,0.00,0,0.00,0,0.00,0,0.00,0,0.00,0,0.00
M,639,Braybrooke,4.5,4.5,Leicester,0,0.00,0,0.00,0,0.00,0,0.00,0,0.00,0,0.00,0,0.00,0,0.00,0,0.00
D,640,Turns,4.0,4.0,Brighton,0,0.00,0,0.00,0,0.00,0,0.00,0,0.00,0,0.00,0,0.00,0,0.00,0,0.00
M,641,Godo,4.5,4.5,Fulham,1,0.03,2,0.07,0,0.00,0,0.01,0,0.02,0,0.01,0,0.00,0,0.02,0,0.03
D,642,Balmer,4.0,4.0,Crystal Palace,0,0.00,0,0.00,0,0.00,0,0.00,0,0.00,0,0.00,0,0.01,0,0.01,0,0.01
M,643,Mainoo,4.5,4.5,Man Utd,0,0.01,0,0.01,0,0.00,0,0.03,0,0.01,0,0.01,0,0.00,0,0.01,0,0.03
G,644,Goodman,4.0,4.0,Crystal Palace,1,0.02,1,0.09,2,0.06,1,0.05,1,0.02,0,0.01,0,0.00,0,0.01,0,0.01
D,645,Wormleighton,4.0,4.0,Leicester,0,0.00,0,0.00,0,0.01,0,0.00,0,0.01,0,0.01,0,0.01,0,0.00,0,0.01
D,646,Crama,4.0,4.0,Brentford,0,0.01,1,0.05,1,0.02,1,0.03,1,0.03,1,0.04,1,0.05,2,0.05,1,0.05
M,647,Payne,4.5,4.5,Southampton,0,0.00,0,0.00,0,0.00,0,0.00,0,0.00,0,0.00,0,0.00,0,0.00,0,0.00
M,648,Finnigan,4.5,4.5,Southampton,0,0.00,0,0.00,0,0.00,0,0.00,0,0.00,0,0.00,0,0.00,0,0.00,0,0.00
G,649,Plain,4.0,4.0,Bournemouth,0,0.00,0,0.00,0,0.00,0,0.00,0,0.00,0,0.00,0,0.00,0,0.00,0,0.00
M,650,Yarmolyuk,4.5,4.5,Brentford,0,0.00,0,0.00,0,0.01,0,0.01,0,0.01,0,0.01,0,0.01,0,0.02,1,0.03
M,651,Moran,4.5,4.5,Brighton,2,0.11,2,0.18,0,0.00,4,0.35,4,0.20,4,0.26,4,0.01,3,0.14,3,0.26
D,652,Furlong,4.0,4.0,Brighton,0,0.00,0,0.00,0,0.00,0,0.00,0,0.00,0,0.00,0,0.00,0,0.00,0,0.00
M,653,Hutchinson,4.3,4.3,Chelsea,0,0.00,0,0.00,0,0.00,0,0.00,0,0.00,0,0.00,0,0.00,0,0.00,0,0.00
M,654,Wells-Morrison,4.5,4.5,Crystal Palace,0,0.01,0,0.02,1,0.03,1,0.03,1,0.04,1,0.04,1,0.04,0,0.01,1,0.04
G,655,Hein,4.0,4.0,Arsenal,0,0.00,0,0.00,0,0.01,0,0.00,0,0.00,0,0.01,0,0.01,0,0.00,0,0.01
G,656,Bishop,4.0,4.0,Man Utd,0,0.00,0,0.00,0,0.00,0,0.00,0,0.00,0,0.01,0,0.00,0,0.00,0,0.00
F,657,Fraser,4.5,4.5,Wolves,0,0.00,0,0.00,0,0.00,0,0.00,0,0.00,0,0.00,0,0.00,0,0.01,0,0.00
M,658,Griffiths,4.4,4.4,Wolves,0,0.00,0,0.00,0,0.00,0,0.01,0,0.01,0,0.00,0,0.01,0,0.01,0,0.01
F,659,Mateo Joseph,4.5,4.5,Leeds,0,0.00,0,0.00,0,0.00,0,0.01,0,0.00,0,0.00,0,0.00,0,0.00,0,0.00
F,660,Shoretire,4.5,4.5,Man Utd,0,0.00,0,0.00,0,0.00,0,0.00,0,0.00,0,0.00,0,0.00,0,0.00,0,0.00
M,661,Hall,4.4,4.4,Chelsea,4,0.21,6,0.32,6,0.35,7,0.77,9,0.42,8,0.41,7,0.10,8,0.43,7,0.46
F,662,Cannon,4.5,4.5,Everton,0,0.00,0,0.00,0,0.00,0,0.00,0,0.00,0,0.00,0,0.00,0,0.00,0,0.00
F,663,Perkins,4.5,4.5,Leeds,0,0.00,0,0.00,0,0.01,0,0.01,0,0.02,0,0.00,0,0.00,0,0.00,0,0.00
D,664,Lembikisa,4.0,4.0,Wolves,0,0.01,1,0.02,1,0.03,1,0.02,2,0.05,2,0.06,1,0.04,1,0.03,1,0.02
M,665,Doak,4.5,4.5,Liverpool,0,0.00,0,0.03,0,0.00,0,0.03,0,0.01,0,0.01,1,0.04,0,0.01,1,0.04
F,666,Dale Taylor,4.5,4.5,Nott'm Forest,0,0.00,0,0.00,0,0.00,0,0.00,0,0.00,0,0.00,0,0.00,0,0.00,0,0.00
M,667,Sekularac,4.5,4.5,Fulham,0,0.01,1,0.04,0,0.00,0,0.01,0,0.00,0,0.01,0,0.01,1,0.03,0,0.02
M,668,Cozier-Duberry,4.5,4.5,Arsenal,0,0.00,0,0.00,0,0.00,0,0.00,0,0.00,0,0.01,0,0.01,0,0.01,0,0.00
F,669,Mubama,4.5,4.5,West Ham,0,0.00,0,0.00,0,0.00,0,0.02,0,0.01,0,0.00,0,0.03,0,0.03,0,0.01
G,670,Marschall,4.0,4.0,Aston Villa,0,0.00,0,0.00,0,0.00,0,0.00,0,0.00,0,0.00,0,0.00,0,0.00,0,0.00
F,671,Morgan,4.5,4.5,Southampton,0,0.00,0,0.00,0,0.00,0,0.00,0,0.00,0,0.00,0,0.00,0,0.00,0,0.00
M,672,Kadan Young,4.5,4.5,Aston Villa,0,0.01,1,0.03,1,0.05,1,0.11,1,0.07,1,0.07,1,0.03,1,0.07,2,0.07
D,673,Humphreys,4.5,4.5,Chelsea,0,0.00,0,0.00,0,0.00,0,0.00,0,0.00,0,0.00,0,0.00,0,0.00,0,0.00
D,674,Bennett,4.0,4.0,Man Utd,0,0.00,0,0.01,0,0.00,0,0.01,0,0.02,0,0.01,0,0.00,0,0.01,1,0.04
G,675,Smith,4.0,4.0,Nott'm Forest,0,0.00,0,0.00,0,0.00,0,0.00,0,0.00,0,0.00,0,0.00,0,0.00,0,0.00
M,676,Ozoh,4.5,4.5,Crystal Palace,0,0.01,0,0.02,1,0.03,0,0.01,1,0.03,1,0.03,1,0.04,1,0.03,0,0.02
M,677,Hinshelwood,4.5,4.5,Brighton,1,0.07,1,0.07,0,0.00,1,0.12,1,0.05,1,0.06,1,0.00,1,0.03,0,0.03
M,678,Price,4.5,4.5,Everton,1,0.04,0,0.02,0,0.02,1,0.04,1,0.04,1,0.03,0,0.01,0,0.02,0,0.01
M,679,Buonanotte,4.5,4.5,Brighton,9,0.46,7,0.74,0,0.00,10,1.07,10,0.56,12,0.69,9,0.03,12,0.62,10,0.99
M,680,Gakpo,7.8,7.8,Liverpool,55,3.81,53,4.17,0,0.00,43,4.91,43,2.87,44,3.25,48,4.32,48,3.31,44,5.40
M,681,Scarpa,4.9,4.9,Nott'm Forest,14,0.86,15,0.81,16,0.91,13,1.48,15,0.86,15,0.88,17,0.92,18,1.05,14,0.80
F,682,Cunha,5.5,5.5,Wolves,41,2.13,55,2.56,53,3.09,49,2.67,50,2.49,51,2.96,48,2.56,51,2.93,50,2.29
M,683,Kuol,4.5,4.5,Newcastle,0,0.00,0,0.00,0,0.00,0,0.00,0,0.00,0,0.00,0,0.00,0,0.00,0,0.00
F,684,D.D.Fofana,5.0,5.0,Chelsea,2,0.18,2,0.19,3,0.29,3,0.52,3,0.23,4,0.33,3,0.07,5,0.46,4,0.43
F,685,Butler-Oyedeji,4.5,4.5,Arsenal,0,0.00,0,0.00,0,0.00,0,0.00,0,0.00,0,0.00,0,0.00,0,0.00,0,0.00
F,686,Simms,4.5,4.5,Everton,28,1.59,22,1.39,10,0.56,10,0.62,11,0.58,11,0.72,11,0.63,12,0.73,12,0.71
M,687,McAteer,4.5,4.5,Leicester,0,0.00,0,0.00,0,0.00,0,0.00,0,0.00,0,0.00,0,0.00,0,0.00,0,0.00
M,688,Schade,4.9,4.9,Brentford,25,1.72,27,3.33,31,2.11,34,3.49,42,2.40,43,2.30,45,2.83,48,2.23,43,2.90
D,689,Badiashile,5.0,5.0,Chelsea,61,2.73,57,2.24,58,2.89,60,4.91,56,2.20,55,2.10,47,0.39,43,1.97,42,1.62
F,690,João Félix,7.6,7.6,Chelsea,72,4.12,72,4.00,70,4.13,67,7.85,69,3.55,65,3.58,65,0.86,66,3.97,64,3.87
D,691,Wöber,4.5,4.5,Leeds,79,1.92,76,2.26,71,2.25,72,4.51,72,3.13,70,1.97,69,1.17,71,2.73,65,2.88
M,692,Orsic,5.2,5.2,Southampton,32,1.76,35,3.49,35,1.78,35,1.65,32,1.42,31,1.74,32,1.36,33,1.96,32,1.47
M,693,Alcaraz,5.0,5.0,Southampton,15,0.71,18,1.62,18,0.83,18,0.78,20,0.81,19,0.89,20,0.80,22,1.08,22,0.90
D,694,Álex Moreno,4.4,4.4,Aston Villa,55,2.74,56,1.94,52,2.68,51,3.29,50,2.59,53,2.01,52,1.79,51,2.36,48,1.24
F,695,Adu-Adjei,4.5,4.5,Bournemouth,0,0.00,0,0.00,0,0.00,0,0.00,0,0.00,0,0.00,0,0.00,0,0.00,0,0.00
M,696,Dacosta Gonzalez,4.4,4.4,Bournemouth,1,0.02,1,0.04,0,0.02,0,0.01,0,0.01,0,0.01,0,0.02,0,0.02,0,0.02
F,697,Sadi,4.5,4.5,Bournemouth,0,0.00,0,0.00,0,0.00,0,0.00,0,0.00,0,0.00,0,0.00,0,0.00,0,0.00
M,698,Lemina,4.5,4.5,Wolves,72,2.40,68,2.19,66,2.44,64,2.31,64,2.16,61,2.27,61,2.12,60,2.31,60,1.94
M,699,Mudryk,6.7,6.7,Chelsea,44,2.76,47,2.89,45,3.02,43,5.60,41,2.39,42,2.57,41,0.61,42,2.81,42,2.79
F,700,Rutter,5.3,5.3,Leeds,37,1.71,34,1.86,34,1.76,34,3.67,33,1.96,28,1.59,30,0.88,29,1.85,32,2.23
F,701,Weghorst,5.8,5.8,Man Utd,56,2.82,48,3.13,0,0.00,36,4.17,39,2.42,40,2.36,37,0.57,36,1.91,38,4.09
M,702,Andrey Santos,4.5,4.5,Chelsea,0,0.00,0,0.00,0,0.00,0,0.00,0,0.00,0,0.01,0,0.00,0,0.00,0,0.02
M,703,Danilo,4.5,4.5,Nott'm Forest,10,0.44,10,0.43,10,0.42,7,0.73,8,0.37,9,0.40,9,0.39,9,0.40,12,0.48
M,704,Sarabia,5.5,5.5,Wolves,70,3.06,64,2.65,61,3.13,61,2.91,61,2.65,61,3.05,61,2.79,55,2.85,57,2.30
M,705,Ouattara,5.0,5.0,Bournemouth,63,2.23,59,2.54,55,2.35,53,5.01,49,2.18,50,2.03,48,2.27,47,2.13,48,2.40
F,706,Pollock,4.5,4.5,Bournemouth,0,0.00,0,0.00,0,0.00,0,0.00,0,0.00,0,0.00,0,0.00,0,0.00,0,0.00
G,707,Sinisalo,4.0,4.0,Aston Villa,0,0.00,0,0.00,0,0.00,0,0.00,0,0.00,0,0.00,0,0.00,0,0.01,0,0.00
M,708,Madueke,5.5,5.5,Chelsea,45,2.47,33,1.84,34,2.02,33,3.73,42,2.12,41,2.13,37,0.49,34,2.00,35,2.16
D,709,Kristiansen,4.5,4.5,Leicester,70,2.64,66,2.02,61,1.82,60,4.49,63,2.82,63,1.09,58,2.29,59,1.79,56,2.49
D,710,Kiwior,4.0,4.0,Arsenal,1,0.07,4,0.18,4,0.21,6,0.28,7,0.25,8,0.36,11,0.54,10,0.27,10,0.43
F,711,Durán,5.5,5.5,Aston Villa,12,0.73,15,0.81,16,1.04,17,1.79,15,0.95,13,0.77,13,0.74,14,0.91,13,0.68
M,712,Perrone,4.4,4.4,Man City,0,0.00,1,0.03,0,0.00,2,0.11,3,0.14,3,0.13,3,0.01,3,0.15,3,0.25
M,713,Danjuma,6.4,6.4,Spurs,11,0.81,14,1.21,17,1.27,20,1.41,18,1.31,18,1.55,18,1.17,19,1.40,18,1.16
F,714,Semenyo,5.0,5.0,Bournemouth,33,1.29,30,1.41,30,1.36,26,2.65,31,1.46,28,1.22,30,1.47,31,1.47,29,1.50
M,715,Tetê,5.5,5.5,Leicester,71,3.79,70,3.43,67,3.37,66,7.45,67,4.36,63,2.48,63,3.66,62,3.23,60,3.64
D,716,Bree,4.5,4.5,Southampton,6,0.25,6,0.44,11,0.37,6,0.22,5,0.15,5,0.26,12,0.27,7,0.32,6,0.19
G,717,Bentley,4.0,4.0,Wolves,0,0.01,1,0.06,2,0.08,2,0.10,2,0.08,1,0.06,1,0.06,1,0.06,2,0.06
D,718,Viña,4.5,4.5,Bournemouth,7,0.21,9,0.32,8,0.32,8,0.66,9,0.33,9,0.31,9,0.35,13,0.50,9,0.38
M,719,Ayari,4.5,4.5,Brighton,2,0.12,2,0.17,0,0.00,2,0.21,2,0.12,2,0.12,1,0.01,1,0.08,0,0.04
M,720,McKennie,4.9,4.9,Leeds,64,2.25,58,2.38,54,2.20,52,4.39,53,2.48,52,2.17,50,1.13,46,2.21,49,2.67
M,721,João Gomes,4.5,4.5,Wolves,7,0.26,6,0.23,6,0.26,10,0.39,7,0.29,10,0.39,12,0.46,13,0.51,11,0.40
D,722,Zabarnyi,4.5,4.5,Bournemouth,0,0.00,0,0.00,0,0.00,1,0.10,2,0.07,2,0.06,1,0.05,6,0.19,1,0.04
M,723,H.Traorè,4.5,4.5,Bournemouth,75,2.51,70,2.86,67,2.71,64,5.76,64,2.69,65,2.48,64,2.83,63,2.72,64,2.95
M,724,Enzo,5.0,5.0,Chelsea,78,3.33,75,3.08,74,3.34,70,6.00,69,2.74,70,2.85,66,0.67,65,2.93,65,3.05
M,725,Ahamada,4.5,4.5,Crystal Palace,2,0.10,2,0.22,7,0.31,5,0.25,5,0.24,5,0.27,5,0.27,6,0.28,6,0.28
M,726,Lukic,4.5,4.5,Fulham,80,2.53,74,2.24,0,0.00,26,1.01,26,1.02,28,1.05,27,0.57,29,1.06,30,1.79
D,727,Souttar,4.5,4.5,Leicester,84,2.95,79,2.18,66,1.75,60,4.12,58,2.42,58,0.88,61,2.21,60,1.62,60,2.41
M,728,Sabitzer,4.9,4.9,Man Utd,50,2.10,49,2.56,0,0.00,47,4.30,44,2.23,49,2.33,46,0.57,46,1.96,41,3.56
G,729,Navas,4.5,4.5,Nott'm Forest,89,3.80,87,3.11,82,3.15,77,5.99,75,2.81,76,2.78,73,2.59,75,2.80,73,2.70
D,730,Felipe,4.5,4.5,Nott'm Forest,82,3.06,77,1.61,73,2.09,61,3.65,52,1.36,49,1.18,44,0.82,42,1.12,43,1.10
M,731,Kamaldeen,5.0,5.0,Southampton,61,2.82,55,4.83,46,2.16,47,2.04,48,1.91,47,2.40,48,1.81,42,2.29,47,1.93
F,732,Onuachu,5.5,5.5,Southampton,76,3.46,71,6.29,69,3.15,66,2.76,66,2.60,65,3.27,64,2.38,64,3.45,64,2.57
D,733,Pedro Porro,4.8,4.8,Spurs,43,2.08,34,2.00,32,1.59,31,1.57,33,1.47,32,1.90,27,1.05,29,1.25,32,1.11
M,734,A.Ayew,5.0,5.0,Nott'm Forest,27,1.50,26,1.25,28,1.41,20,2.20,22,1.14,24,1.21,24,1.13,25,1.25,26,1.29
M,735,Marçal-Madivadua,4.5,4.5,Leicester,1,0.03,1,0.04,1,0.06,2,0.15,2,0.09,2,0.08,2,0.09,2,0.09,2,0.09
D,736,Offiah,4.0,4.0,Brighton,2,0.08,1,0.04,0,0.00,1,0.06,1,0.03,3,0.10,1,0.00,1,0.05,1,0.07
D,737,Greenwood,4.0,4.0,Bournemouth,0,0.00,0,0.00,0,0.00,0,0.00,0,0.00,0,0.00,0,0.00,0,0.01,0,0.00
D,738,Kinsey-Wellings,4.0,4.0,Bournemouth,0,0.00,0,0.00,0,0.00,0,0.00,0,0.00,0,0.00,0,0.00,0,0.01,0,0.00
G,739,Anang,4.0,4.0,West Ham,0,0.01,0,0.00,0,0.00,0,0.02,0,0.01,0,0.00,1,0.03,0,0.00,0,0.00
G,740,Hegyi,3.9,3.9,West Ham,0,0.00,0,0.00,0,0.00,0,0.01,0,0.01,0,0.01,0,0.01,0,0.01,0,0.00
M,741,Miley,4.5,4.5,Newcastle,0,0.01,0,0.01,0,0.01,1,0.07,1,0.04,1,0.03,1,0.03,1,0.05,1,0.05
D,742,Chilokoa-Mullen,4.0,4.0,Leeds,1,0.02,1,0.02,2,0.05,1,0.05,1,0.03,1,0.03,1,0.02,1,0.04,1,0.04
D,743,Monteiro,4.0,4.0,Leeds,0,0.01,1,0.02,1,0.03,1,0.05,1,0.04,1,0.03,1,0.01,2,0.05,1,0.05
D,744,Swinkels,4.0,4.0,Aston Villa,0,0.00,0,0.01,0,0.01,0,0.02,1,0.02,1,0.02,0,0.01,1,0.03,1,0.01
G,745,Zych,4.0,4.0,Aston Villa,0,0.00,0,0.00,0,0.00,0,0.00,0,0.00,0,0.01,0,0.00,0,0.00,0,0.01
D,746,Casey,4.0,4.0,West Ham,1,0.02,0,0.01,0,0.00,1,0.04,1,0.04,1,0.03,1,0.04,2,0.06,2,0.07
G,10023,Alfie Whiteman,99.9,99.9,Spurs,2,0.09,4,0.18,5,0.20,4,0.17,1,0.05,1,0.06,0,0.01,0,0.00,0,0.00
G,10104,Mark Gillespie,99.9,99.9,Newcastle,0,0.00,0,0.00,0,0.00,0,0.00,0,0.00,0,0.00,0,0.00,0,0.00,0,0.00
G,10150,Andy Lonergan,99.9,99.9,Everton,0,0.00,0,0.00,0,0.01,0,0.01,0,0.00,0,0.02,0,0.01,0,0.01,0,0.01
D,10201,Teden Mengi,99.9,99.9,Man Utd,0,0.00,0,0.00,0,0.00,0,0.00,0,0.00,0,0.00,0,0.00,0,0.00,0,0.01
D,10241,Benjamin Mendy,99.9,99.9,Man City,0,0.00,0,0.00,0,0.00,0,0.01,0,0.01,0,0.01,0,0.00,0,0.01,0,0.02
M,10249,Matty Longstaff,99.9,99.9,Newcastle,3,0.11,3,0.15,4,0.19,4,0.39,5,0.24,5,0.26,5,0.24,4,0.18,4,0.23
F,10263,Mason Greenwood,99.9,99.9,Man Utd,0,0.02,0,0.02,0,0.00,0,0.04,0,0.04,1,0.05,0,0.01,0,0.03,0,0.06
G,10264,Jed Steer,99.9,99.9,Aston Villa,0,0.01,0,0.00,0,0.01,0,0.02,0,0.00,1,0.03,1,0.02,0,0.01,1,0.02
G,10351,Gabriel Slonina,99.9,99.9,Chelsea,1,0.05,1,0.06,2,0.12,0,0.02,0,0.00,0,0.00,0,0.00,0,0.00,0,0.00
G,10359,Louie Moulden,99.9,99.9,Wolves,1,0.03,1,0.03,2,0.09,1,0.05,3,0.11,3,0.12,2,0.10,1,0.07,2,0.07