Pos,ID,Name,BV,SV,Team,1_xMins,1_Pts,2_xMins,2_Pts,3_xMins,3_Pts,4_xMins,4_Pts,5_xMins,5_Pts,6_xMins,6_Pts,7_xMins,7_Pts,8_xMins,8_Pts,Elite%
M,1,Fábio Vieira,5.5,5.5,Arsenal,4,0.35,8,0.52,11,0.7,10,0.58,10,0.52,12,0.87,11,0.8,13,2.77557925,0.0
F,2,G.Jesus,7.0,7.0,Arsenal,43,3.14,46,2.81,45,3.37,44,2.49,45,2.12,47,4.04,48,4.01,47,11.328648937499999,0.02
D,3,Gabriel,6.0,6.0,Arsenal,89,4.93,86,3.44,83,4.2,82,3.08,80,2.25,79,4.6,78,4.55,76,12.370529124999997,0.13
F,4,Havertz,8.0,8.0,Arsenal,80,5.23,75,4.05,73,4.79,72,3.69,71,3.01,70,5.36,69,5.18,70,14.723507875000001,0.13
G,5,Hein,4.0,4.0,Arsenal,0,0.0,0,0.0,0,0.0,0,0.0,0,0.0,0,0.0,0,0.0,0,0.0,0.0
D,6,J.Timber,5.5,5.5,Arsenal,11,0.47,20,0.8,26,1.3,27,1.04,27,0.81,28,1.59,31,1.73,33,5.464431687499999,0.01
M,7,Jorginho,5.0,5.0,Arsenal,30,1.25,31,1.18,34,1.38,35,1.25,36,1.21,36,1.52,37,1.55,37,5.0498420625,0.0
D,8,Kiwior,5.0,5.0,Arsenal,4,0.19,9,0.34,8,0.35,7,0.28,6,0.2,8,0.41,8,0.41,8,1.1578856874999999,0.0
M,9,Martinelli,7.0,7.0,Arsenal,47,3.46,47,2.84,47,3.36,46,2.64,44,2.13,47,4.04,46,3.82,46,10.787123437499996,0.03
M,10,Nelson,5.0,5.0,Arsenal,3,0.27,3,0.26,4,0.3,4,0.29,7,0.38,8,0.59,7,0.56,8,1.8407334375,0.0
F,11,Nketiah,6.0,6.0,Arsenal,3,0.32,3,0.24,2,0.18,2,0.14,2,0.16,3,0.27,3,0.32,2,0.8583770625,0.0
M,12,Nwaneri,4.5,4.5,Arsenal,6,0.37,7,0.4,10,0.53,10,0.5,10,0.47,12,0.62,13,0.69,12,2.2577765,0.0
M,13,Ødegaard,8.5,8.5,Arsenal,91,5.9,89,4.67,86,5.52,86,4.33,86,3.55,84,6.49,83,6.28,84,17.9655053125,0.16
G,14,Ramsdale,4.5,4.5,Arsenal,1,0.05,2,0.1,3,0.16,4,0.15,6,0.21,7,0.33,7,0.31,7,1.1418646874999998,0.01
G,15,Raya,5.5,5.5,Arsenal,94,4.39,92,3.65,91,3.98,91,3.48,89,3.17,88,4.11,88,4.13,88,13.241630375,0.25
M,16,Rice,6.5,6.5,Arsenal,80,3.36,81,2.91,83,3.36,82,2.77,82,2.37,81,3.72,79,3.61,80,10.927441374999997,0.06
M,17,Saka,10.0,10.0,Arsenal,83,6.93,82,5.37,82,6.71,82,5.02,82,4.07,80,7.77,79,7.55,80,20.935466437499997,0.3
D,18,Saliba,6.0,6.0,Arsenal,92,4.59,88,3.25,85,3.92,85,2.87,82,2.08,82,4.21,83,4.3,81,11.799449749999999,0.41
M,19,Smith Rowe,5.5,5.5,Fulham,68,2.91,69,4.11,68,3.62,68,3.57,66,3.28,65,3.19,66,2.32,65,11.7353236875,0.15
M,20,Thomas,5.0,5.0,Arsenal,46,1.91,42,1.56,40,1.64,41,1.48,39,1.28,38,1.76,38,1.74,40,5.520981937499999,0.0
D,21,Tierney,4.5,4.5,Arsenal,0,0.0,0,0.0,0,0.0,0,0.0,1,0.06,0,0.0,0,0.0,1,0.26463299999999995,0.0
D,22,Tomiyasu,5.0,5.0,Arsenal,1,0.05,7,0.28,14,0.66,17,0.65,26,0.8,27,1.51,27,1.52,27,4.4618304375,0.0
M,23,Trossard,7.0,7.0,Arsenal,51,3.68,51,3.04,50,3.55,49,2.82,49,2.29,47,4.0,48,3.97,46,10.963570625,0.02
D,24,White,6.5,6.5,Arsenal,86,4.56,84,3.25,82,3.94,80,2.87,79,2.11,77,4.24,75,4.11,75,11.619083624999998,0.11
D,25,Zinchenko,5.0,5.0,Arsenal,71,4.37,50,2.27,29,1.61,24,1.07,21,0.79,21,1.3,24,1.43,23,4.062319437499999,0.02
D,26,Alex Moreno,4.5,4.5,Aston Villa,23,0.9,21,0.75,21,0.95,20,0.98,19,0.92,19,0.89,19,0.81,20,3.0181959375,0.01
F,27,Archer,5.0,5.0,Aston Villa,10,0.66,7,0.46,8,0.59,8,0.64,8,0.63,9,0.69,10,0.66,8,2.190552875,0.01
M,28,Bailey,6.5,6.5,Aston Villa,72,3.65,67,2.98,65,3.89,62,3.91,60,3.74,60,3.77,59,3.43,59,11.8772085,0.04
M,29,Barkley,5.5,5.5,Aston Villa,27,1.31,30,1.27,30,1.62,27,1.51,24,1.43,24,1.39,24,1.28,25,4.5715193124999995,0.01
M,30,Barrenechea,5.0,5.0,Aston Villa,5,0.19,7,0.22,7,0.27,5,0.2,4,0.14,3,0.12,4,0.15,4,0.5310098125,0.0
M,31,Buendia,5.5,5.5,Aston Villa,8,0.51,10,0.52,10,0.67,12,0.73,11,0.71,11,0.75,12,0.72,12,2.7286076249999995,0.0
D,32,Cash,4.5,4.5,Aston Villa,63,2.06,59,1.6,59,2.46,59,2.72,54,2.58,57,2.53,56,2.12,55,7.182563437499999,0.03
M,33,Dendoncker,4.5,4.5,Aston Villa,5,0.26,8,0.34,8,0.41,8,0.38,5,0.28,4,0.21,4,0.2,3,0.8347127499999999,0.01
M,34,Diaby,6.5,6.5,Aston Villa,0,0.0,0,0.0,0,0.0,0,0.0,0,0.0,0,0.0,0,0.0,0,0.0,0.0
D,35,Diego Carlos,4.5,4.5,Aston Villa,38,1.1,41,0.98,43,1.56,37,1.55,36,1.54,34,1.36,34,1.14,35,4.1499373749999995,0.01
D,36,Digne,4.5,4.5,Aston Villa,43,1.55,38,1.19,34,1.56,30,1.5,33,1.63,31,1.5,31,1.31,31,4.770444499999999,0.02
M,37,Dobbin,5.0,5.0,Aston Villa,0,0.0,0,0.0,0,0.0,0,0.0,0,0.0,0,0.0,0,0.0,0,0.0,0.0
F,38,Duran,6.0,6.0,Aston Villa,36,2.03,24,1.24,25,1.61,26,1.7,25,1.71,27,1.79,26,1.62,28,5.93716975,0.0
G,39,Gauci,4.0,4.0,Aston Villa,0,0.0,0,0.0,0,0.0,0,0.0,0,0.0,0,0.0,0,0.0,0,0.0,0.0
D,40,Hause,4.0,4.0,Aston Villa,1,0.03,1,0.03,2,0.07,2,0.08,0,0.0,0,0.0,0,0.0,0,0.0,0.01
M,41,Iling Jr,5.5,5.5,Aston Villa,6,0.37,6,0.36,7,0.48,8,0.51,8,0.5,8,0.56,9,0.56,10,2.0162298124999998,0.0
M,42,Kamara,5.0,5.0,Aston Villa,0,0.0,0,0.0,0,0.0,30,0.96,61,1.88,68,2.06,66,1.93,66,6.8572846875,0.0
D,43,Kesler-Hayden,4.0,4.0,Aston Villa,0,0.0,0,0.0,0,0.0,0,0.0,0,0.0,0,0.0,0,0.0,0,0.0,0.0
D,44,Konsa,4.5,4.5,Aston Villa,89,2.49,88,2.01,86,3.07,85,3.45,85,3.51,82,3.05,81,2.62,81,8.890399874999998,0.14
D,45,Maatsen,5.0,5.0,Aston Villa,33,1.19,40,1.2,45,1.93,49,2.33,49,2.4,49,2.21,50,1.97,48,6.4654954374999996,0.04
G,46,Marschall,4.0,4.0,Aston Villa,0,0.0,0,0.0,0,0.0,0,0.0,0,0.0,0,0.0,0,0.0,0,0.0,0.0
G,47,Martinez,5.0,5.0,Aston Villa,93,3.38,93,3.15,92,3.59,92,3.74,91,3.68,91,3.6,91,3.3,92,12.231738125,0.13
M,48,McGinn,5.5,5.5,Aston Villa,88,3.16,86,2.75,84,3.44,82,3.46,80,3.47,79,3.4,80,3.18,81,11.1731105,0.02
D,49,Mings,4.5,4.5,Aston Villa,0,0.0,0,0.0,0,0.0,15,0.63,27,1.15,33,1.31,34,1.13,35,4.016783062499999,0.0
D,50,Nedeljkovic,4.0,4.0,Aston Villa,12,0.41,13,0.41,15,0.57,14,0.59,15,0.64,14,0.6,15,0.55,16,2.11079075,0.0
G,51,Olsen,4.5,4.5,Aston Villa,1,0.04,2,0.07,3,0.11,3,0.12,4,0.16,4,0.14,4,0.14,3,0.5037848125,0.0
D,52,Pau,4.5,4.5,Aston Villa,79,2.22,77,1.79,74,2.62,68,2.77,61,2.49,60,2.18,59,1.9,58,6.3816805625,0.01
M,53,Ramsey,5.5,5.5,Aston Villa,39,1.85,39,1.66,41,2.11,39,2.12,37,2.04,36,2.01,35,1.84,36,6.546514687499999,0.0
M,54,Rogers,5.0,5.0,Aston Villa,72,3.21,70,2.72,69,3.53,66,3.46,66,3.53,65,3.53,64,3.19,63,10.882743437499999,0.08
G,55,Sinisalo,4.0,4.0,Aston Villa,0,0.0,0,0.0,0,0.0,0,0.0,0,0.0,0,0.0,0,0.0,0,0.0,0.0
D,56,Sousa,4.0,4.0,Aston Villa,0,0.0,0,0.0,0,0.0,0,0.0,0,0.0,0,0.0,0,0.0,0,0.0,0.0
M,57,Tielemans,5.5,5.5,Aston Villa,65,2.74,63,2.33,60,2.83,58,2.82,57,2.79,54,2.62,56,2.53,53,8.66957725,0.01
F,58,Watkins,9.0,9.0,Aston Villa,67,3.67,87,3.81,85,5.28,84,5.25,83,5.3,82,5.25,83,4.97,83,17.1421396875,0.39
D,59,Aarons,4.5,4.5,Bournemouth,28,0.97,28,0.92,32,1.08,32,0.96,32,0.67,31,1.36,33,1.22,33,3.284242375,0.0
M,60,Adams,5.0,5.0,Bournemouth,0,0.0,0,0.0,0,0.0,0,0.0,0,0.0,0,0.0,0,0.0,0,1.5446327499999997,0.0
M,61,Anthony,4.5,4.5,Bournemouth,6,0.4,5,0.36,5,0.35,5,0.33,5,0.29,4,0.34,5,0.34,5,1.2677959374999999,0.01
M,62,Brooks,5.0,5.0,Bournemouth,0,0.0,0,0.0,4,0.23,8,0.52,8,0.45,8,0.58,9,0.55,9,1.9118847499999998,0.0
M,63,Christie,5.0,5.0,Bournemouth,78,2.74,75,2.66,75,2.53,74,2.56,72,2.12,71,2.94,70,2.6,68,7.953450562499999,0.0
M,64,Cook,5.0,5.0,Bournemouth,88,2.54,85,2.47,80,2.28,81,2.31,80,2.03,79,2.64,78,2.31,80,7.741868,0.0
F,65,Enes Ünal,5.5,5.5,Bournemouth,0,0.0,0,0.0,0,0.0,19,1.12,37,1.7,44,3.05,45,2.81,43,8.1797205,0.0
M,66,Faivre,5.0,5.0,Bournemouth,11,0.63,9,0.57,10,0.55,8,0.49,8,0.39,8,0.56,8,0.51,9,1.7652135,0.0
M,67,H.Traorè,4.5,4.5,Bournemouth,10,0.61,9,0.55,10,0.56,9,0.55,9,0.46,10,0.67,10,0.59,10,1.9395836249999998,0.0
D,68,Hill,4.0,4.0,Bournemouth,3,0.07,5,0.12,6,0.16,7,0.18,9,0.17,9,0.34,10,0.3,11,0.9747559374999999,0.0
F,69,Jebbison,4.5,4.5,Bournemouth,20,1.23,8,0.53,7,0.5,4,0.3,3,0.2,2,0.19,2,0.2,2,0.650541375,0.01
D,70,Kerkez,4.5,4.5,Bournemouth,81,2.72,76,2.36,74,2.43,73,2.11,72,1.3,73,3.15,72,2.58,71,6.678162625,0.01
M,71,Kluivert,5.5,5.5,Bournemouth,68,3.55,65,3.57,64,3.22,63,3.3,62,2.6,60,3.81,59,3.35,59,10.149220687499998,0.01
D,72,Mepham,4.5,4.5,Bournemouth,8,0.21,11,0.29,14,0.41,15,0.41,16,0.3,17,0.63,18,0.58,19,1.7324263124999997,0.0
G,73,Neto,4.5,4.5,Bournemouth,40,1.46,39,1.32,41,1.46,39,1.33,40,1.28,40,1.52,41,1.55,41,5.0966804375,0.02
M,74,O.Dango,5.0,5.0,Bournemouth,37,1.87,32,1.6,35,1.67,35,1.67,35,1.44,35,1.95,35,1.79,34,5.6705899375,0.0
G,75,Paulsen,4.0,4.0,Bournemouth,0,0.0,0,0.0,0,0.0,0,0.0,0,0.0,0,0.0,0,0.0,0,0.0,0.0
M,76,Philip,5.0,5.0,Bournemouth,22,1.07,23,1.15,28,1.27,25,1.2,26,1.06,25,1.4,27,1.34,27,3.9701589374999995,0.0
M,77,Scott,5.0,5.0,Bournemouth,35,1.45,37,1.53,36,1.42,37,1.48,36,1.29,38,1.73,38,1.55,38,4.8040498750000005,0.0
M,78,Semenyo,5.5,5.5,Bournemouth,79,4.13,67,3.56,64,3.1,62,3.12,60,2.43,61,3.64,60,3.15,57,9.6925464375,0.01
D,79,Senesi,5.0,5.0,Bournemouth,89,2.75,86,2.4,83,2.54,82,2.1,81,1.26,81,3.24,80,2.64,79,6.601855437499999,0.01
M,80,Sinisterra,5.0,5.0,Bournemouth,54,2.81,44,2.38,41,2.07,37,1.97,38,1.67,37,2.34,36,1.97,38,6.532852874999999,0.0
D,81,Smith,4.5,4.5,Bournemouth,67,2.12,66,1.9,62,1.92,61,1.63,61,1.05,60,2.4,60,1.97,61,5.3455794999999995,0.0
F,82,Solanke,7.5,7.5,Spurs,80,4.97,78,4.85,77,3.9,74,3.42,71,4.64,71,3.61,73,3.83,71,15.714706625,0.28
M,83,Tavernier,5.5,5.5,Bournemouth,70,3.42,63,3.26,60,2.88,60,2.97,56,2.23,57,3.51,57,2.98,57,9.096491375,0.0
G,84,Travers,4.5,4.5,Bournemouth,55,2.03,56,1.96,54,1.99,56,1.91,55,1.79,55,2.15,53,2.0,53,6.710674874999999,0.0
D,85,Zabarnyi,4.5,4.5,Bournemouth,91,2.54,89,2.25,87,2.41,85,1.92,83,1.13,83,2.89,82,2.38,81,6.1673469375,0.01
D,86,Ajer,4.5,4.5,Brentford,51,1.82,40,0.8,28,1.17,30,0.5,31,0.75,30,1.08,32,1.3,34,4.2094494375,0.0
M,87,Brierley,4.5,4.5,Brentford,0,0.0,0,0.0,0,0.0,0,0.0,0,0.0,0,0.0,0,0.0,0,0.0,0.0
D,88,Collins,4.5,4.5,Brentford,58,1.92,58,0.93,55,2.15,55,0.59,57,1.1,56,1.77,56,2.1,55,6.131225312499999,0.0
M,89,Damsgaard,5.0,5.0,Brentford,47,2.03,44,1.59,45,2.15,47,1.54,45,1.69,45,2.0,46,2.07,46,7.266548874999999,0.0
M,90,Dasilva,5.0,5.0,Brentford,9,0.44,12,0.5,11,0.56,11,0.47,14,0.62,15,0.73,14,0.7,15,2.6862908125,0.0
G,91,Flekken,4.5,4.5,Brentford,93,3.5,94,3.04,94,3.69,92,3.06,92,3.07,91,3.33,91,3.62,90,12.427435937499999,0.12
D,92,Henry,4.5,4.5,Brentford,20,0.77,54,1.02,76,3.25,73,1.02,75,1.64,73,2.56,72,2.96,71,9.0004335625,0.0
D,93,Hickey,4.5,4.5,Brentford,23,0.83,55,0.95,77,3.08,74,0.91,73,1.49,74,2.42,73,2.84,72,8.302695187500001,0.0
M,94,Janelt,5.0,5.0,Brentford,72,2.38,68,1.93,69,2.59,66,1.77,67,1.98,65,2.24,65,2.29,63,7.883351374999999,0.0
M,95,Jensen,5.5,5.5,Brentford,69,2.6,67,2.09,65,2.77,62,1.83,62,2.04,61,2.37,62,2.45,61,8.540849937499999,0.0
D,96,Ji-soo,4.0,4.0,Brentford,0,0.0,0,0.0,0,0.0,0,0.0,0,0.0,0,0.0,0,0.0,0,0.034,0.0
M,97,Konak,4.5,4.5,Brentford,0,0.0,0,0.0,0,0.0,0,0.0,0,0.0,0,0.0,0,0.0,0,0.0,0.0
M,98,Lewis-Potter,5.0,5.0,Brentford,49,2.19,27,1.17,20,1.19,20,0.9,19,0.9,22,1.22,21,1.22,23,4.5739120625,0.0
M,99,Mbeumo,7.0,7.0,Brentford,79,4.21,77,3.09,74,4.76,75,2.67,73,3.21,72,4.06,69,4.03,71,14.3014808125,0.05
D,100,Mee,4.5,4.5,Brentford,75,2.76,70,1.29,74,3.18,70,0.95,67,1.49,68,2.38,69,2.85,68,8.596008187499999,0.01
M,101,Nørgaard,5.0,5.0,Brentford,79,2.55,73,1.99,68,2.5,69,1.81,65,1.88,65,2.21,67,2.28,68,8.1974719375,0.0
M,102,Onyeka,5.0,5.0,Brentford,21,0.9,22,0.84,23,1.04,24,0.87,25,0.95,27,1.15,26,1.09,26,3.9685561875,0.0
M,103,Peart-Harris,4.5,4.5,Brentford,0,0.0,0,0.0,0,0.0,0,0.0,0,0.0,0,0.0,0,0.0,0,0.0,0.0
D,104,Pinnock,4.5,4.5,Brentford,77,2.69,76,1.26,71,2.94,73,0.91,70,1.44,70,2.33,69,2.76,68,8.062253437499999,0.01
D,105,Roerslev,4.5,4.5,Brentford,38,1.56,21,0.59,10,0.46,10,0.27,13,0.43,14,0.57,15,0.66,13,2.038217,0.0
M,106,Schade,5.5,5.5,Brentford,13,0.76,13,0.62,15,0.99,17,0.75,17,0.85,18,1.05,19,1.09,20,4.125279999999999,0.0
F,107,Thiago,6.0,6.0,Brentford,0,0.0,0,0.0,0,0.0,0,0.0,0,0.0,0,0.0,0,0.0,0,0.0,0.0
F,108,Toney,7.5,7.5,Brentford,92,5.07,87,3.71,87,5.75,84,3.12,84,3.75,83,4.87,81,4.78,80,16.701271187499998,0.1
G,109,Valdimarsson,4.0,4.0,Brentford,2,0.07,1,0.05,1,0.06,3,0.09,3,0.1,3,0.13,4,0.14,4,0.537141,0.04
F,110,Wissa,6.0,6.0,Brentford,39,2.03,38,1.62,37,2.21,40,1.52,39,1.73,40,2.11,40,2.17,40,7.636058875,0.03
M,111,Yarmoliuk,4.5,4.5,Brentford,6,0.36,6,0.33,6,0.38,8,0.36,9,0.41,9,0.45,9,0.43,9,1.7431216875,0.03
D,112,Zanka,4.5,4.5,Brentford,2,0.06,3,0.06,5,0.15,5,0.07,7,0.14,6,0.18,7,0.23,8,0.8506189375,0.0
M,113,Adingra,5.5,5.5,Brighton,21,1.17,21,1.18,21,0.94,21,1.46,19,1.15,19,0.98,18,1.02,19,3.8459909374999994,0.01
M,114,Baker-Boaitey,4.5,4.5,Brighton,0,0.0,0,0.0,0,0.0,0,0.0,0,0.0,0,0.0,0,0.0,0,0.0,0.0
M,115,Baleba,5.0,5.0,Brighton,73,2.2,73,2.21,73,1.8,69,2.43,69,2.32,69,1.86,67,2.03,65,7.0017495625,0.0
D,116,Barco,4.0,4.0,Brighton,83,3.03,76,2.74,70,1.26,52,2.67,42,1.99,40,1.06,40,1.43,37,4.58505175,0.23
M,117,Buonanotte,5.0,5.0,Leicester,39,1.67,34,1.47,33,1.46,35,1.45,34,1.58,34,1.21,32,1.56,34,5.596431624999998,0.0
M,118,Cozier-Duberry,4.5,4.5,Brighton,0,0.0,0,0.0,0,0.0,0,0.0,0,0.0,0,0.0,0,0.0,0,0.0,0.0
M,119,Dahoud,5.0,5.0,Brighton,0,0.0,0,0.0,0,0.0,0,0.0,0,0.0,1,0.1,2,0.11,1,0.44836824999999997,0.0
D,120,Dunk,4.5,4.5,Brighton,91,3.13,89,2.89,88,1.33,86,4.09,85,3.67,84,1.84,83,2.52,82,8.47060375,0.04
M,121,Enciso,5.5,5.5,Brighton,0,0.0,8,0.5,20,0.93,20,1.38,16,1.01,17,0.89,18,1.01,17,3.6806294375000004,0.0
D,122,Estupiñan,5.0,5.0,Brighton,0,0.0,0,0.0,0,0.0,21,1.13,43,2.15,46,1.35,44,1.7,47,5.809031374999999,0.0
F,123,Ferguson,5.5,5.5,Brighton,7,0.44,16,0.99,25,1.18,26,1.96,26,1.75,25,1.4,25,1.55,25,5.5785044374999995,0.0
M,124,Gilmour,5.0,5.0,Brighton,4,0.18,6,0.27,6,0.26,7,0.33,6,0.31,6,0.27,7,0.31,7,1.2490470625,0.0
M,125,Gross,6.5,6.5,Brighton,0,0.0,0,0.0,0,0.0,0,0.0,0,0.0,0,0.0,0,0.0,0,0.0,0.0
M,126,Hinshelwood,5.0,5.0,Brighton,32,1.3,29,1.23,33,1.15,29,1.43,28,1.3,27,1.05,28,1.19,29,4.2208308125,0.0
M,127,I.Osman,5.0,5.0,Brighton,3,0.2,2,0.16,2,0.13,2,0.17,1,0.09,2,0.11,1,0.11,2,0.5160958125,0.0
D,128,Igor,4.5,4.5,Brighton,23,0.74,27,0.87,29,0.55,29,1.19,24,0.94,25,0.59,26,0.76,25,2.6977562500000003,0.0
F,129,João Pedro,5.5,5.5,Brighton,66,3.58,73,4.3,69,2.82,67,5.13,65,4.39,65,3.31,62,3.59,61,12.1665875625,0.19
M,130,Kozlowski,4.5,4.5,Brighton,0,0.0,0,0.0,0,0.0,0,0.0,0,0.0,0,0.0,0,0.0,0,0.0,0.0
D,131,Lamptey,4.5,4.5,Brighton,7,0.27,9,0.39,11,0.32,10,0.51,9,0.43,8,0.3,8,0.35,8,1.2836611875,0.0
M,132,March,6.5,6.5,Brighton,0,0.0,0,0.0,0,0.0,11,0.78,23,1.45,27,1.35,27,1.47,26,5.07878875,0.0
M,133,Mazilu,4.5,4.5,Brighton,0,0.0,0,0.0,0,0.0,0,0.0,0,0.0,0,0.0,0,0.0,0,0.0,0.0
M,134,Milner,5.0,5.0,Brighton,29,1.12,19,0.8,15,0.57,14,0.69,11,0.52,11,0.47,13,0.55,15,2.16578475,0.0
M,135,Minteh,5.5,5.5,Brighton,77,3.71,74,3.74,71,2.57,64,4.16,60,3.52,53,2.4,54,2.75,54,9.406617875,0.01
M,136,Mitoma,6.5,6.5,Brighton,82,3.58,79,3.75,77,2.56,73,4.39,74,3.93,73,2.92,74,3.38,73,11.43370925,0.02
M,137,Moder,4.5,4.5,Brighton,10,0.5,13,0.61,13,0.5,12,0.63,11,0.55,13,0.55,12,0.57,14,2.126933625,0.0
F,138,O’Mahony,4.5,4.5,Brighton,4,0.22,2,0.13,2,0.14,1,0.1,2,0.11,2,0.13,2,0.14,2,0.5533685625,0.01
D,139,Offiah,4.0,4.0,Brighton,0,0.0,0,0.0,0,0.0,0,0.0,0,0.0,0,0.0,0,0.0,0,0.0,0.0
M,140,Peupion,4.5,4.5,Brighton,0,0.0,0,0.0,0,0.0,0,0.0,0,0.0,0,0.0,0,0.0,0,0.0,0.0
M,141,Sarmiento,5.0,5.0,Brighton,9,0.55,6,0.43,5,0.28,4,0.33,4,0.3,4,0.25,4,0.27,4,1.1501798125,0.0
G,142,Steele,4.5,4.5,Brighton,93,3.52,92,3.31,63,2.07,26,1.08,31,1.23,29,1.01,28,0.98,30,4.1437883125,0.01
F,143,Undav,5.5,5.5,Brighton,0,0.0,0,0.0,0,0.0,0,0.0,0,0.0,0,0.0,0,0.0,0,0.0,0.0
D,144,Van Hecke,4.5,4.5,Brighton,89,2.78,86,2.58,85,1.19,83,3.57,81,3.25,83,1.63,81,2.25,80,7.517430374999998,0.0
D,145,Veltman,4.5,4.5,Brighton,57,2.04,48,1.68,43,0.89,40,1.89,36,1.58,35,0.93,36,1.23,36,4.1134674375,0.0
G,146,Verbruggen,4.5,4.5,Brighton,0,0.0,0,0.0,30,0.97,69,2.8,64,2.56,65,2.21,66,2.33,64,8.240733,0.01
D,147,Webster,4.5,4.5,Brighton,7,0.25,10,0.34,12,0.26,13,0.56,13,0.55,13,0.35,14,0.45,14,1.6546093124999999,0.0
F,148,Welbeck,5.5,5.5,Brighton,63,3.16,45,2.51,28,1.27,23,1.78,24,1.67,22,1.2,23,1.41,26,5.24826675,0.01
M,149,Wieffer,5.0,5.0,Brighton,88,2.67,84,2.63,83,2.05,83,3.11,82,2.86,80,2.23,79,2.4,79,8.539729874999999,0.0
M,150,Andrey Santos,4.5,4.5,Chelsea,0,0.0,0,0.0,0,0.0,0,0.0,0,0.0,0,0.0,0,0.0,0,0.0,0.0
M,151,Ângelo,4.5,4.5,Chelsea,0,0.0,0,0.0,0,0.0,0,0.0,0,0.0,0,0.0,0,0.0,0,0.0,0.0
G,152,Arrizabalaga,4.5,4.5,Chelsea,0,0.0,0,0.0,0,0.0,0,0.0,0,0.0,0,0.0,0,0.0,0,0.0,0.0
D,153,B.Badiashile,4.5,4.5,Chelsea,48,1.22,45,1.73,45,1.83,43,1.5,41,1.33,42,1.68,43,1.91,41,4.415727062499999,0.0
G,154,Bergström,4.0,4.0,Chelsea,0,0.0,0,0.0,0,0.0,0,0.0,0,0.0,0,0.0,0,0.0,0,0.0,0.0
G,155,Bettinelli,4.0,4.0,Chelsea,0,0.0,0,0.0,0,0.0,0,0.0,0,0.0,0,0.0,0,0.0,0,0.0,0.0
F,156,Broja,5.5,5.5,Chelsea,6,0.41,8,0.55,10,0.72,9,0.63,9,0.64,11,0.79,9,0.74,11,2.6875644375,0.0
M,157,Caicedo,5.0,5.0,Chelsea,76,1.98,76,2.17,73,2.25,72,2.08,73,2.04,71,2.17,70,2.26,70,7.1030317499999995,0.01
M,158,Casadei,4.5,4.5,Chelsea,0,0.0,0,0.0,0,0.0,0,0.0,0,0.0,0,0.0,0,0.0,0,0.0,0.0
D,159,Chalobah,4.5,4.5,Chelsea,32,0.79,34,1.27,32,1.29,29,0.99,30,0.96,28,1.08,29,1.27,28,3.3334763124999998,0.0
D,160,Chilwell,5.0,5.0,Chelsea,45,1.45,29,1.35,29,1.44,26,1.19,26,1.08,29,1.43,32,1.8,30,4.1649316249999995,0.01
M,161,Chukwuemeka,5.0,5.0,Chelsea,3,0.19,5,0.32,6,0.37,6,0.37,6,0.38,8,0.47,8,0.47,7,1.6081779999999999,0.0
D,162,Colwill,4.5,4.5,Chelsea,47,1.25,45,1.77,44,1.85,42,1.5,44,1.5,42,1.73,43,1.94,43,5.031886125,0.01
D,163,Cucurella,5.0,5.0,Chelsea,47,1.19,69,2.63,68,2.81,66,2.32,67,2.12,63,2.52,60,2.8,62,6.954723625,0.06
F,164,D.D.Fofana,5.5,5.5,Chelsea,0,0.0,0,0.0,0,0.0,0,0.0,0,0.0,0,0.0,1,0.15,1,0.5270023125,0.0
F,165,Deivid,5.0,5.0,Chelsea,0,0.0,0,0.0,0,0.0,0,0.0,0,0.0,0,0.0,0,0.0,0,0.0,0.0
M,166,Dewsbury-Hall,6.0,6.0,Chelsea,16,0.67,18,0.83,24,1.16,23,1.05,25,1.06,23,1.09,25,1.29,25,3.9389198749999994,0.0
D,167,Disasi,4.5,4.5,Chelsea,31,0.8,28,1.07,30,1.22,28,0.98,28,0.9,30,1.16,29,1.29,29,3.2823751249999993,0.01
M,168,Enzo,5.0,5.0,Chelsea,87,2.63,84,3.0,82,3.31,82,3.03,81,2.82,82,3.17,79,3.37,80,10.068450625,0.01
M,169,Gallagher,6.0,6.0,Chelsea,10,0.4,9,0.41,6,0.26,8,0.34,6,0.25,6,0.3,5,0.24,5,0.850133125,0.01
D,170,Gilchrist,4.0,4.0,Chelsea,0,0.0,0,0.0,0,0.0,0,0.0,0,0.0,0,0.0,0,0.0,0,0.0,0.0
D,171,Gusto,5.0,5.0,Chelsea,82,2.16,79,3.23,78,3.42,50,1.93,41,1.49,34,1.52,36,1.78,37,4.5929146874999995,0.03
D,172,James,5.0,5.0,Chelsea,0,0.0,0,0.0,0,0.0,39,1.88,48,2.11,57,2.98,54,3.22,53,8.20777,0.0
M,173,Kellyman,4.5,4.5,Chelsea,0,0.0,0,0.0,0,0.0,0,0.0,0,0.0,0,0.0,0,0.0,0,0.0,0.0
M,174,Lavia,4.5,4.5,Chelsea,29,0.97,30,1.07,33,1.19,30,1.05,30,1.03,32,1.15,33,1.21,35,3.9777296874999997,0.01
F,175,Lukaku,6.5,6.5,Chelsea,0,0.0,0,0.0,0,0.0,0,0.0,0,0.0,0,0.0,0,0.0,0,0.0,0.01
D,176,M.Sarr,4.5,4.5,Chelsea,0,0.0,0,0.0,0,0.0,0,0.0,0,0.0,0,0.0,0,0.0,0,0.0,0.0
M,177,Madueke,6.5,6.5,Chelsea,33,1.65,33,1.84,30,1.86,31,1.8,33,1.85,30,1.94,30,2.0,31,6.4591935625,0.01
F,178,Marc Guiu,5.0,5.0,Chelsea,0,0.0,0,0.0,0,0.0,0,0.0,0,0.0,0,0.0,0,0.0,0,0.0,0.01
M,179,Mudryk,6.5,6.5,Chelsea,32,1.56,32,1.82,33,2.05,34,1.97,35,1.97,33,2.06,32,2.15,33,6.739198499999999,0.0
F,180,N.Jackson,7.5,7.5,Chelsea,53,2.44,52,2.82,52,3.04,51,2.9,52,2.77,52,3.19,53,3.52,50,9.986897687499999,0.02
M,181,Nkunku,6.5,6.5,Chelsea,76,3.96,72,4.63,70,5.09,69,4.54,68,4.25,65,4.83,65,5.22,66,14.727710437499997,0.17
M,182,Palmer,10.5,10.5,Chelsea,84,4.75,85,5.7,82,6.46,80,5.54,80,5.33,81,6.4,80,6.84,82,18.76015525,0.39
G,183,Petrović,4.5,4.5,Chelsea,3,0.1,2,0.08,2,0.07,3,0.1,3,0.12,4,0.15,4,0.15,5,0.627187375,0.01
M,184,Renato Veiga,4.5,4.5,Chelsea,0,0.0,0,0.0,0,0.0,0,0.0,0,0.0,0,0.0,0,0.0,0,0.0,0.0
G,185,Sánchez,4.5,4.5,Chelsea,47,1.57,46,1.73,49,1.92,45,1.63,44,1.59,48,1.82,46,1.86,42,5.75139175,0.03
M,186,Sterling,7.0,7.0,Chelsea,26,1.39,26,1.61,28,1.9,28,1.78,26,1.63,29,2.0,31,2.27,27,6.0991005000000005,0.02
D,187,Tosin,4.5,4.5,Chelsea,29,0.72,28,1.04,27,1.09,28,0.97,25,0.82,26,0.99,27,1.18,28,3.0392477499999995,0.0
M,188,Ugochukwu,4.5,4.5,Chelsea,3,0.17,4,0.24,4,0.27,5,0.27,5,0.29,6,0.34,6,0.34,7,1.23658475,0.0
D,189,W.Fofana,4.5,4.5,Chelsea,28,0.75,31,1.2,37,1.49,39,1.39,39,1.24,38,1.47,39,1.72,40,4.270251624999999,0.0
M,190,Ahamada,4.5,4.5,Crystal Palace,1,0.07,2,0.11,2,0.11,3,0.18,3,0.18,4,0.19,4,0.2,5,0.8083601874999999,0.0
D,191,Andersen,4.5,4.5,Crystal Palace,91,2.73,88,3.01,87,1.8,86,3.7,87,2.64,84,2.73,83,2.1,83,9.895585374999998,0.21
M,192,J.Ayew,5.5,5.5,Crystal Palace,29,1.51,31,1.72,31,1.42,32,1.99,32,1.65,33,1.62,31,1.5,34,6.204085999999999,0.01
M,193,C.Doucouré,5.0,5.0,Crystal Palace,35,1.25,37,1.36,37,1.22,38,1.48,38,1.35,38,1.33,39,1.27,37,4.905736625,0.0
D,194,C.Richards,4.5,4.5,Crystal Palace,53,1.57,53,1.73,57,1.17,54,2.12,54,1.62,53,1.73,54,1.34,53,6.0544081875,0.0
D,195,Chadi Riad,4.5,4.5,Crystal Palace,4,0.11,5,0.14,5,0.12,6,0.21,7,0.21,10,0.32,9,0.22,10,1.1026451874999998,0.0
D,196,Clyne,4.5,4.5,Crystal Palace,12,0.42,14,0.53,17,0.47,21,0.91,20,0.71,20,0.73,23,0.69,22,2.9533969374999995,0.0
M,197,Ebiowei,4.5,4.5,Crystal Palace,0,0.0,0,0.0,0,0.0,0,0.0,0,0.0,0,0.0,0,0.0,0,0.0,0.0
F,198,Edouard,5.5,5.5,Crystal Palace,65,3.19,45,2.61,31,1.55,31,2.16,32,1.85,33,1.77,33,1.75,34,6.8856723125,0.01
M,199,Eze,7.0,7.0,Crystal Palace,84,4.75,78,5.12,75,3.81,74,5.17,75,4.47,72,3.91,72,3.88,74,15.622428187499999,0.35
D,200,Guéhi,4.5,4.5,Crystal Palace,91,2.82,89,3.07,88,1.85,87,3.67,86,2.67,85,2.81,86,2.16,85,9.809299,0.08
G,201,Henderson,4.5,4.5,Crystal Palace,89,3.23,88,3.23,88,2.97,87,3.48,86,3.03,83,3.04,83,2.78,84,11.1378338125,0.15
D,202,Holding,4.5,4.5,Crystal Palace,2,0.04,2,0.06,4,0.07,3,0.1,4,0.1,4,0.1,6,0.14,5,0.550998375,0.0
M,203,Hughes,5.0,5.0,Crystal Palace,9,0.42,11,0.49,14,0.54,13,0.61,15,0.62,14,0.57,15,0.61,15,2.385723875,0.0
G,204,Johnstone,4.5,4.5,Crystal Palace,6,0.2,7,0.26,7,0.23,8,0.31,9,0.33,12,0.44,11,0.39,10,1.5851501874999998,0.01
M,205,Kamada,5.5,5.5,Crystal Palace,56,2.66,58,3.04,58,2.53,57,3.42,54,2.7,56,2.69,55,2.55,54,9.95297025,0.01
M,206,Lerma,5.0,5.0,Crystal Palace,65,2.03,65,2.19,61,1.75,62,2.29,62,1.98,61,1.91,60,1.81,61,7.065754749999999,0.0
F,207,Mateta,7.5,7.5,Crystal Palace,19,1.19,48,2.96,73,3.39,72,4.85,70,3.9,70,3.6,70,3.41,70,13.736478374999997,0.07
M,208,M.França,4.5,4.5,Crystal Palace,12,0.63,14,0.82,13,0.69,14,0.92,15,0.86,15,0.81,15,0.83,15,3.2705088124999997,0.0
G,209,Matthews,4.0,4.0,Crystal Palace,0,0.0,0,0.0,0,0.0,0,0.0,0,0.0,0,0.0,0,0.0,0,0.0,0.01
D,210,Mitchell,5.0,5.0,Crystal Palace,85,2.71,83,2.9,83,1.76,80,3.48,79,2.49,79,2.62,79,2.03,78,9.308097312499997,0.03
D,211,Muñoz,5.0,5.0,Crystal Palace,87,2.95,85,3.29,81,1.95,79,3.79,78,2.72,79,2.86,78,2.21,78,10.1282655625,0.04
M,212,Ozoh,4.5,4.5,Crystal Palace,0,0.0,0,0.0,0,0.0,0,0.0,0,0.0,0,0.0,0,0.0,0,0.0,0.0
M,213,Rak-Sakyi,4.5,4.5,Crystal Palace,3,0.22,3,0.28,3,0.23,5,0.39,4,0.31,5,0.33,5,0.32,6,1.3799806874999998,0.0
M,214,Schlupp,5.0,5.0,Crystal Palace,7,0.4,8,0.47,9,0.44,10,0.58,11,0.57,12,0.55,12,0.55,14,2.3941625624999996,0.0
D,215,Ward,4.5,4.5,Crystal Palace,5,0.13,6,0.19,8,0.18,11,0.39,11,0.32,12,0.38,11,0.27,12,1.4377660625,0.0
M,216,Wharton,5.0,5.0,Crystal Palace,80,2.59,80,2.8,77,2.31,77,3.04,77,2.59,75,2.5,75,2.35,73,9.021466625,0.01
M,217,A.Doucoure,5.5,5.5,Everton,84,3.24,80,2.63,78,3.45,77,2.77,74,3.13,73,3.06,74,3.0,72,11.265570812499998,0.01
F,218,Beto,5.0,5.0,Everton,25,1.58,27,1.37,25,1.66,25,1.37,26,1.68,26,1.61,27,1.65,27,6.244657624999999,0.0
D,219,Branthwaite,5.0,5.0,Everton,0,0.0,36,0.7,71,2.47,80,1.8,80,2.53,78,2.62,78,2.17,76,9.1005795,0.04
F,220,Calvert-Lewin,6.0,6.0,Everton,71,3.94,68,3.03,66,3.98,64,3.07,65,3.73,63,3.53,60,3.3,62,12.898703625,0.02
D,221,Coleman,4.5,4.5,Everton,0,0.0,18,0.47,34,1.33,36,1.05,36,1.34,35,1.34,35,1.18,36,5.1968353125,0.0
M,222,Gana,5.0,5.0,Everton,84,2.38,80,2.03,75,2.28,71,1.94,70,2.11,70,2.09,69,2.01,68,7.584541562499999,0.0
M,223,Garner,5.0,5.0,Everton,0,0.0,30,0.91,66,2.36,75,2.27,73,2.52,74,2.53,73,2.41,73,9.415297812499999,0.0
M,224,Harrison,5.5,5.5,Everton,74,3.24,71,2.6,68,3.22,66,2.57,66,2.94,65,2.9,63,2.76,64,10.675351187499999,0.0
D,225,Holgate,4.0,4.0,Everton,25,0.89,22,0.57,13,0.49,9,0.26,10,0.35,10,0.35,12,0.4,13,1.6668566249999999,0.01
M,226,Iroegbunam,4.5,4.5,Everton,58,1.94,47,1.47,33,1.26,32,1.12,34,1.29,35,1.29,36,1.29,37,4.895409249999999,0.0
G,227,J.Virginia,4.0,4.0,Everton,1,0.04,2,0.06,3,0.11,3,0.12,5,0.17,4,0.16,4,0.15,4,0.548792125,0.01
D,228,Keane,4.0,4.0,Everton,18,0.6,14,0.34,7,0.23,5,0.13,6,0.18,7,0.22,7,0.19,7,0.9663154375,0.02
F,229,Maupay,5.0,5.0,Everton,27,1.43,27,1.27,25,1.48,24,1.22,26,1.45,26,1.44,28,1.5,28,5.713195062499999,0.02
M,230,McNeil,5.5,5.5,Everton,89,3.93,84,2.99,82,3.84,81,3.02,80,3.56,81,3.54,79,3.37,80,12.796938124999999,0.01
D,231,Mykolenko,4.5,4.5,Everton,91,3.0,87,1.82,84,3.05,82,1.96,82,2.8,80,2.83,80,2.37,78,9.992195875,0.11
F,232,Ndiaye,5.5,5.5,Everton,55,2.65,51,2.06,44,2.31,44,1.94,44,2.2,44,2.17,47,2.27,46,8.570347437499997,0.0
M,233,Onana,5.0,5.0,Aston Villa,59,1.95,55,1.71,57,2.06,42,1.63,25,1.08,24,1.01,26,1.02,24,3.5407484999999994,0.01
D,234,Patterson,4.5,4.5,Everton,0,0.0,0,0.0,7,0.27,18,0.52,18,0.66,20,0.75,21,0.68,22,2.807382875,0.0
G,235,Pickford,5.0,5.0,Everton,94,3.44,93,3.03,92,3.5,91,3.11,90,3.44,91,3.4,91,3.17,90,12.556911937499999,0.17
D,236,Tarkowski,5.0,5.0,Everton,93,2.99,90,1.7,88,3.08,87,1.92,86,2.81,85,2.91,85,2.36,84,10.112861124999998,0.02
F,237,Y. Chermiti,5.0,5.0,Everton,0,0.0,0,0.0,0,0.0,0,0.0,0,0.0,0,0.0,0,0.0,0,0.0,0.0
D,238,Young,4.5,4.5,Everton,76,2.75,69,1.58,59,2.29,54,1.46,54,2.03,56,2.14,53,1.72,53,7.382377249999999,0.0
M,239,Adama,5.0,5.0,Fulham,59,2.47,57,3.28,58,2.98,56,2.79,56,2.65,56,2.62,55,1.92,52,9.5620171875,0.0
M,240,Andreas,5.5,5.5,Fulham,74,3.1,64,3.9,59,3.13,55,2.93,58,2.91,55,2.67,56,2.0,55,10.40358175,0.04
D,241,Bassey,4.5,4.5,Fulham,87,1.72,83,3.06,80,2.57,79,2.36,79,2.1,78,2.29,78,0.8,76,8.402612187499999,0.0
G,242,Benda,4.0,4.0,Fulham,1,0.04,2,0.07,3,0.13,3,0.13,4,0.15,4,0.15,4,0.12,3,0.46413843749999995,0.0
M,243,Cairney,5.0,5.0,Fulham,33,1.33,37,1.79,38,1.71,42,1.85,42,1.77,44,1.78,46,1.5,45,6.8576799374999995,0.0
D,244,Castagne,4.5,4.5,Fulham,79,1.82,75,3.21,72,2.62,72,2.49,69,2.1,69,2.32,69,0.9,68,8.617927375,0.03
D,245,Diop,4.5,4.5,Fulham,91,1.74,88,3.22,85,2.7,85,2.5,86,2.17,84,2.37,82,0.8,83,8.862743937499998,0.0
M,246,Harris,4.5,4.5,Fulham,0,0.0,0,0.0,0,0.0,0,0.0,0,0.0,0,0.0,0,0.0,0,0.0,0.0
M,247,Iwobi,5.5,5.5,Fulham,83,3.04,81,4.07,80,3.6,78,3.42,76,3.24,76,3.17,75,2.31,74,11.689582437499999,0.01
G,248,Leno,5.0,5.0,Fulham,94,3.2,93,3.64,91,3.43,92,3.28,91,3.15,91,3.32,91,2.99,91,12.5017511875,0.03
M,249,Lukić,5.0,5.0,Fulham,73,2.33,70,2.99,67,2.58,62,2.43,61,2.26,62,2.28,62,1.84,61,8.41969325,0.0
D,250,Mbabu,4.0,4.0,Fulham,5,0.1,7,0.25,10,0.33,12,0.38,13,0.4,13,0.42,15,0.23,14,1.9103201875,0.01
F,251,Muniz,6.0,6.0,Fulham,77,3.48,74,4.79,71,4.09,70,3.91,68,3.68,67,3.5,66,2.45,66,12.952971999999997,0.07
F,252,Raúl,5.5,5.5,Fulham,21,1.2,23,1.71,26,1.66,24,1.56,25,1.59,26,1.56,27,1.22,27,6.0560921875,0.01
D,253,Ream,4.5,4.5,Fulham,0,0.0,0,0.0,0,0.0,0,0.0,0,0.0,0,0.0,0,0.0,0,0.0,0.0
M,254,Reed,5.0,5.0,Fulham,37,1.26,41,1.61,45,1.6,48,1.67,49,1.65,48,1.61,47,1.35,50,6.074982875,0.0
D,255,Robinson,4.5,4.5,Fulham,84,1.81,84,3.44,81,2.84,79,2.58,77,2.23,77,2.42,76,0.87,75,8.875878,0.08
F,256,Stansfield,5.0,5.0,Fulham,0,0.0,0,0.0,0,0.0,0,0.0,0,0.0,1,0.08,1,0.08,1,0.42403831249999996,0.0
D,257,Tete,4.5,4.5,Fulham,15,0.44,20,0.88,23,0.89,22,0.84,25,0.85,26,0.95,25,0.47,28,3.661084624999999,0.0
F,258,Vinicius,5.0,5.0,Fulham,3,0.24,5,0.41,6,0.46,8,0.55,9,0.59,9,0.6,9,0.47,10,2.3251645625,0.01
M,259,Wilson,5.5,5.5,Fulham,31,1.52,34,2.21,35,2.06,37,2.12,37,2.0,37,1.98,37,1.48,41,7.8453435625,0.0
F,260,Al-Hamadi,5.0,5.0,Ipswich,19,1.1,18,0.89,17,1.15,20,1.13,20,1.28,19,1.17,14,0.83,10,2.3785725,0.0
D,261,Baggott,4.0,4.0,Ipswich,0,0.0,0,0.0,0,0.0,0,0.0,0,0.0,0,0.0,0,0.0,0,0.0,0.0
M,262,Broadhead,5.0,5.0,Ipswich,0,0.0,0,0.0,0,0.0,0,0.0,0,0.0,21,1.09,40,1.81,48,8.804929625,0.0
D,263,Burgess,4.0,4.0,Ipswich,54,0.9,55,0.28,57,1.56,58,1.04,57,1.45,57,1.3,55,0.99,58,5.192745187499999,0.0
M,264,Burns,5.0,5.0,Ipswich,60,2.37,61,2.0,59,2.77,62,2.4,60,2.63,56,2.45,51,2.06,49,7.9392875,0.0
M,265,Chaplin,5.5,5.5,Ipswich,59,2.75,60,2.25,60,3.43,58,2.72,58,3.12,55,2.93,50,2.39,47,8.939426124999999,0.0
D,266,Clarke,4.0,4.0,Ipswich,0,0.0,0,0.0,0,0.0,0,0.0,0,0.0,0,0.0,0,0.0,0,0.0,0.0
D,267,Davis,4.5,4.5,Ipswich,84,1.79,81,0.64,77,2.71,75,1.72,76,2.42,76,2.22,77,1.77,74,8.67992675,0.02
F,268,Delap,5.5,5.5,Ipswich,64,2.73,67,2.25,69,3.34,68,2.8,67,3.05,66,2.96,61,2.56,54,9.4707154375,0.0
D,269,Edmundson,4.0,4.0,Ipswich,13,0.26,17,0.16,19,0.55,20,0.44,19,0.55,23,0.59,20,0.43,24,2.3271663124999997,0.0
D,270,Greaves,4.0,4.0,Ipswich,72,1.12,68,0.29,66,1.8,66,1.17,67,1.65,66,1.46,66,1.16,64,5.891693624999999,0.01
M,271,Harness,5.0,5.0,Ipswich,57,2.24,56,1.84,57,2.61,57,2.21,57,2.49,53,2.27,48,1.96,45,7.413349687499999,0.0
F,272,Hirst,5.5,5.5,Ipswich,0,0.0,0,0.0,0,0.0,0,0.0,0,0.0,1,0.07,17,0.89,38,7.32119725,0.0
M,273,Humphreys,4.5,4.5,Ipswich,1,0.07,4,0.18,5,0.26,7,0.32,7,0.31,7,0.3,7,0.29,7,1.2178796875,0.0
M,274,Hutchinson,5.5,5.5,Ipswich,79,2.92,77,2.31,75,3.34,73,2.72,73,3.14,71,2.93,68,2.59,66,10.236378124999998,0.01
D,275,Johnson,4.0,4.0,Ipswich,75,1.36,72,0.49,68,2.08,70,1.41,68,1.85,67,1.66,65,1.29,65,6.5924561875,0.03
F,276,Ladapo,4.5,4.5,Ipswich,19,1.04,19,0.85,20,1.18,19,1.03,20,1.22,19,1.14,14,0.81,9,2.1813149999999997,0.02
M,277,Luongo,4.5,4.5,Ipswich,76,2.08,74,1.79,74,2.27,70,1.93,69,2.08,71,2.1,69,1.9,69,7.521148625,0.0
M,278,Morsy,5.0,5.0,Ipswich,90,2.17,87,1.84,84,2.28,86,2.03,83,2.18,83,2.11,83,1.98,81,7.6481610625,0.0
D,279,Ndaba,4.0,4.0,Ipswich,0,0.0,0,0.0,0,0.0,0,0.0,0,0.0,0,0.0,0,0.0,0,0.0,0.0
G,280,Slicker,4.0,4.0,Ipswich,0,0.0,0,0.0,0,0.0,0,0.0,0,0.0,0,0.0,0,0.0,0,0.0,0.01
M,281,Taylor,5.0,5.0,Ipswich,25,1.01,29,0.99,30,1.27,32,1.2,34,1.35,32,1.26,32,1.19,32,4.9130931874999995,0.0
D,282,Tuanzebe,4.0,4.0,Ipswich,26,0.53,29,0.29,32,0.93,30,0.65,32,0.88,34,0.83,34,0.7,34,3.40148125,0.01
G,283,Walton,4.5,4.5,Ipswich,3,0.09,3,0.1,3,0.12,5,0.15,5,0.18,5,0.16,6,0.2,7,0.8252861249999999,0.0
D,284,Woolfenden,4.0,4.0,Ipswich,67,0.98,62,0.25,64,1.61,62,0.99,62,1.4,57,1.18,60,0.96,58,4.8444970624999995,0.01
M,285,B.Soumaré,4.5,4.5,Leicester,42,1.15,45,1.2,46,1.23,45,1.17,46,1.3,42,1.03,45,1.28,45,4.5573074375,0.0
F,286,Cannon,4.5,4.5,Leicester,46,2.27,25,1.39,7,0.49,7,0.42,7,0.49,6,0.36,8,0.56,8,1.9988087499999998,0.01
M,287,Choudhury,4.5,4.5,Leicester,38,1.08,42,1.14,46,1.25,48,1.26,49,1.38,46,1.14,46,1.31,48,4.9055295,0.0
D,288,Coady,4.0,4.0,Leicester,0,0.0,0,0.0,0,0.0,0,0.0,7,0.21,14,0.18,16,0.49,16,1.7085511875,0.01
F,289,Daka,5.0,5.0,Leicester,27,1.46,45,2.28,47,2.67,44,2.18,43,2.53,44,1.77,42,2.5,45,9.0492350625,0.01
M,290,De Cordova-Reid,5.5,5.5,Leicester,49,2.37,44,2.14,42,2.04,41,1.86,42,2.13,42,1.51,41,2.13,42,7.6158335,0.0
D,291,Faes,4.0,4.0,Leicester,91,1.83,87,1.89,85,2.0,83,1.71,83,2.63,81,0.64,81,2.38,81,7.652089812499999,0.07
M,292,Golding,4.5,4.5,Leicester,0,0.0,0,0.0,1,0.06,0,0.0,0,0.0,0,0.0,0,0.0,0,0.0,0.0
G,293,Hermansen,4.5,4.5,Leicester,93,3.1,92,3.08,91,3.08,91,3.04,90,3.32,89,2.9,90,3.19,87,11.4948669375,0.0
G,294,Iversen,4.0,4.0,Leicester,2,0.06,3,0.11,3,0.12,4,0.13,4,0.16,5,0.17,5,0.17,7,0.7873525,0.01
D,295,Justin,4.5,4.5,Leicester,33,0.85,32,0.86,35,1.0,36,0.9,38,1.35,39,0.46,37,1.23,37,4.202614812499999,0.0
D,296,Kristiansen,4.5,4.5,Leicester,55,1.33,53,1.34,52,1.42,53,1.27,55,1.93,50,0.59,52,1.65,51,5.412242687499999,0.0
M,297,Marcal,4.5,4.5,Leicester,4,0.28,5,0.33,4,0.28,4,0.27,5,0.33,6,0.32,6,0.39,6,1.49748625,0.0
M,298,Mavididi,5.5,5.5,Leicester,79,4.07,76,3.61,72,3.66,71,3.15,70,3.69,70,2.44,69,3.8,69,12.789816374999997,0.01
M,299,McAteer,5.0,5.0,Leicester,15,0.81,15,0.81,14,0.77,15,0.75,14,0.85,15,0.66,16,0.96,17,3.5585884374999996,0.0
M,300,Ndidi,5.0,5.0,Leicester,74,2.27,71,2.23,68,2.25,65,2.0,64,2.25,67,1.78,66,2.3,64,7.8396149374999995,0.0
D,301,Okoli,4.0,4.0,Leicester,68,1.35,66,1.36,65,1.44,64,1.27,62,1.87,62,0.45,61,1.65,61,5.3780870625,0.0
D,302,Ricardo,4.5,4.5,Leicester,69,1.64,70,1.76,68,1.85,66,1.55,63,2.26,61,0.59,62,2.02,60,6.4692335624999995,0.0
D,303,Souttar,4.0,4.0,Leicester,0,0.0,0,0.0,0,0.0,0,0.0,0,0.0,0,0.0,0,0.0,0,0.0,0.0
G,304,Stolarczyk,4.0,4.0,Leicester,0,0.0,0,0.0,0,0.0,0,0.0,0,0.0,0,0.0,0,0.0,0,0.0,0.0
D,305,Thomas,4.0,4.0,Leicester,19,0.54,22,0.61,25,0.74,23,0.64,22,0.81,24,0.38,22,0.76,25,2.8037265,0.01
F,306,Vardy,5.5,5.5,Leicester,3,0.18,18,1.02,47,2.65,55,2.67,55,3.18,56,2.15,56,3.35,54,11.226481125,0.02
D,307,Vestergaard,4.0,4.0,Leicester,41,0.9,45,1.01,45,1.08,48,0.99,45,1.43,46,0.4,45,1.3,46,4.4901508125000005,0.02
G,308,Ward,4.0,4.0,Leicester,0,0.0,0,0.0,0,0.0,0,0.0,0,0.0,0,0.0,0,0.0,0,0.0,0.03
M,309,Winks,4.5,4.5,Leicester,88,2.33,85,2.19,82,2.26,81,2.08,79,2.32,80,1.83,81,2.35,79,8.056242874999999,0.13
G,310,A.Becker,5.5,5.5,Liverpool,93,3.93,92,3.95,91,3.41,91,4.0,91,3.81,90,3.72,91,3.62,91,13.051112312499997,0.1
D,311,Alexander-Arnold,7.0,7.0,Liverpool,83,4.88,79,4.68,77,3.11,73,4.61,74,4.4,73,3.83,73,3.44,72,12.31077475,0.28
M,312,Bajcetic,4.5,4.5,Liverpool,0,0.0,2,0.12,3,0.16,3,0.18,5,0.26,5,0.23,6,0.27,5,0.984215625,0.0
D,313,Bradley,5.0,5.0,Liverpool,15,0.74,18,0.99,21,0.92,23,1.32,23,1.24,23,1.18,24,1.09,25,4.212521375,0.01
M,314,Carvalho,5.0,5.0,Brentford,31,1.6,38,1.56,35,2.07,36,1.37,36,1.59,35,1.82,36,1.95,36,6.868369625,0.01
M,315,Clark,4.5,4.5,Liverpool,0,0.0,0,0.0,0,0.0,0,0.0,0,0.0,0,0.0,0,0.0,0,0.0,0.0
F,316,Darwin,7.5,7.5,Liverpool,40,2.76,46,3.15,47,2.57,48,3.39,49,3.5,49,2.9,49,2.8,50,11.085479562499998,0.06
M,317,Diogo J.,7.5,7.5,Liverpool,69,4.96,61,4.41,60,3.37,55,4.21,53,3.96,53,3.29,54,3.21,54,12.432691124999998,0.14
M,318,Doak,4.5,4.5,Liverpool,0,0.0,0,0.0,0,0.0,0,0.0,0,0.0,0,0.0,0,0.0,0,0.0,0.0
M,319,Elliott,5.5,5.5,Liverpool,23,1.36,27,1.56,28,1.4,31,1.82,30,1.76,32,1.63,31,1.58,31,5.97753725,0.01
M,320,Endo,5.0,5.0,Liverpool,44,1.77,45,1.82,45,1.53,43,1.75,43,1.69,42,1.53,43,1.55,44,5.905081874999999,0.0
F,321,Gakpo,7.5,7.5,Liverpool,31,2.1,33,2.27,38,2.09,39,2.72,41,2.8,41,2.35,41,2.31,41,9.1615488125,0.05
D,322,Gomez,5.0,5.0,Liverpool,7,0.23,8,0.29,9,0.26,12,0.47,12,0.46,14,0.48,15,0.52,14,1.8310374999999999,0.01
M,323,Gravenberch,5.0,5.0,Liverpool,38,1.79,38,1.78,39,1.56,41,1.92,39,1.81,41,1.74,39,1.62,40,6.1968440000000005,0.0
M,324,Jones,5.5,5.5,Liverpool,18,0.98,22,1.13,25,1.13,28,1.49,27,1.41,26,1.25,27,1.23,29,4.917191562499999,0.0
G,325,Kelleher,4.5,4.5,Liverpool,2,0.08,3,0.12,4,0.14,3,0.15,4,0.17,5,0.2,4,0.14,4,0.5506559999999999,0.0
D,326,Konaté,5.0,5.0,Liverpool,21,0.86,30,1.32,29,0.95,35,1.64,34,1.47,37,1.47,37,1.34,39,4.934532375,0.02
M,327,Luis Díaz,7.5,7.5,Liverpool,60,3.98,62,4.09,62,3.31,63,4.32,62,4.18,60,3.38,60,3.25,61,12.607246749999998,0.09
M,328,M.Salah,12.5,12.5,Liverpool,89,7.28,83,7.03,75,4.75,72,6.36,73,6.37,74,5.13,73,4.84,73,18.996076562499997,0.34
M,329,Mac Allister,6.5,6.5,Liverpool,89,3.88,84,3.88,84,3.09,81,4.0,82,3.92,81,3.32,80,3.13,80,12.218330687499998,0.03
M,330,McConnell,4.5,4.5,Liverpool,0,0.0,0,0.0,0,0.0,0,0.0,0,0.0,0,0.0,0,0.0,0,0.0,0.0
M,331,Morton,4.5,4.5,Liverpool,0,0.0,0,0.0,0,0.0,0,0.0,0,0.0,0,0.0,1,0.06,0,0.2016954375,0.0
D,332,N.Phillips,4.0,4.0,Liverpool,0,0.0,0,0.0,0,0.0,0,0.0,0,0.0,0,0.0,0,0.0,0,0.0,0.0
D,333,Quansah,4.5,4.5,Liverpool,78,3.27,69,3.0,68,2.12,63,2.84,64,2.7,63,2.48,62,2.21,60,7.593744125,0.05
D,334,R.Williams,4.0,4.0,Liverpool,0,0.0,0,0.0,0,0.0,0,0.0,0,0.0,0,0.0,0,0.0,0,0.0,0.0
D,335,Robertson,6.0,6.0,Liverpool,27,1.42,56,3.12,79,3.0,78,4.54,76,4.14,76,3.66,74,3.25,74,11.878928562499999,0.05
M,336,Szoboszlai,6.5,6.5,Liverpool,62,3.65,61,3.62,59,2.85,57,3.53,59,3.55,58,3.01,58,2.88,56,10.8931423125,0.02
D,337,Tsimikas,5.0,5.0,Liverpool,65,3.41,36,1.96,14,0.56,14,0.78,15,0.8,16,0.73,17,0.75,17,2.8886069374999996,0.01
D,338,Van den Berg,4.0,4.0,Liverpool,0,0.0,1,0.04,1,0.04,2,0.08,2,0.1,3,0.11,3,0.09,4,0.49287349999999996,0.0
D,339,Virgil,6.0,6.0,Liverpool,90,4.03,87,3.94,87,2.73,85,4.04,84,3.73,82,3.33,82,2.96,81,10.6326338125,0.12
D,340,Akanji,5.5,5.5,Man City,59,2.12,60,3.35,54,2.28,53,2.74,54,1.94,54,2.07,54,2.72,55,9.5043810625,0.04
D,341,Aké,5.5,5.5,Man City,59,2.25,56,3.33,55,2.4,55,2.93,55,2.11,54,2.18,55,2.92,52,9.954704125,0.03
M,342,Bernardo,6.5,6.5,Man City,75,3.5,69,4.69,61,3.03,65,3.8,62,2.66,62,2.92,62,3.71,63,12.41211175,0.04
M,343,Bobb,5.0,5.0,Man City,0,0.0,0,0.0,0,0.0,0,0.0,0,0.0,0,0.0,0,0.0,0,3.346809124999999,0.01
G,344,Carson,4.0,4.0,Man City,0,0.0,0,0.0,0,0.0,0,0.0,0,0.0,0,0.0,0,0.0,0,0.0,0.0
M,345,De Bruyne,9.5,9.5,Man City,54,3.18,69,6.04,68,4.4,66,5.02,68,3.62,66,3.96,63,4.93,63,16.417862562499998,0.07
M,346,Doku,6.5,6.5,Man City,73,3.83,62,4.89,52,3.08,50,3.46,50,2.53,51,2.86,49,3.4,49,11.212700937500001,0.03
G,347,Ederson M.,5.5,5.5,Man City,93,3.53,91,4.31,91,3.69,90,4.05,88,3.38,89,3.45,88,3.95,86,13.927857499999998,0.06
M,348,Foden,9.5,9.5,Man City,39,2.5,60,5.73,75,5.02,73,5.92,73,4.16,74,4.75,72,5.96,71,19.599820625,0.2
M,349,Grealish,6.5,6.5,Man City,12,0.7,32,2.58,45,2.66,44,3.03,43,2.15,44,2.48,42,2.99,43,9.9850013125,0.0
D,350,Gvardiol,6.0,6.0,Man City,79,3.01,76,4.77,72,3.24,71,3.99,70,2.69,71,2.86,70,3.84,68,12.8660951875,0.34
F,351,Haaland,15.0,15.0,Man City,89,6.51,84,9.71,82,6.38,79,7.73,80,5.21,79,5.81,79,7.74,76,24.6860451875,0.5
F,352,J.Alvarez,7.0,7.0,Man City,0,0.0,0,0.0,0,0.0,0,0.0,0,0.0,0,0.0,0,0.0,0,0.0,0.01
D,353,João Cancelo,5.5,5.5,Man City,0,0.0,0,0.0,0,0.0,0,0.0,0,0.0,0,0.0,0,0.0,0,0.0,0.01
M,354,Kovačić,5.5,5.5,Man City,68,2.43,53,2.55,40,1.63,41,1.87,40,1.5,40,1.58,40,1.82,42,6.462394374999999,0.0
D,355,Lewis,4.5,4.5,Man City,46,1.88,32,1.93,12,0.51,13,0.65,13,0.52,13,0.56,13,0.69,13,2.420672375,0.01
M,356,Matheus N.,5.0,5.0,Man City,49,2.21,33,2.06,25,1.31,26,1.5,26,1.2,28,1.36,28,1.55,27,5.2631253749999996,0.0
M,357,McAtee,5.0,5.0,Man City,12,0.79,8,0.84,8,0.61,8,0.73,9,0.56,9,0.67,11,0.9,10,2.6168733125,0.0
G,358,Ortega Moreno,5.5,5.5,Man City,2,0.09,4,0.2,4,0.18,5,0.24,7,0.26,6,0.24,7,0.32,9,1.1799979374999998,0.01
M,359,Phillips,5.0,5.0,Man City,2,0.12,1,0.1,2,0.12,2,0.14,2,0.13,2,0.16,2,0.17,2,0.6075196875,0.0
M,360,Rodrigo,6.5,6.5,Man City,45,1.72,65,3.35,82,3.15,81,3.67,81,2.73,79,2.91,80,3.63,80,12.384605062499999,0.07
D,361,Rúben,5.5,5.5,Man City,77,2.71,71,4.06,68,2.82,64,3.27,67,2.43,64,2.39,67,3.39,67,11.3052695,0.03
D,362,Stones,5.5,5.5,Man City,24,0.88,47,2.71,52,2.19,55,2.88,51,1.9,53,2.07,54,2.77,55,9.444593187499999,0.02
D,363,Walker,5.5,5.5,Man City,25,0.94,27,1.53,66,2.72,63,3.26,66,2.41,64,2.45,62,3.2,64,11.075541312499999,0.1
M,364,Amad,5.0,5.0,Man Utd,40,2.4,35,1.8,31,1.57,27,1.62,24,1.26,26,1.41,26,1.33,26,5.803350375,0.03
M,365,Antony,6.0,6.0,Man Utd,19,1.19,20,1.1,21,1.11,20,1.23,18,0.95,18,1.05,19,1.03,19,4.446098749999999,0.0
M,366,B.Fernandes,8.5,8.5,Man Utd,91,6.25,88,4.87,87,4.75,86,5.5,85,4.6,86,5.03,85,4.44,84,20.24301775,0.18
G,367,Bayindir,4.5,4.5,Man Utd,1,0.05,2,0.08,3,0.1,3,0.12,3,0.12,3,0.11,4,0.13,3,0.5018021874999999,0.0
M,368,Casemiro,5.0,5.0,Man Utd,84,3.07,80,2.52,79,2.44,76,2.66,75,2.37,74,2.41,74,2.3,73,9.532336375,0.0
D,369,Dalot,5.0,5.0,Man Utd,90,3.85,88,2.71,85,2.47,82,3.26,79,2.59,78,2.58,78,2.24,78,11.189691125,0.08
M,370,Eriksen,5.5,5.5,Man Utd,5,0.35,7,0.41,7,0.4,9,0.53,9,0.5,8,0.49,8,0.46,9,2.0560873749999997,0.0
D,371,Evans,4.5,4.5,Man Utd,6,0.2,3,0.1,4,0.12,4,0.13,4,0.12,4,0.11,4,0.11,4,0.48422956249999993,0.0
M,372,Garnacho,6.5,6.5,Man Utd,82,4.68,76,3.66,74,3.48,73,4.0,72,3.42,70,3.52,71,3.24,70,14.228706062499999,0.17
M,373,Hannibal,4.5,4.5,Man Utd,0,0.0,0,0.0,1,0.1,2,0.12,1,0.11,2,0.12,1,0.09,2,0.472925875,0.0
G,374,Heaton,4.0,4.0,Man Utd,0,0.0,0,0.0,0,0.0,0,0.0,0,0.0,0,0.0,0,0.0,0,0.0,0.0
F,375,Højlund,7.0,7.0,Man Utd,0,0.0,0,0.0,0,0.0,19,1.15,42,2.18,45,2.51,46,2.34,45,10.043198687499999,0.01
D,376,Lindelof,4.5,4.5,Man Utd,27,1.07,22,0.71,24,0.72,20,0.74,14,0.46,13,0.44,13,0.39,12,1.6165663124999998,0.0
D,377,Maguire,5.0,5.0,Man Utd,57,2.22,32,1.03,36,1.04,35,1.35,29,0.98,28,0.94,27,0.82,27,4.048368749999999,0.0
M,378,Mainoo,5.5,5.5,Man Utd,77,2.64,74,2.24,73,2.19,71,2.32,69,2.11,69,2.16,70,2.08,70,8.437440562499999,0.06
D,379,Malacia,4.5,4.5,Man Utd,0,0.0,0,0.0,0,0.0,0,0.0,0,0.0,0,0.0,5,0.16,11,1.7973682499999997,0.0
D,380,Martinez,4.5,4.5,Man Utd,81,3.27,79,2.39,78,2.12,75,2.77,74,2.3,72,2.25,73,1.96,72,9.6592924375,0.05
M,381,McTominay,5.0,5.0,Man Utd,25,1.27,26,1.1,27,1.06,29,1.33,28,1.1,29,1.17,29,1.11,28,4.657182,0.01
M,382,Mount,6.5,6.5,Man Utd,24,1.49,24,1.29,25,1.33,25,1.46,25,1.3,23,1.27,23,1.22,26,5.6204188749999995,0.0
G,383,Onana,5.0,5.0,Man Utd,94,3.66,93,3.31,92,3.19,92,3.49,91,3.34,92,3.27,91,3.17,92,12.763707124999998,0.06
M,384,Pellistri,5.0,5.0,Man Utd,0,0.0,0,0.0,0,0.0,0,0.0,0,0.0,0,0.0,0,0.0,0,0.07308087499999999,0.0
M,385,Rashford,7.0,7.0,Man Utd,70,4.83,67,3.7,66,3.63,66,4.13,66,3.58,64,3.7,63,3.33,64,14.765739312500001,0.05
M,386,Sancho,6.5,6.5,Man Utd,8,0.51,7,0.42,7,0.37,6,0.36,6,0.33,6,0.34,6,0.33,5,1.395170875,0.0
D,387,Shaw,5.0,5.0,Man Utd,0,0.0,0,0.0,0,0.0,30,1.24,64,2.13,73,2.51,74,2.15,70,10.3147824375,0.01
D,388,Wan-Bissaka,4.5,4.5,West Ham,74,2.31,69,1.92,70,1.34,69,2.01,66,1.79,67,1.98,67,2.84,66,6.899828812499999,0.02
F,389,Zirkzee,7.0,7.0,Man Utd,48,3.01,66,3.31,75,3.63,62,3.56,51,2.65,50,2.72,48,2.42,49,10.520461625,0.02
D,390,A.Murphy,4.0,4.0,Newcastle,0,0.0,0,0.0,0,0.0,0,0.0,0,0.0,0,0.0,1,0.04,1,0.13048649999999998,0.01
M,391,Almirón,6.0,6.0,Newcastle,18,1.19,22,1.25,22,1.23,20,1.13,19,1.04,21,1.03,20,1.15,24,4.7025788749999995,0.01
M,392,Barnes,6.5,6.5,Newcastle,33,2.33,38,2.13,37,2.19,36,2.07,35,2.07,36,1.76,37,2.09,38,7.8088309375,0.01
D,393,Botman,4.5,4.5,Newcastle,0,0.0,0,0.0,0,0.0,0,0.0,0,0.0,0,0.0,0,0.0,0,0.0,0.0
M,394,Bruno G.,6.5,6.5,Newcastle,89,4.04,86,3.13,84,3.1,83,2.99,81,2.92,81,2.5,79,2.84,80,10.5880399375,0.03
D,395,Burn,4.5,4.5,Newcastle,78,3.46,74,2.49,74,2.43,76,2.76,74,2.52,74,1.69,70,2.55,71,8.438747625,0.18
G,396,Dúbravka,4.5,4.5,Newcastle,0,0.0,0,0.0,0,0.0,0,0.0,0,0.0,0,0.0,0,0.0,0,0.0,0.01
M,397,Fraser,5.0,5.0,Newcastle,0,0.0,2,0.15,1,0.12,1,0.09,1,0.1,1,0.11,2,0.14,2,0.5301510625,0.0
M,398,Gordon,7.5,7.5,Newcastle,86,5.6,82,4.27,80,4.14,79,3.93,78,3.92,78,3.18,78,3.86,76,14.146479687499998,0.28
D,399,Hall,4.5,4.5,Newcastle,63,3.19,53,1.98,35,1.34,30,1.21,32,1.23,33,0.93,33,1.31,34,4.544217499999999,0.04
M,400,Hayden,4.5,4.5,Newcastle,8,0.4,8,0.39,6,0.32,7,0.33,8,0.39,7,0.34,7,0.34,9,1.4255885,0.0
F,401,Isak,8.5,8.5,Newcastle,89,7.14,86,5.25,80,5.05,78,4.59,75,4.49,75,3.67,76,4.42,74,16.581467124999996,0.59
M,402,J.Murphy,5.5,5.5,Newcastle,63,3.78,58,2.83,53,2.66,48,2.43,49,2.47,48,2.04,45,2.27,45,8.558285999999999,0.02
M,403,Joelinton,6.0,6.0,Newcastle,56,2.98,56,2.41,42,1.97,44,1.9,44,1.98,45,1.71,44,1.89,43,7.012123124999999,0.0
D,404,Kelly,4.5,4.5,Newcastle,80,3.37,79,2.42,78,2.31,78,2.67,76,2.35,76,1.58,76,2.54,75,8.1570713125,0.0
D,405,Krafth,4.5,4.5,Newcastle,13,0.47,13,0.39,14,0.42,17,0.57,18,0.54,18,0.41,20,0.68,20,2.1843666875,0.0
M,406,Kuol,4.5,4.5,Newcastle,0,0.0,0,0.0,0,0.0,0,0.0,0,0.0,0,0.0,0,0.0,0,0.0,0.0
D,407,Lascelles,4.5,4.5,Newcastle,0,0.0,0,0.0,0,0.0,0,0.0,0,0.0,0,0.0,0,0.0,0,0.0,0.0
D,408,Lewis,4.0,4.0,Newcastle,0,0.0,1,0.06,1,0.04,1,0.05,2,0.08,2,0.06,3,0.11,3,0.35033431249999997,0.0
D,409,Livramento,4.5,4.5,Newcastle,27,1.33,31,1.2,38,1.42,39,1.56,40,1.5,41,1.12,42,1.67,41,5.5099683125,0.01
M,410,Longstaff,5.0,5.0,Newcastle,65,2.64,64,2.24,49,1.76,48,1.69,49,1.76,49,1.51,48,1.69,48,6.2791376875,0.01
M,411,Miley,5.0,5.0,Newcastle,0,0.0,0,0.0,0,0.0,0,0.0,0,0.0,2,0.12,6,0.28,6,1.22269975,0.0
G,412,Odysseas,4.5,4.5,Newcastle,1,0.05,2,0.07,3,0.11,3,0.12,4,0.13,4,0.13,4,0.14,4,0.5648571250000001,0.0
G,413,Pope,5.0,5.0,Newcastle,94,3.82,93,3.38,91,3.23,92,3.45,91,3.29,90,3.01,91,3.45,90,12.009406125,0.06
G,414,Ruddy,4.0,4.0,Newcastle,0,0.0,0,0.0,0,0.0,0,0.0,0,0.0,0,0.0,0,0.0,0,0.0,0.0
D,415,Schär,5.5,5.5,Newcastle,67,3.04,86,2.83,86,2.7,82,2.91,81,2.67,81,1.81,80,2.86,79,9.3240828125,0.03
D,416,Targett,4.0,4.0,Newcastle,1,0.07,2,0.07,1,0.06,2,0.07,2,0.1,3,0.08,2,0.1,3,0.3759320625,0.01
M,417,Tonali,5.5,5.5,Newcastle,0,0.0,0,0.0,69,2.56,68,2.48,68,2.51,65,2.09,65,2.42,65,8.92416375,0.0
D,418,Trippier,6.0,6.0,Newcastle,74,4.22,65,2.69,56,2.24,56,2.42,53,2.18,53,1.5,53,2.29,51,7.693245062499999,0.14
M,419,White,4.5,4.5,Newcastle,0,0.0,0,0.0,0,0.0,0,0.0,0,0.0,0,0.0,0,0.0,0,0.0,0.0
M,420,Willock,5.0,5.0,Newcastle,39,2.19,42,1.98,28,1.42,28,1.36,29,1.43,29,1.24,29,1.42,30,5.353778687499999,0.0
F,421,Wilson,7.0,7.0,Newcastle,0,0.0,0,0.0,11,0.78,29,1.91,31,2.06,32,1.8,32,2.05,32,7.682659062499999,0.0
D,422,Aina,4.5,4.5,Nott'm Forest,86,3.1,82,2.71,80,3.21,79,1.27,79,2.03,77,2.82,77,1.5,76,8.5094774375,0.01
M,423,Anderson,5.0,5.0,Nott'm Forest,46,1.93,47,1.88,46,1.89,48,1.58,48,1.73,47,1.93,48,1.63,47,6.5856166875,0.0
F,424,Awoniyi,6.0,6.0,Nott'm Forest,17,1.14,19,1.23,18,1.21,19,0.99,19,1.11,21,1.36,20,1.1,20,4.738029,0.01
D,425,Boly,4.5,4.5,Nott'm Forest,86,2.93,83,2.67,78,2.99,77,1.22,76,1.88,74,2.59,74,1.38,73,7.9050695,0.0
M,426,Bowler,4.5,4.5,Nott'm Forest,0,0.0,2,0.15,3,0.21,3,0.21,4,0.28,4,0.32,5,0.33,5,1.391124625,0.0
G,427,C.Miguel,4.5,4.5,Nott'm Forest,0,0.0,0,0.0,0,0.0,0,0.0,0,0.0,0,0.0,0,0.0,0,0.0,0.01
M,428,Da Silva Moreira,4.5,4.5,Nott'm Forest,0,0.0,2,0.18,3,0.2,3,0.2,4,0.27,4,0.34,5,0.3,5,1.3247419999999999,0.0
M,429,Danilo,5.0,5.0,Nott'm Forest,68,2.34,68,2.26,64,2.25,65,1.84,64,1.97,64,2.25,64,1.86,64,7.6990704375,0.0
F,430,Dennis,5.0,5.0,Nott'm Forest,8,0.56,10,0.58,12,0.71,14,0.66,14,0.7,15,0.88,15,0.77,16,3.4218871249999996,0.0
M,431,Dominguez,5.0,5.0,Nott'm Forest,30,1.25,33,1.33,35,1.44,37,1.24,38,1.35,39,1.54,40,1.36,42,5.5196389375,0.0
M,432,Elanga,5.5,5.5,Nott'm Forest,63,3.14,63,2.92,64,3.08,59,2.22,61,2.54,60,2.94,60,2.31,59,9.893913499999998,0.03
M,433,Gibbs-White,6.5,6.5,Nott'm Forest,82,4.57,80,4.15,79,4.32,78,3.1,76,3.46,75,4.16,74,3.21,74,13.524917062499998,0.05
M,434,Hudson-Odoi,5.5,5.5,Nott'm Forest,76,3.57,71,3.21,71,3.27,69,2.45,66,2.64,65,3.05,65,2.42,64,10.4907241875,0.04
M,435,Mighten,4.5,4.5,Nott'm Forest,0,0.0,0,0.0,0,0.0,0,0.0,0,0.0,0,0.0,0,0.0,0,0.0,0.0
D,436,Murillo,4.5,4.5,Nott'm Forest,91,2.93,88,2.61,85,3.02,82,1.18,82,1.88,82,2.69,80,1.36,79,8.07480075,0.01
D,437,N.Williams,4.5,4.5,Nott'm Forest,85,2.99,84,2.7,80,3.08,78,1.25,75,1.87,77,2.73,75,1.41,77,8.309080875000001,0.01
D,438,O.Richards,4.5,4.5,Nott'm Forest,0,0.0,0,0.0,0,0.0,0,0.0,0,0.0,0,0.0,1,0.03,0,0.07944525,0.0
M,439,O'Brien,5.0,5.0,Nott'm Forest,0,0.0,0,0.0,0,0.0,0,0.0,0,0.0,0,0.0,0,0.0,0,0.0,0.0
D,440,Omobamidele,4.5,4.5,Nott'm Forest,32,1.02,32,0.94,36,1.25,38,0.56,39,0.87,39,1.21,40,0.67,42,4.034601875,0.0
D,441,Panzo,4.0,4.0,Nott'm Forest,0,0.0,0,0.0,0,0.0,0,0.0,0,0.0,0,0.0,0,0.0,0,0.0,0.0
M,442,Sangaré,4.5,4.5,Nott'm Forest,25,1.03,27,1.05,30,1.17,33,1.1,32,1.14,32,1.23,33,1.12,33,4.522736875,0.02
G,443,Sels,4.5,4.5,Nott'm Forest,93,3.39,93,3.34,93,3.53,93,2.95,92,3.12,91,3.28,91,2.97,90,11.732473249999998,0.01
D,444,Toffolo,4.5,4.5,Nott'm Forest,17,0.62,21,0.76,26,1.08,28,0.57,30,0.88,30,1.16,32,0.73,31,4.043183562499999,0.0
G,445,Turner,4.0,4.0,Nott'm Forest,2,0.07,2,0.07,2,0.09,2,0.08,3,0.12,4,0.16,4,0.14,5,0.615867,0.21
F,446,Ui-jo,4.5,4.5,Nott'm Forest,0,0.0,0,0.0,0,0.0,0,0.0,0,0.0,0,0.0,0,0.0,0,0.0,0.01
F,447,Wood,6.0,6.0,Nott'm Forest,82,4.32,80,3.92,77,3.94,76,2.93,76,3.39,74,4.0,74,3.08,73,13.057270812499997,0.05
D,448,Worrall,4.5,4.5,Nott'm Forest,5,0.15,8,0.21,13,0.43,14,0.25,14,0.33,15,0.49,16,0.33,17,1.8099143125,0.0
M,449,Yates,5.0,5.0,Nott'm Forest,49,1.87,49,1.79,50,1.89,49,1.5,52,1.71,53,1.94,52,1.61,53,6.508132562499999,0.0
M,450,Alcaraz,5.0,5.0,Southampton,69,2.56,67,3.17,62,2.51,59,2.57,61,3.21,60,2.47,60,1.95,58,9.391677062499998,0.0
M,451,Amo-Ameyaw,4.5,4.5,Southampton,0,0.0,0,0.0,0,0.0,0,0.0,0,0.0,0,0.0,0,0.0,0,0.0,0.0
M,452,Aribo,5.0,5.0,Southampton,79,2.4,73,2.75,68,2.25,68,2.33,68,2.76,66,2.19,65,1.8,64,8.1989669375,0.0
F,453,Armstrong,5.5,5.5,Southampton,74,3.37,72,4.18,69,3.35,69,3.64,66,4.3,67,3.27,64,2.37,64,11.935696,0.02
G,454,Bazunu,4.5,4.5,Southampton,0,0.0,0,0.0,0,0.0,0,0.0,0,0.0,0,0.0,0,0.0,0,0.0,0.0
D,455,Bednarek,4.0,4.0,Southampton,62,0.95,60,1.92,59,1.33,61,1.38,58,2.02,59,1.25,58,0.47,57,4.930210937499999,0.01
D,456,Bella-Kotchap,4.0,4.0,Southampton,57,1.06,57,2.03,56,1.47,56,1.48,55,2.13,57,1.45,55,0.6,56,5.4000543125,0.0
D,457,Bree,4.0,4.0,Southampton,2,0.05,2,0.08,2,0.08,4,0.13,4,0.17,3,0.12,5,0.12,4,0.5947096875,0.0
M,458,Charles,4.5,4.5,Southampton,13,0.48,12,0.46,10,0.4,9,0.38,9,0.41,10,0.41,11,0.4,10,1.52800025,0.0
M,459,Edozie,5.0,5.0,Southampton,30,1.32,22,1.18,20,1.0,18,0.93,20,1.16,20,1.0,21,0.88,20,3.8555922499999995,0.0
D,460,Edwards,4.0,4.0,Southampton,0,0.0,0,0.0,0,0.0,0,0.0,0,0.0,0,0.0,0,0.0,0,0.0,0.0
D,461,Harwood-Bellis,4.0,4.0,Southampton,77,1.26,76,2.53,73,1.76,71,1.68,73,2.63,72,1.63,70,0.64,70,6.185155249999999,0.11
M,462,Kamaldeen,5.0,5.0,Southampton,0,0.0,9,0.51,17,0.83,18,0.92,21,1.19,21,1.03,21,0.86,21,3.9077379374999994,0.0
M,463,Lallana,5.0,5.0,Southampton,0,0.0,17,0.75,37,1.34,43,1.61,42,1.82,44,1.59,44,1.39,44,5.9305120625,0.0
D,464,Larios,4.0,4.0,Southampton,0,0.0,0,0.0,0,0.0,0,0.0,0,0.0,0,0.0,0,0.0,0,0.0,0.0
G,465,Lis,4.0,4.0,Southampton,0,0.0,0,0.0,0,0.0,0,0.0,0,0.0,0,0.0,0,0.0,0,0.0,0.0
G,466,Lumley,4.0,4.0,Southampton,1,0.04,2,0.06,3,0.1,4,0.14,3,0.13,4,0.12,3,0.11,4,0.4815645625,0.0
D,467,Manning,4.5,4.5,Southampton,19,0.52,21,0.94,24,0.78,23,0.77,25,1.19,24,0.79,25,0.43,25,3.3463373124999998,0.0
F,468,Mara,5.0,5.0,Southampton,34,1.61,32,1.79,28,1.46,28,1.42,28,1.75,29,1.45,29,1.21,29,5.607259124999999,0.0
G,469,McCarthy,4.5,4.5,Southampton,94,3.07,93,3.46,92,3.15,91,3.08,91,3.44,91,3.06,91,2.97,91,11.8962769375,0.0
F,470,Onuachu,5.0,5.0,Southampton,4,0.3,4,0.33,2,0.14,2,0.17,2,0.18,2,0.19,3,0.19,4,0.9946293125,0.0
M,471,Smallbone,5.0,5.0,Southampton,81,2.56,75,2.97,71,2.48,70,2.52,68,3.01,66,2.33,68,1.94,69,9.07282275,0.0
D,472,Stephens,4.0,4.0,Southampton,13,0.25,15,0.46,16,0.4,18,0.47,20,0.74,17,0.43,22,0.29,21,2.1933730625,0.0
F,473,Stewart,4.5,4.5,Southampton,0,0.0,11,0.67,22,1.2,26,1.46,27,1.84,25,1.35,28,1.2,28,5.653106125,0.01
D,474,Sugawara,4.5,4.5,Southampton,57,1.3,58,2.44,55,1.68,53,1.65,54,2.52,55,1.64,55,0.76,57,6.519527249999999,0.0
D,475,Taylor,4.0,4.0,Southampton,56,0.97,57,1.9,54,1.32,56,1.34,51,1.86,52,1.2,51,0.51,49,4.5977671875,0.06
D,476,Walker-Peters,4.5,4.5,Southampton,60,1.05,59,2.03,59,1.48,60,1.51,60,2.29,59,1.39,59,0.57,59,5.4941455,0.01
D,477,Wood,4.0,4.0,Southampton,0,0.0,0,0.0,0,0.0,1,0.04,1,0.06,2,0.06,2,0.04,2,0.24460912499999998,0.01
D,478,A.Phillips,4.0,4.0,Spurs,0,0.0,0,0.0,0,0.0,0,0.0,0,0.0,0,0.0,0,0.0,0,0.069005125,0.01
G,479,Austin,4.0,4.0,Spurs,0,0.0,2,0.08,2,0.07,2,0.09,1,0.06,0,0.0,0,0.0,0,0.0,0.0
M,480,Bentancur,5.0,5.0,Spurs,69,2.45,56,2.09,46,1.53,46,1.5,45,1.78,43,1.48,45,1.57,44,6.003144375,0.0
M,481,Bergvall,4.5,4.5,Spurs,0,0.0,0,0.0,0,0.0,0,0.0,0,0.0,0,0.0,0,0.0,0,0.0,0.01
M,482,Bissouma,5.0,5.0,Spurs,9,0.33,28,1.0,61,1.8,64,1.84,63,2.2,63,1.87,62,1.9,60,7.3393361875,0.0
M,483,Bryan,5.0,5.0,Spurs,0,0.0,0,0.0,0,0.0,0,0.0,0,0.0,0,0.0,0,0.0,0,0.0,0.0
D,484,Davies,4.5,4.5,Spurs,15,0.58,10,0.39,12,0.34,14,0.4,15,0.61,16,0.5,17,0.55,17,2.3369573125,0.0
M,485,Devine,4.5,4.5,Spurs,0,0.0,0,0.0,0,0.0,0,0.0,0,0.0,0,0.0,0,0.0,0,0.0,0.0
D,486,Dragusin,4.5,4.5,Spurs,15,0.58,14,0.59,17,0.48,18,0.51,22,0.92,20,0.58,21,0.69,20,3.0478129999999997,0.0
D,487,E.Royal,4.5,4.5,Spurs,0,0.0,0,0.0,0,0.0,0,0.0,0,0.0,0,0.0,0,0.0,0,0.0,0.0
G,488,Forster,4.5,4.5,Spurs,0,0.0,0,0.0,0,0.0,0,0.0,2,0.07,3,0.12,4,0.13,3,0.46339468749999996,0.0
M,489,Gray,5.0,5.0,Spurs,4,0.12,5,0.17,5,0.14,5,0.14,6,0.19,5,0.16,6,0.19,7,0.873188875,0.0
M,490,Højbjerg,5.0,5.0,Spurs,0,0.0,0,0.0,0,0.0,0,0.0,0,0.0,0,0.0,0,0.0,0,0.0,0.0
M,491,Johnson,6.5,6.5,Spurs,71,4.21,69,4.21,67,3.29,66,2.93,65,4.11,66,3.19,65,3.38,64,13.49259425,0.01
M,492,Kulusevski,6.5,6.5,Spurs,44,2.31,43,2.27,41,1.88,41,1.7,41,2.27,40,1.87,41,1.88,40,7.648889874999998,0.03
M,493,Lo Celso,5.0,5.0,Spurs,10,0.56,10,0.54,9,0.47,8,0.41,10,0.57,10,0.51,10,0.52,12,2.2035941249999995,0.0
M,494,Maddison,7.5,7.5,Spurs,66,4.13,62,4.02,56,2.9,55,2.57,53,3.52,55,2.83,53,2.92,52,11.9566734375,0.04
D,495,Pedro Porro,5.5,5.5,Spurs,88,4.27,86,4.63,84,2.87,83,2.63,80,4.32,81,2.8,80,3.13,79,13.002730437499997,0.34
D,496,Reguilón,4.5,4.5,Spurs,11,0.51,6,0.3,7,0.27,7,0.26,8,0.4,8,0.3,8,0.34,9,1.4084891875,0.0
F,497,Richarlison,7.0,7.0,Spurs,20,1.38,21,1.46,22,1.32,24,1.24,26,1.76,28,1.53,26,1.51,28,6.122173999999999,0.01
D,498,Romero,5.0,5.0,Spurs,90,3.3,87,3.66,87,2.16,84,2.04,83,3.39,83,2.15,81,2.4,82,10.028356249999998,0.05
M,499,P.Sarr,5.0,5.0,Spurs,66,2.49,64,2.44,55,1.87,52,1.72,53,2.09,53,1.79,53,1.83,53,7.295886312499999,0.0
F,500,Scarlett,4.5,4.5,Spurs,0,0.0,0,0.0,0,0.0,0,0.0,0,0.0,0,0.0,0,0.0,0,0.0,0.0
M,501,Skipp,5.0,5.0,Spurs,18,0.75,17,0.7,10,0.42,11,0.42,12,0.47,12,0.47,13,0.5,13,1.953238125,0.0
M,502,Solomon,5.5,5.5,Spurs,4,0.33,5,0.4,5,0.33,6,0.36,6,0.48,7,0.47,8,0.51,8,2.0248751250000003,0.0
M,503,Son,10.0,10.0,Spurs,86,5.84,85,5.78,84,4.62,83,4.11,81,5.76,82,4.53,82,4.75,81,19.19740425,0.1
D,504,Spence,4.5,4.5,Spurs,6,0.3,7,0.36,8,0.31,10,0.36,11,0.5,11,0.41,11,0.44,12,1.8728483749999998,0.0
D,505,Udogie,5.0,5.0,Spurs,65,2.86,82,3.96,80,2.39,79,2.24,77,3.62,77,2.38,76,2.64,75,10.9650013125,0.04
D,506,Van de Ven,4.5,4.5,Spurs,89,3.17,86,3.54,83,2.05,82,2.0,80,3.1,81,2.09,81,2.31,81,9.567811375,0.07
F,507,Veliz,5.0,5.0,Spurs,0,0.0,0,0.0,0,0.0,0,0.0,0,0.0,0,0.0,0,0.0,0,0.0,0.0
G,508,Vicario,5.0,5.0,Spurs,94,3.78,93,3.87,93,3.3,92,3.23,92,3.73,91,3.25,91,3.34,92,12.9787674375,0.04
M,509,Werner,6.5,6.5,Spurs,24,1.68,25,1.76,22,1.36,25,1.37,27,1.92,26,1.54,25,1.52,27,6.7540889375,0.0
G,510,Whiteman,4.0,4.0,Spurs,0,0.0,0,0.0,0,0.0,0,0.0,0,0.0,0,0.0,0,0.0,0,0.0,0.01
M,511,Álvarez,5.0,5.0,West Ham,0,0.0,35,0.99,70,1.74,79,2.19,79,2.18,78,2.15,77,2.53,78,7.8571648125,0.0
F,512,Antonio,5.5,5.5,West Ham,38,1.98,38,1.83,37,1.63,35,1.81,38,1.94,37,1.84,39,2.43,38,7.014945125,0.01
G,513,Areola,4.5,4.5,West Ham,93,3.33,91,3.24,91,2.98,91,3.25,89,3.04,88,3.19,88,3.55,86,11.448846,0.1
M,514,Bowen,7.5,7.5,West Ham,89,4.69,85,3.93,83,3.34,83,4.27,80,4.21,79,4.06,78,5.58,78,14.658142062499998,0.07
M,515,Cornet,5.0,5.0,West Ham,0,0.0,1,0.11,2,0.17,2,0.19,3,0.23,3,0.21,4,0.35,3,0.9985030624999999,0.0
D,516,Coufal,4.5,4.5,West Ham,23,0.78,27,0.83,25,0.61,26,0.88,28,0.89,28,0.92,27,1.22,29,3.3923373124999996,0.01
D,517,Cresswell,4.0,4.0,West Ham,10,0.38,14,0.48,16,0.44,15,0.54,17,0.6,17,0.61,18,0.85,18,2.4757424375,0.02
M,518,Downes,5.0,5.0,Southampton,84,2.0,77,2.21,74,1.97,69,1.86,69,2.09,72,1.89,69,1.62,70,6.739860437499999,0.0
M,519,Earthy,4.5,4.5,West Ham,8,0.48,8,0.46,6,0.35,6,0.36,6,0.36,6,0.38,7,0.46,8,1.5740038125,0.0
D,520,Emerson,4.5,4.5,West Ham,85,2.8,80,2.37,77,1.6,76,2.4,75,2.3,75,2.45,75,3.6,74,8.4405199375,0.01
G,521,Fabianski,4.0,4.0,West Ham,2,0.06,4,0.14,4,0.14,4,0.14,6,0.19,6,0.23,6,0.25,9,1.0160527499999998,0.13
G,522,Foderingham,4.5,4.5,West Ham,0,0.0,0,0.0,0,0.0,0,0.0,0,0.0,0,0.0,0,0.0,0,0.0,0.0
F,523,Ings,5.0,5.0,West Ham,2,0.21,3,0.26,4,0.26,4,0.31,5,0.36,5,0.36,5,0.41,5,1.4136998125,0.01
D,524,Kilman,4.5,4.5,West Ham,79,2.36,72,1.98,64,1.21,61,1.75,61,1.65,61,1.78,61,2.59,60,6.2601570625,0.01
M,525,Kudus,6.5,6.5,West Ham,84,3.91,79,3.29,76,2.83,74,3.35,75,3.44,72,3.23,72,4.29,72,11.9599570625,0.09
M,526,L.Guilherme,5.0,5.0,West Ham,3,0.2,4,0.26,4,0.24,4,0.27,4,0.31,4,0.28,5,0.4,5,1.2543470625,0.0
M,527,L.Paquetá,6.0,6.0,West Ham,69,3.31,60,2.55,52,2.09,50,2.33,50,2.48,53,2.41,52,3.2,53,8.690711812499998,0.02
D,528,Mavropanos,4.5,4.5,West Ham,47,1.6,35,1.11,21,0.52,20,0.67,21,0.69,22,0.73,23,1.09,24,2.8997201875,0.0
D,529,N.Aguerd,4.5,4.5,West Ham,63,1.92,51,1.41,45,0.91,43,1.28,44,1.24,45,1.37,43,1.86,46,4.7004399375,0.0
M,530,Souček,5.0,5.0,West Ham,83,2.89,74,2.46,68,2.04,66,2.31,66,2.33,65,2.27,66,2.9,65,8.4171781875,0.02
M,531,Ward-Prowse,6.5,6.5,West Ham,81,3.31,73,2.81,65,2.28,63,2.62,62,2.63,62,2.54,61,3.27,62,9.474008374999999,0.02
D,532,Zouma,4.5,4.5,West Ham,0,0.0,32,0.92,60,1.21,68,2.01,66,1.86,66,2.03,65,2.83,63,7.077509375,0.01
D,533,Aït-Nouri,4.5,4.5,Wolves,87,1.37,84,2.6,82,2.95,70,2.52,69,2.0,71,2.04,72,2.53,70,8.843509874999999,0.03
M,534,B.Traore,5.0,5.0,Wolves,16,0.57,22,0.8,22,0.81,22,0.82,24,0.82,23,0.82,24,0.86,24,3.4206836249999997,0.0
M,535,Bellegarde,5.0,5.0,Wolves,23,0.94,25,1.16,28,1.25,26,1.21,27,1.14,28,1.21,28,1.22,31,4.889729125,0.0
G,536,Bentley,4.0,4.0,Wolves,2,0.06,2,0.09,3,0.11,3,0.13,5,0.15,5,0.17,5,0.19,4,0.5332708125,0.02
M,537,Chiquinho,4.5,4.5,Wolves,2,0.14,2,0.18,3,0.22,3,0.26,4,0.24,4,0.27,3,0.25,4,1.0345465624999999,0.0
M,538,Chirewa,4.5,4.5,Wolves,2,0.16,4,0.26,5,0.31,4,0.29,4,0.27,5,0.31,5,0.32,6,1.37763725,0.0
F,539,Chiwome,4.5,4.5,Wolves,0,0.0,0,0.0,0,0.0,0,0.0,0,0.0,0,0.0,0,0.0,0,0.0,0.0
M,540,Cundle,4.5,4.5,Wolves,0,0.0,0,0.0,2,0.16,3,0.18,3,0.19,3,0.2,4,0.24,4,1.024733,0.0
F,541,Cunha,6.5,6.5,Wolves,79,2.67,76,3.47,73,3.31,72,3.43,72,3.04,70,3.05,70,3.18,69,11.744513125000001,0.02
D,542,Dawson,4.5,4.5,Wolves,48,0.68,44,1.21,48,1.49,48,1.39,46,1.06,50,1.15,48,1.38,49,5.101966249999999,0.0
D,543,Doherty,4.5,4.5,Wolves,76,1.4,72,2.42,72,2.76,31,1.2,32,1.06,31,1.05,34,1.28,35,4.7408425,0.0
M,544,Doyle,5.0,5.0,Wolves,14,0.59,17,0.8,17,0.8,18,0.84,19,0.83,17,0.79,19,0.9,19,3.37325175,0.0
F,545,Fábio Silva,5.0,5.0,Wolves,7,0.39,8,0.48,8,0.47,7,0.48,8,0.46,10,0.55,9,0.54,10,2.114598375,0.0
F,546,Fraser,4.5,4.5,Wolves,6,0.33,6,0.36,7,0.38,7,0.4,8,0.43,9,0.45,9,0.48,8,1.6312938125,0.06
M,547,Gonzalez,4.5,4.5,Wolves,0,0.0,0,0.0,0,0.0,0,0.0,0,0.0,0,0.0,0,0.0,0,0.0,0.0
M,548,Guedes,5.5,5.5,Wolves,11,0.52,12,0.66,12,0.66,12,0.68,13,0.68,13,0.7,13,0.71,13,2.8097224374999996,0.0
D,549,H.Bueno,4.5,4.5,Wolves,0,0.0,0,0.0,0,0.0,0,0.0,0,0.0,0,0.0,0,0.0,0,0.0,0.0
M,550,Hee Chan,6.5,6.5,Wolves,77,2.64,74,3.53,72,3.52,73,3.69,71,3.1,71,3.15,70,3.27,70,12.137881375,0.01
M,551,Hodge,4.5,4.5,Wolves,0,0.0,0,0.0,0,0.0,0,0.0,0,0.0,0,0.0,0,0.0,0,0.0,0.01
D,552,Hoever,4.0,4.0,Wolves,22,0.51,26,0.94,28,1.08,11,0.4,12,0.39,12,0.39,15,0.54,13,1.8355144999999997,0.0
M,553,J.Gomes,5.0,5.0,Wolves,87,1.97,82,2.25,80,2.27,80,2.27,79,2.04,79,2.05,77,2.14,77,7.744775375,0.0
G,554,José Sá,4.5,4.5,Wolves,93,3.0,92,3.21,92,3.41,91,3.22,90,3.1,90,3.01,90,3.23,91,12.069574312499999,0.03
F,555,Kalajdžić,5.0,5.0,Wolves,1,0.07,4,0.31,7,0.43,7,0.47,7,0.44,7,0.42,8,0.48,8,1.8860895624999998,0.0
G,556,King,4.0,4.0,Wolves,0,0.0,0,0.0,0,0.0,0,0.0,0,0.0,0,0.0,0,0.0,0,0.0,0.01
M,557,Mario Jr.,5.0,5.0,Wolves,88,2.06,84,2.44,82,2.41,81,2.46,79,2.17,79,2.24,79,2.33,77,8.258607374999999,0.0
D,558,Mosquera,4.0,4.0,Wolves,44,0.74,48,1.37,51,1.69,49,1.49,51,1.29,45,1.17,46,1.42,47,5.37636175,0.01
D,559,N.Semedo,4.5,4.5,Wolves,0,0.0,0,0.0,0,0.0,82,2.43,81,1.94,80,1.92,78,2.33,78,8.3934866875,0.0
M,560,Neto,6.5,6.5,Chelsea,26,1.34,27,1.63,27,1.77,28,1.7,29,1.69,29,1.89,29,2.03,29,5.979036437499999,0.01
D,561,Pedro Lima,4.0,4.0,Wolves,0,0.0,0,0.0,0,0.0,0,0.0,0,0.0,0,0.0,0,0.0,0,0.0,0.01
M,562,Podence,5.5,5.5,Wolves,0,0.0,0,0.0,0,0.0,0,0.0,0,0.0,0,0.0,0,0.0,0,0.0,0.0
M,563,R.Gomes,5.5,5.5,Wolves,0,0.0,0,0.0,0,0.0,0,0.0,0,0.0,0,0.0,0,0.0,0,0.0,0.0
D,564,S.Bueno,4.5,4.5,Wolves,79,1.07,79,1.96,75,2.25,74,2.04,72,1.63,72,1.66,72,2.0,72,7.085125499999999,0.0
M,565,Sarabia,5.5,5.5,Wolves,48,1.92,49,2.64,49,2.59,45,2.55,46,2.22,47,2.35,46,2.34,45,8.821748374999999,0.0
F,566,Strand Larsen,5.5,5.5,Wolves,42,1.63,43,2.11,43,2.1,42,2.11,42,1.89,42,1.97,42,1.99,41,7.397148625,0.0
D,567,Toti,4.5,4.5,Wolves,90,1.13,87,2.21,84,2.58,82,2.26,81,1.82,81,1.82,79,2.22,79,7.876966812499999,0.0
G,568,Muric,4.5,4.5,Ipswich,92,2.93,92,3.06,91,3.22,90,2.96,89,3.12,89,3.01,89,2.92,88,11.374184874999997,0.01
M,569,Jaden,5.5,5.5,Aston Villa,11,0.6,13,0.63,15,0.89,14,0.86,15,0.94,16,0.99,13,0.78,16,3.302842375,0.0
M,570,A.Fatawu,5.5,5.5,Leicester,72,2.94,70,2.87,66,2.87,66,2.6,64,3.06,65,2.11,65,3.09,62,10.4104864375,0.0
M,571,Sávio,6.5,6.5,Man City,50,2.72,30,2.43,25,1.55,29,2.02,32,1.66,32,1.85,36,2.49,36,8.029729999999999,0.01
D,572,Yoro,4.5,4.5,Man Utd,0,0.0,0,0.0,0,0.0,0,0.0,0,0.0,0,0.0,0,0.0,0,0.0,0.0
D,573,Milenković,4.5,4.5,Nott'm Forest,0,0.0,0,0.0,0,0.0,0,0.0,0,0.0,0,0.0,0,0.0,0,0.08048649999999999,0.0
D,574,Pivas,4.0,4.0,Newcastle,0,0.0,0,0.0,0,0.0,0,0.0,0,0.0,0,0.0,0,0.0,0,0.0,0.0
D,575,Wiley,4.0,4.0,Chelsea,0,0.0,0,0.0,0,0.0,0,0.0,0,0.0,0,0.0,0,0.0,0,0.0,0.0
M,576,Irving,5.0,5.0,West Ham,25,1.05,22,0.89,16,0.63,14,0.64,14,0.63,15,0.68,15,0.77,16,2.6975793749999997,0.0
M,577,Lindstrøm,5.5,5.5,Everton,0,0.0,0,0.0,0,0.0,0,0.0,0,0.0,0,0.0,0,0.0,0,0.0,0.0
D,578,Calafiori,6.0,6.0,Arsenal,28,1.46,41,1.63,57,2.8,66,2.46,65,1.77,64,3.69,62,3.47,61,9.80272175,0.03
D,579,Sessegnon,4.5,4.5,Fulham,18,0.59,21,1.12,23,1.05,27,1.18,27,1.07,29,1.19,30,0.63,30,4.647631124999999,0.0
D,580,Huijsen,4.5,4.5,Bournemouth,0,0.0,0,0.0,0,0.0,0,0.0,0,0.0,0,0.0,0,0.0,0,0.0,0.0
G,581,Jørgensen,4.5,4.5,Chelsea,46,1.53,47,1.8,44,1.72,48,1.74,47,1.7,43,1.64,46,1.85,48,6.0099139374999995,0.0
D,582,O'Brien,5.0,5.0,Everton,80,2.77,51,1.13,24,0.91,19,0.51,19,0.67,21,0.8,21,0.7,23,3.0502930624999998,0.0
D,583,Townsend,4.0,4.0,Ipswich,9,0.25,13,0.2,14,0.51,16,0.44,17,0.56,16,0.51,15,0.41,17,2.0232058124999996,0.0
M,584,Brereton Díaz,5.5,5.5,Southampton,77,3.28,74,4.12,72,3.34,69,3.43,69,4.34,69,3.25,67,2.33,67,12.158444937499999,0.01
M,585,I.Sarr,6.0,6.0,Crystal Palace,56,2.81,51,2.87,52,2.37,52,3.4,51,2.75,51,2.55,50,2.44,50,9.4977925,0.0
D,586,J.Cuenca,4.5,4.5,Fulham,13,0.36,19,0.78,24,0.9,24,0.86,26,0.85,26,0.93,28,0.49,29,3.9480174999999997,0.0
M,587,Summerville,6.0,6.0,West Ham,20,1.15,22,1.24,25,1.2,26,1.48,26,1.49,27,1.54,28,2.0,27,5.803088375,0.01
M,588,G.Rodríguez,5.0,5.0,West Ham,0,0.0,0,0.0,0,0.0,0,0.0,0,0.0,0,0.0,0,0.0,0,0.0,0.0
F,589,Füllkrug,7.0,7.0,West Ham,66,3.82,65,3.36,63,2.88,63,3.46,62,3.5,62,3.47,62,4.57,60,12.348233249999998,0.04
F,590,Osula,5.0,5.0,Newcastle,2,0.16,2,0.17,1,0.13,0,0.0,0,0.0,0,0.0,0,0.0,0,0.0,0.0
D,591,Todibo,4.5,4.5,West Ham,0,0.0,0,0.0,0,0.0,0,0.0,0,0.0,0,0.0,0,0.0,0,0.0,0.0
D,592,J.Araujo,4.5,4.5,Bournemouth,0,0.0,0,0.0,0,0.0,0,0.0,0,0.0,0,0.0,0,0.0,0,0.0,0.0
D,593,De Ligt,5.0,5.0,Man Utd,58,2.3,84,2.44,82,2.21,79,2.91,79,2.49,79,2.42,78,2.06,77,10.2044524375,0.03
D,594,Mazraoui,4.5,4.5,Man Utd,58,2.84,69,2.5,68,2.33,51,2.35,36,1.46,30,1.26,29,1.09,28,4.8552236875,0.02
M,595,Gruda,5.5,5.5,Brighton,20,1.06,25,1.33,33,1.31,44,2.69,40,2.18,41,1.8,41,1.99,41,6.907498375,0.0
M,596,Jota Silva,6.0,6.0,Nott'm Forest,0,0.0,0,0.0,0,0.0,0,0.0,0,0.0,0,0.0,0,0.0,0,0.0,0.0
M,597,Lewis-Skelly,4.5,4.5,Arsenal,0,0.0,0,0.0,0,0.0,0,0.0,0,0.0,0,0.0,0,0.0,0,0.0,0.0
D,598,Bogarde,4.0,4.0,Aston Villa,0,0.0,0,0.0,0,0.0,0,0.0,0,0.0,0,0.0,0,0.0,0,0.0,0.0
G,599,Dennis,4.0,4.0,Bournemouth,0,0.0,0,0.0,0,0.0,0,0.0,0,0.0,0,0.0,0,0.0,0,0.0,0.0
M,600,Ayari,5.0,5.0,Brighton,0,0.0,0,0.0,0,0.0,1,0.08,0,0.0,0,0.0,0,0.0,1,0.36793699999999996,0.0
M,601,Moran,5.0,5.0,Brighton,0,0.0,0,0.0,0,0.0,0,0.0,0,0.0,0,0.0,0,0.0,0,0.0,0.0
M,602,Trevitt,4.5,4.5,Brentford,0,0.0,0,0.0,0,0.0,0,0.0,0,0.0,0,0.0,0,0.0,0,0.0,0.0
M,603,Armstrong,4.5,4.5,Everton,0,0.0,0,0.0,0,0.0,0,0.0,0,0.0,0,0.0,0,0.0,0,0.0,0.0
M,604,King,4.5,4.5,Fulham,0,0.0,0,0.0,0,0.0,0,0.0,0,0.0,0,0.0,0,0.0,0,0.0,0.0
M,605,Godo,4.5,4.5,Fulham,0,0.0,0,0.0,0,0.0,0,0.0,0,0.0,0,0.0,0,0.0,0,0.0,0.0
M,606,Alves,4.5,4.5,Leicester,0,0.0,0,0.0,0,0.0,0,0.0,0,0.0,0,0.0,0,0.0,0,0.0,0.0
M,607,O’Reilly,5.0,5.0,Man City,0,0.0,0,0.0,0,0.0,0,0.0,0,0.0,0,0.0,0,0.0,0,0.0,0.0
M,608,Dibling,4.5,4.5,Southampton,0,0.0,0,0.0,0,0.0,0,0.0,0,0.0,0,0.0,0,0.0,0,0.0,0.0
F,609,Lankshear,4.5,4.5,Spurs,0,0.0,0,0.0,0,0.0,0,0.0,0,0.0,0,0.0,0,0.0,0,0.0,0.0
M,610,Moore,4.5,4.5,Spurs,0,0.0,0,0.0,0,0.0,0,0.0,0,0.0,0,0.0,0,0.0,0,0.0,0.0
D,10001,Josh Wilson-Esbrand,99.9,99.9,Man City,0,0.0,0,0.0,0,0.0,0,0.0,0,0.0,0,0.0,0,0.0,1,0.1,0.0
G,10006,Carl Rushworth,99.9,99.9,Brighton,2,0.07,3,0.12,2,0.07,0,0.0,0,0.0,0,0.0,0,0.0,0,0.04978025,0.0
M,10011,Malick Junior Yalcouyé,99.9,99.9,Brighton,0,0.0,0,0.0,0,0.0,0,0.0,0,0.0,0,0.0,0,0.0,0,0.0,0.0
F,10012,Abdallah Sima,99.9,99.9,Brighton,4,0.31,5,0.35,5,0.31,5,0.4,3,0.28,4,0.29,5,0.35,5,1.2020606875,0.0
G,10039,Billy Crellin,99.9,99.9,Everton,0,0.0,0,0.0,0,0.0,0,0.0,0,0.0,0,0.0,0,0.0,0,0.0,0.0
M,10064,Máximo Perrone,99.9,99.9,Man City,1,0.1,0,0.0,1,0.09,2,0.13,1,0.1,2,0.15,2,0.16,3,0.594067125,0.0
D,10065,Issa Kaboré,99.9,99.9,Man City,10,0.41,9,0.51,3,0.13,4,0.23,4,0.17,5,0.21,5,0.26,5,0.9118466249999999,0.0
G,10068,Mark Gillespie,99.9,99.9,Newcastle,0,0.0,0,0.0,0,0.0,0,0.0,0,0.0,0,0.0,0,0.0,0,0.0,0.0
D,10069,Harrison Ashby,99.9,99.9,Newcastle,0,0.0,0,0.0,0,0.0,0,0.0,0,0.0,0,0.0,0,0.0,0,0.0,0.0
D,10070,Ed Turns,99.9,99.9,Brighton,0,0.0,0,0.0,0,0.0,0,0.0,0,0.0,0,0.0,0,0.0,0,0.0,0.0
M,10075,Jensen Weir,99.9,99.9,Brighton,0,0.0,0,0.0,0,0.0,0,0.0,0,0.0,0,0.0,0,0.0,0,0.0,0.0
G,10076,Matthew Cox,99.9,99.9,Brentford,0,0.0,0,0.0,0,0.0,0,0.0,0,0.0,0,0.0,0,0.0,0,0.0,0.0
M,10077,Paris Maghoma,99.9,99.9,Brentford,0,0.0,0,0.0,0,0.0,0,0.0,1,0.07,1,0.07,1,0.07,2,0.34169562499999995,0.0
M,10083,Daniel Gore,99.9,99.9,Man Utd,0,0.0,0,0.0,0,0.0,0,0.0,0,0.0,0,0.0,0,0.0,0,0.0,0.0
M,10086,Chem Campbell,99.9,99.9,Wolves,0,0.0,0,0.0,0,0.0,0,0.0,0,0.0,0,0.0,0,0.0,0,0.0,0.0
M,10087,Gavin Kilkenny,99.9,99.9,Bournemouth,0,0.0,1,0.08,2,0.13,1,0.09,2,0.1,2,0.15,3,0.16,2,0.38656375000000004,0.0
G,10088,Harry Tyrer,99.9,99.9,Everton,0,0.0,0,0.0,0,0.0,0,0.0,0,0.0,0,0.0,0,0.0,0,0.0,0.0
G,10093,Vitezslav Jaros,99.9,99.9,Liverpool,0,0.0,0,0.0,0,0.0,0,0.0,0,0.0,0,0.0,0,0.0,0,0.0,0.0
D,10098,Imari Samuels,99.9,99.9,Brighton,0,0.0,0,0.0,0,0.0,0,0.0,0,0.0,0,0.0,0,0.0,0,0.0,0.0
F,10099,Jota Silva,99.9,99.9,Nott'm Forest,0,0.0,0,0.0,0,0.0,0,0.0,0,0.0,0,0.0,0,0.0,0,0.0,0.0
D,10106,Bashir Humphreys,99.9,99.9,Chelsea,0,0.0,0,0.0,0,0.0,0,0.0,0,0.0,0,0.0,0,0.0,0,0.0,0.0
M,10107,Tino Anjorin,99.9,99.9,Chelsea,0,0.0,0,0.0,0,0.0,0,0.0,0,0.0,0,0.0,0,0.0,0,0.0,0.0
D,10110,Harry Amass,99.9,99.9,Man Utd,2,0.08,0,0.0,1,0.05,1,0.05,0,0.0,0,0.0,0,0.0,0,0.0,0.0
M,10111,Toby Collyer,99.9,99.9,Man Utd,0,0.0,0,0.0,0,0.0,0,0.0,0,0.0,0,0.0,0,0.0,0,0.0,0.0
F,10112,Ethan Wheatley,99.9,99.9,Man Utd,0,0.0,0,0.0,0,0.0,0,0.0,0,0.0,0,0.0,0,0.0,0,0.0,0.0
F,10113,Tyrique George,99.9,99.9,Chelsea,0,0.0,0,0.0,0,0.0,0,0.0,0,0.0,0,0.0,0,0.0,0,0.0,0.0
D,10114,Josh Acheampong,99.9,99.9,Chelsea,0,0.0,0,0.0,0,0.0,0,0.0,0,0.0,0,0.0,0,0.0,0,0.0,0.0
F,10119,Evanilson,99.9,99.9,Bournemouth,5,0.4,65,3.33,71,3.23,65,3.23,58,2.38,54,3.34,54,2.84,57,9.157735499999998,0.0
D,10120,Ferdi Kadıoğlu,99.9,99.9,Brighton,0,0.0,17,0.61,23,0.48,27,1.28,32,1.39,32,0.8,32,1.03,32,3.6356444375,0.0
F,10121,Georginio Rutter,99.9,99.9,Brighton,0,0.0,6,0.38,9,0.43,14,0.99,20,1.24,22,1.08,24,1.3,22,4.388755249999999,0.0
