fpl_id,review_id,Name,Pos,Value,30_Pts,30_xMins,31_Pts,31_xMins,32_Pts,32_xMins,33_Pts,33_xMins,34_Pts,34_xMins,35_Pts,35_xMins,36_Pts,36_xMins,Team
4,4,Fábio Vieira,M,5.4,0.4,11.0,0.79,11.0,0.54,11.0,0.64,11.0,0.98,11.0,0.55,11.0,0.66,11.0,Arsenal
19,19,Saka,M,9.1,3.88,82.0,7.73,82.0,5.27,82.0,6.27,82.0,9.56,82.0,5.43,82.0,6.44,82.0,Arsenal
22,22,Smith Rowe,M,5.5,0.38,11.0,0.75,11.0,0.51,11.0,0.61,11.0,0.92,11.0,0.52,11.0,0.62,11.0,Arsenal
9,9,Jorginho,M,5.3,0.89,39.0,1.78,39.0,1.21,39.0,1.44,39.0,2.2,39.0,1.25,39.0,1.48,39.0,Arsenal
26,26,Trossard,M,6.5,1.76,39.38,3.03,39.38,2.07,39.38,2.46,39.38,3.75,39.38,2.13,39.38,2.52,39.38,Arsenal
12,12,Martinelli,M,7.7,2.59,68.85,5.55,68.85,3.79,68.85,4.5,68.85,6.87,68.85,3.9,68.85,4.62,68.85,Arsenal
14,14,Ødegaard,M,8.5,3.31,88.1,6.59,88.1,4.5,88.1,5.34,88.1,8.15,88.1,4.63,88.1,5.49,88.1,Arsenal
578,578,Nelson,M,4.8,0.45,15.0,0.89,15.0,0.61,15.0,0.72,15.0,1.1,15.0,0.62,15.0,0.74,15.0,Arsenal
540,540,Rice,M,5.5,2.2,84.0,4.38,84.0,2.99,84.0,3.55,84.0,5.42,84.0,3.08,84.0,3.65,84.0,Arsenal
15,15,Thomas,M,4.8,0.69,38.39,1.65,38.39,1.13,38.39,1.34,38.39,2.05,38.39,1.16,38.39,1.38,38.39,Arsenal
6,6,Havertz,M,7.2,2.8,70.69,5.35,70.69,3.65,70.69,4.33,70.69,6.61,70.69,3.75,70.69,4.45,70.69,Arsenal
58,58,Tielemans,M,5.6,3.42,75.14,1.99,75.14,3.2,75.14,1.91,75.14,3.08,75.14,2.9,75.14,2.53,75.14,Aston Villa
55,55,J.Ramsey,M,5.9,1.87,58.5,1.74,58.5,2.99,58.5,1.79,58.5,2.88,58.5,2.71,58.5,2.36,58.5,Aston Villa
47,47,Kamara,M,5.0,0.0,0.0,0.0,0.0,0.0,0.0,0.0,0.0,0.0,0.0,0.0,0.0,0.0,0.0,Aston Villa
50,50,McGinn,M,5.4,0.0,47.65,0.0,47.65,3.17,47.65,2.19,47.65,3.54,47.65,3.33,47.65,2.9,47.65,Aston Villa
43,43,Douglas Luiz,M,5.7,4.86,90.0,2.82,90.0,4.85,90.0,2.89,90.0,4.68,90.0,4.39,90.0,3.83,90.0,Aston Villa
34,34,Bailey,M,5.7,4.79,74.15,2.6,74.15,4.48,74.15,2.67,74.15,4.32,74.15,4.06,74.15,3.54,74.15,Aston Villa
40,40,Dendoncker,M,4.9,0.0,0.0,0.0,0.0,0.0,0.0,0.0,0.0,0.0,0.0,0.0,0.0,0.0,0.0,Aston Villa
35,35,Buendia,M,6.0,0.0,0.0,0.0,0.0,0.0,0.0,0.0,0.0,0.0,0.0,0.0,0.0,0.0,0.0,Aston Villa
599,599,Diaby,M,6.3,2.47,41.0,1.43,41.0,2.47,41.0,1.47,41.0,2.38,41.0,2.24,41.0,1.95,41.0,Aston Villa
672,672,Zaniolo,M,5.4,1.0,25.0,0.58,25.0,1.0,25.0,0.6,25.0,0.97,25.0,0.91,25.0,0.79,25.0,Aston Villa
63,63,Billing,M,5.1,0.95,22.0,0.95,22.0,1.01,22.0,0.94,22.0,1.34,22.0,0.91,22.0,0.59,22.0,Bournemouth
705,705,Sinisterra,M,5.5,1.31,33.0,1.31,33.0,1.39,33.0,1.31,33.0,1.85,33.0,1.26,33.0,0.82,33.0,Bournemouth
65,65,Christie,M,5.0,3.05,79.0,3.05,79.0,3.24,79.0,3.04,79.0,4.31,79.0,2.93,79.0,1.9,79.0,Bournemouth
72,72,Kluivert,M,4.6,1.89,45.71,2.39,45.71,2.54,45.71,2.38,45.71,3.37,45.71,2.29,45.71,1.49,45.71,Bournemouth
66,66,L.Cook,M,5.0,2.71,90.1,2.72,90.1,2.88,90.1,2.7,90.1,3.83,90.1,2.6,90.1,1.69,90.1,Bournemouth
78,78,O.Dango,M,4.7,2.71,48.29,2.23,48.29,2.37,48.29,2.22,48.29,3.15,48.29,2.14,48.29,1.39,48.29,Bournemouth
86,86,Tavernier,M,5.5,3.26,68.0,3.27,68.0,3.47,68.0,3.25,68.0,4.61,68.0,3.13,68.0,2.04,68.0,Bournemouth
64,64,Brooks,M,4.7,0.0,0.0,0.0,0.0,0.0,0.0,0.0,0.0,0.0,0.0,0.0,0.0,0.0,0.0,Bournemouth
111,111,Onyeka,M,4.9,1.95,61.0,1.88,61.0,1.66,61.0,2.44,61.0,2.08,61.0,1.69,61.0,2.05,61.0,Brentford
92,92,Baptiste,M,4.5,0.29,7.0,0.28,7.0,0.25,7.0,0.37,7.0,0.31,7.0,0.26,7.0,0.31,7.0,Brentford
110,110,Nørgaard,M,5.3,2.1,74.64,2.67,74.64,2.36,74.64,3.46,74.64,2.95,74.64,2.41,74.64,2.92,74.64,Brentford
115,115,Schade,M,5.2,0.0,11.56,0.0,11.56,0.47,11.56,1.38,11.56,1.58,11.56,1.29,11.56,1.56,11.56,Brentford
98,98,Damsgaard,M,4.8,0.45,10.0,0.43,10.0,0.38,10.0,0.56,10.0,0.48,10.0,0.39,10.0,0.47,10.0,Brentford
99,99,Dasilva,M,4.7,0.0,0.0,0.0,0.0,0.0,0.0,0.0,0.0,0.0,0.0,0.0,0.0,0.0,0.0,Brentford
106,106,Jensen,M,5.4,2.64,67.0,2.54,67.0,2.25,67.0,3.3,67.0,2.81,67.0,2.29,67.0,2.78,67.0,Brentford
105,105,Janelt,M,5.3,2.62,80.5,2.52,80.5,2.23,80.5,3.28,80.5,2.79,80.5,2.28,80.5,2.76,80.5,Brentford
108,108,Mbeumo,M,6.7,3.63,75.7,4.7,75.7,4.37,75.7,6.41,75.7,5.47,75.7,4.46,75.7,5.4,75.7,Brentford
700,700,Ansu Fati,M,6.4,1.97,46.0,2.55,46.0,2.04,46.0,2.79,46.0,0.53,46.0,3.62,46.0,3.91,46.0,Brighton
138,138,Lallana,M,4.9,0.76,28.0,0.99,28.0,0.79,28.0,1.08,28.0,0.2,28.0,1.4,28.0,1.51,28.0,Brighton
134,134,Gross,M,6.5,3.27,83.3,4.24,83.3,3.38,83.3,4.62,83.3,0.87,83.3,6.0,83.3,6.5,83.3,Brighton
122,122,Adingra,M,5.0,2.81,76.0,3.64,76.0,2.9,76.0,3.96,76.0,0.75,76.0,5.15,76.0,5.57,76.0,Brighton
130,130,Enciso,M,5.0,1.86,38.0,2.41,38.0,1.92,38.0,2.62,38.0,0.5,38.0,3.41,38.0,3.69,38.0,Brighton
128,128,Dahoud,M,4.8,0.0,0.0,0.0,0.0,0.0,0.0,0.0,0.0,0.0,0.0,0.0,0.0,0.0,0.0,Brighton
140,140,March,M,6.1,0.0,6.02,0.0,6.02,0.0,6.02,0.0,6.02,0.0,6.02,1.86,6.02,4.03,6.02,Brighton
143,143,Mitoma,M,6.4,0.0,0.41,0.0,0.41,0.0,0.41,0.0,0.41,0.0,0.41,0.0,0.41,0.0,0.41,Brighton
142,142,Milner,M,4.8,0.66,32.71,1.19,32.71,0.95,32.71,1.3,32.71,0.24,32.71,1.68,32.71,1.82,32.71,Brighton
133,133,Gilmour,M,4.8,1.79,76.5,2.32,76.5,1.85,76.5,2.53,76.5,0.48,76.5,3.29,76.5,3.56,76.5,Brighton
161,161,Brownhill,M,4.7,1.68,73.41,2.85,73.41,2.35,73.41,2.61,73.41,2.98,73.41,2.39,73.41,2.72,73.41,Burnley
660,660,Odobert,M,5.0,2.93,74.2,3.71,74.2,3.06,74.2,3.39,74.2,3.88,74.2,3.11,74.2,3.55,74.2,Burnley
184,184,Zaroury,M,4.6,0.0,0.0,0.0,0.0,0.0,0.0,0.0,0.0,0.0,0.0,0.0,0.0,0.0,0.0,Burnley
165,165,Cullen,M,5.0,1.61,59.38,1.86,59.38,1.36,59.38,1.51,59.38,1.73,59.38,1.38,59.38,1.58,59.38,Burnley
170,170,Gudmundsson,M,4.8,0.8,34.79,1.6,34.79,1.32,34.79,1.47,34.79,1.68,34.79,1.34,34.79,1.53,34.79,Burnley
600,600,Redmond,M,4.7,0.0,0.0,0.0,0.0,0.0,0.0,0.0,0.0,0.0,0.0,0.0,0.0,0.0,0.0,Burnley
605,605,Koleosho,M,4.8,0.0,1.83,0.0,1.83,0.0,1.83,0.0,1.83,0.0,1.83,0.0,1.83,0.92,1.83,Burnley
475,475,Berge,M,4.6,2.43,87.0,3.07,87.0,2.54,87.0,2.81,87.0,3.22,87.0,2.57,87.0,2.94,87.0,Burnley
196,196,Chukwuemeka,M,4.2,0.64,15.0,0.56,15.0,0.62,15.0,0.57,15.0,0.36,15.0,0.69,15.0,0.8,15.0,Chelsea
202,202,Gallagher,M,5.4,4.07,81.6,3.59,81.6,3.96,81.6,3.6,81.6,2.31,81.6,4.37,81.6,5.1,81.6,Chelsea
609,609,Maatsen,M,5.1,0.0,0.0,0.0,0.0,0.0,0.0,0.0,0.0,0.0,0.0,0.0,0.0,0.0,0.0,Chelsea
216,216,Sterling,M,6.9,4.36,60.0,3.85,60.0,4.24,60.0,3.86,60.0,2.47,60.0,4.68,60.0,5.47,60.0,Chelsea
362,362,Palmer,M,5.7,6.27,80.2,5.53,80.2,6.1,80.2,5.55,80.2,3.56,80.2,6.73,80.2,7.87,80.2,Chelsea
199,199,Enzo,M,4.8,3.23,72.71,3.29,72.71,3.62,72.71,3.3,72.71,2.11,72.71,4.0,72.71,4.67,72.71,Chelsea
210,210,Mudryk,M,6.3,2.06,28.0,1.82,28.0,2.0,28.0,1.82,28.0,1.17,28.0,2.21,28.0,2.58,28.0,Chelsea
208,208,Madueke,M,5.3,1.05,19.0,0.93,19.0,1.02,19.0,0.93,19.0,0.6,19.0,1.13,19.0,1.32,19.0,Chelsea
126,126,Caicedo,M,5.0,2.68,83.7,2.36,83.7,2.6,83.7,2.37,83.7,1.52,83.7,2.87,83.7,3.36,83.7,Chelsea
667,667,Lavia,M,4.9,0.32,13.85,0.43,13.85,0.47,13.85,0.43,13.85,0.28,13.85,0.52,13.85,0.61,13.85,Chelsea
236,236,Olise,M,5.6,0.0,39.83,1.09,39.83,1.77,39.83,2.64,39.83,8.22,39.83,4.51,39.83,4.91,39.83,Crystal Palace
240,240,Schlupp,M,4.8,1.21,36.0,1.21,36.0,0.99,36.0,0.98,36.0,2.31,36.0,1.27,36.0,1.38,36.0,Crystal Palace
231,231,Lerma,M,4.7,2.45,91.0,2.46,91.0,2.0,91.0,1.98,91.0,4.69,91.0,2.58,91.0,2.8,91.0,Crystal Palace
226,226,Eze,M,6.0,4.28,80.0,4.3,80.0,3.5,80.0,3.46,80.0,8.2,80.0,4.5,80.0,4.89,80.0,Crystal Palace
807,807,Wharton,M,5.0,2.12,75.0,2.14,75.0,1.74,75.0,1.72,75.0,4.07,75.0,2.24,75.0,2.43,75.0,Crystal Palace
221,221,J.Ayew,M,5.4,2.88,79.0,2.9,79.0,2.36,79.0,2.33,79.0,5.53,79.0,3.03,79.0,3.3,79.0,Crystal Palace
229,229,Hughes,M,4.9,1.31,54.0,1.32,54.0,1.07,54.0,1.06,54.0,2.52,54.0,1.38,54.0,1.5,54.0,Crystal Palace
661,661,Harrison,M,5.5,3.03,75.0,3.01,75.0,3.9,75.0,2.87,75.0,5.19,75.0,3.62,75.0,3.68,75.0,Everton
250,250,Garner,M,4.9,2.67,86.0,2.66,86.0,3.45,86.0,2.53,86.0,4.59,86.0,3.2,86.0,3.25,86.0,Everton
261,261,Onana,M,4.7,1.68,56.0,1.67,56.0,2.17,56.0,1.59,56.0,2.88,56.0,2.01,56.0,2.04,56.0,Everton
254,254,Gana,M,4.8,1.49,63.0,1.48,63.0,1.92,63.0,1.41,63.0,2.55,63.0,1.78,63.0,1.81,63.0,Everton
259,259,McNeil,M,5.4,3.67,88.2,3.65,88.2,4.74,88.2,3.48,88.2,6.3,88.2,4.39,88.2,4.46,88.2,Everton
249,249,A.Doucoure,M,5.5,3.28,80.0,3.26,80.0,4.23,80.0,3.11,80.0,5.64,80.0,3.92,80.0,3.99,80.0,Everton
601,601,Danjuma,M,5.2,0.44,9.0,0.44,9.0,0.57,9.0,0.42,9.0,0.76,9.0,0.53,9.0,0.54,9.0,Everton
591,591,Willian,M,5.3,4.04,60.83,2.82,60.83,3.25,60.83,2.98,60.83,2.62,60.83,3.25,60.83,2.96,60.83,Fulham
256,256,Iwobi,M,5.3,4.27,80.0,3.38,80.0,3.9,80.0,3.57,80.0,3.14,80.0,3.89,80.0,3.55,80.0,Fulham
267,267,Andreas,M,5.3,3.47,68.0,2.75,68.0,3.17,68.0,2.91,68.0,2.55,68.0,3.16,68.0,2.88,68.0,Fulham
268,268,Cairney,M,4.9,1.54,34.0,1.22,34.0,1.41,34.0,1.29,34.0,1.13,34.0,1.4,34.0,1.28,34.0,Fulham
288,288,Wilson,M,5.3,2.26,50.71,2.21,50.71,2.54,50.71,2.33,50.71,2.05,50.71,2.54,50.71,2.31,50.71,Fulham
276,276,Lukić,M,4.3,1.88,39.29,1.17,39.29,1.35,39.29,1.24,39.29,1.09,39.29,1.35,39.29,1.23,39.29,Fulham
270,270,De Cordova-Reid,M,5.3,1.21,23.0,0.96,23.0,1.11,23.0,1.02,23.0,0.89,23.0,1.11,23.0,1.01,23.0,Fulham
282,282,Reed,M,4.5,0.68,27.71,0.81,27.71,0.94,27.71,0.86,27.71,0.76,27.71,0.94,27.71,0.85,27.71,Fulham
280,280,J.Palhinha,M,5.0,2.8,88.0,2.22,88.0,2.56,88.0,2.35,88.0,2.06,88.0,2.56,88.0,2.33,88.0,Fulham
662,662,Adama,M,4.9,1.05,18.0,0.83,18.0,0.96,18.0,0.88,18.0,0.77,18.0,0.96,18.0,0.87,18.0,Fulham
310,310,Thiago,M,5.0,0.0,18.74,0.44,18.74,0.62,18.74,1.06,18.74,1.8,18.74,1.14,18.74,1.2,18.74,Liverpool
295,295,Elliott,M,4.8,2.27,42.0,2.95,42.0,2.08,42.0,2.37,42.0,3.43,42.0,2.18,42.0,2.29,42.0,Liverpool
668,668,Endo,M,5.4,2.41,63.38,2.85,63.38,2.01,63.38,2.29,63.38,3.32,63.38,2.1,63.38,2.22,63.38,Liverpool
304,304,Mac Allister,M,5.8,4.12,88.0,5.36,88.0,3.77,88.0,4.31,88.0,6.23,88.0,3.95,88.0,4.16,88.0,Liverpool
309,309,Szoboszlai,M,7.1,3.25,69.0,4.22,69.0,2.97,69.0,3.39,69.0,4.91,69.0,3.11,69.0,3.28,69.0,Liverpool
300,300,Jones,M,5.0,0.6,34.56,1.57,34.56,1.62,34.56,1.85,34.56,2.67,34.56,1.69,34.56,1.79,34.56,Liverpool
708,708,Gravenberch,M,5.0,0.56,27.79,1.34,27.79,0.94,27.79,1.07,27.79,1.55,27.79,0.99,27.79,1.04,27.79,Liverpool
294,294,Diogo J.,M,8.0,0.0,0.0,0.0,0.0,0.0,0.0,0.0,0.0,0.0,0.0,0.0,0.0,0.0,0.0,Liverpool
308,308,Salah,M,13.0,7.22,84.5,9.38,84.5,6.61,84.5,7.54,84.5,10.92,84.5,6.92,84.5,7.29,84.5,Liverpool
303,303,Luis Díaz,M,7.5,4.96,75.54,6.44,75.54,4.54,75.54,5.18,75.54,7.49,75.54,4.75,75.54,4.68,75.54,Liverpool
582,582,Mpanzu,M,4.7,1.25,32.58,0.72,32.58,0.84,32.58,0.5,32.58,0.87,32.58,0.76,32.58,0.83,32.58,Luton
727,727,Townsend,M,5.0,1.13,31.0,0.83,31.0,1.33,31.0,0.8,31.0,1.38,31.0,1.21,31.0,1.32,31.0,Luton
320,320,Clark,M,4.8,1.77,57.29,1.1,57.29,1.78,57.29,1.07,57.29,1.85,57.29,1.61,57.29,1.76,57.29,Luton
21,21,Sambi,M,4.9,1.15,70.55,1.31,70.55,2.45,70.55,1.48,70.55,2.54,70.55,2.22,70.55,2.43,70.55,Luton
52,52,Nakamba,M,4.3,0.0,2.29,0.0,2.29,0.0,2.29,0.0,2.29,0.0,2.29,0.0,2.29,0.59,2.29,Luton
630,630,Barkley,M,5.0,3.18,86.0,2.34,86.0,3.78,86.0,2.28,86.0,3.92,86.0,3.42,86.0,3.74,86.0,Luton
586,586,Chong,M,4.7,2.13,63.0,1.56,63.0,2.52,63.0,1.52,63.0,2.62,63.0,2.29,63.0,2.5,63.0,Luton
344,344,Bernardo,M,6.2,2.71,72.0,3.65,72.0,3.23,72.0,4.5,72.0,2.76,72.0,3.24,72.0,3.89,72.0,Man City
354,354,Grealish,M,7.2,1.28,30.0,1.73,30.0,1.53,30.0,2.14,30.0,1.31,30.0,1.54,30.0,1.85,30.0,Man City
356,356,Kovačić,M,4.6,0.8,27.0,1.08,27.0,0.96,27.0,1.34,27.0,0.82,27.0,0.96,27.0,1.16,27.0,Man City
566,566,Matheus N.,M,4.7,0.68,22.0,0.92,22.0,0.81,22.0,1.13,22.0,0.69,22.0,0.81,22.0,0.98,22.0,Man City
365,365,Rodrigo,M,5.6,2.99,91.0,4.04,91.0,3.57,91.0,4.98,91.0,3.05,91.0,3.58,91.0,4.31,91.0,Man City
678,678,Doku,M,6.4,2.15,48.61,2.52,48.61,2.23,48.61,3.11,48.61,1.91,48.61,2.24,48.61,2.69,48.61,Man City
345,345,Bobb,M,4.4,0.69,13.0,0.94,13.0,0.83,13.0,1.16,13.0,0.71,13.0,0.83,13.0,1.0,13.0,Man City
353,353,Foden,M,8.1,4.41,79.92,5.75,79.92,5.08,79.92,7.09,79.92,4.34,79.92,5.1,79.92,6.13,79.92,Man City
349,349,De Bruyne,M,10.5,2.34,58.78,4.26,58.78,4.74,58.78,6.62,58.78,4.05,58.78,4.76,58.78,5.72,58.78,Man City
373,373,B.Fernandes,M,8.2,4.85,90.0,4.41,90.0,4.3,90.0,4.65,90.0,5.49,90.0,6.0,90.0,4.62,90.0,Man Utd
709,709,Amrabat,M,5.0,0.28,13.0,0.26,13.0,0.25,13.0,0.27,13.0,0.32,13.0,0.35,13.0,0.27,13.0,Man Utd
400,400,Van de Beek,M,4.7,0.0,0.0,0.0,0.0,0.0,0.0,0.0,0.0,0.0,0.0,0.0,0.0,0.0,0.0,Man Utd
379,379,Eriksen,M,5.8,0.67,16.0,0.61,16.0,0.59,16.0,0.64,16.0,0.76,16.0,0.83,16.0,0.64,16.0,Man Utd
392,392,McTominay,M,4.6,2.76,61.29,2.14,61.29,2.09,61.29,2.26,61.29,2.67,61.29,2.92,61.29,2.24,61.29,Man Utd
376,376,Casemiro,M,5.3,1.45,64.64,2.02,64.64,2.02,64.64,2.19,64.64,2.58,64.64,2.83,64.64,2.17,64.64,Man Utd
388,388,Mainoo,M,4.4,1.77,69.0,1.61,69.0,1.57,69.0,1.7,69.0,2.01,69.0,2.19,69.0,1.69,69.0,Man Utd
372,372,Antony,M,6.8,0.86,19.0,0.78,19.0,0.76,19.0,0.82,19.0,0.97,19.0,1.06,19.0,0.82,19.0,Man Utd
397,397,Sancho,M,6.7,0.0,0.0,0.0,0.0,0.0,0.0,0.0,0.0,0.0,0.0,0.0,0.0,0.0,0.0,Man Utd
396,396,Rashford,M,8.4,4.87,80.7,4.35,80.7,4.13,80.7,4.48,80.7,5.28,80.7,5.77,80.7,4.44,80.7,Man Utd
209,209,Mount,M,6.8,1.11,36.56,1.62,36.56,1.58,36.56,1.71,36.56,2.01,36.56,2.2,36.56,1.69,36.56,Man Utd
382,382,Garnacho,M,4.9,4.51,80.07,3.98,80.07,3.88,80.07,4.2,80.07,4.95,80.07,5.41,80.07,4.16,80.07,Man Utd
403,403,Anderson,M,4.2,1.21,24.0,1.15,24.0,1.06,24.0,1.12,24.0,0.88,24.0,1.44,24.0,1.15,24.0,Newcastle
416,416,Joelinton,M,5.8,0.0,5.97,0.0,5.97,0.0,5.97,0.0,5.97,0.0,5.97,1.28,5.97,2.04,5.97,Newcastle
406,406,Bruno G.,M,5.8,3.89,88.5,3.69,88.5,3.39,88.5,3.58,88.5,2.83,88.5,4.6,88.5,3.68,88.5,Newcastle
402,402,Almirón,M,6.0,3.25,62.2,3.08,62.2,2.83,62.2,2.99,62.2,2.37,62.2,3.85,62.2,3.07,62.2,Newcastle
421,421,Longstaff,M,4.8,3.43,80.8,3.25,80.8,2.99,80.8,3.16,80.8,2.5,80.8,4.06,80.8,3.24,80.8,Newcastle
432,432,Willock,M,5.3,3.34,68.0,3.17,68.0,2.91,68.0,3.07,68.0,2.43,68.0,3.95,68.0,3.16,68.0,Newcastle
603,603,Barnes,M,6.2,1.56,31.94,2.02,31.94,1.85,31.94,1.95,31.94,1.55,31.94,2.51,31.94,2.01,31.94,Newcastle
423,423,J.Murphy,M,5.0,2.65,42.29,2.01,42.29,1.84,42.29,1.95,42.29,1.54,42.29,2.51,42.29,2.0,42.29,Newcastle
412,412,Gordon,M,6.1,3.79,72.82,4.35,72.82,3.99,72.82,4.33,72.82,3.43,72.82,5.57,72.82,4.45,72.82,Newcastle
429,429,Tonali,M,5.2,0.0,0.0,0.0,0.0,0.0,0.0,0.0,0.0,0.0,0.0,0.0,0.0,0.0,0.0,Newcastle
635,635,Miley,M,4.5,1.19,30.0,1.13,30.0,1.03,30.0,1.09,30.0,0.86,30.0,1.4,30.0,1.12,30.0,Newcastle
712,712,Dominguez,M,5.0,1.94,59.71,2.42,59.71,1.96,59.71,2.42,59.71,2.0,59.71,1.64,59.71,2.53,59.71,Nott'm Forest
447,447,Gibbs-White,M,5.7,4.38,84.5,4.59,84.5,3.72,84.5,4.58,84.5,3.79,84.5,3.11,84.5,4.8,84.5,Nott'm Forest
205,205,Hudson-Odoi,M,4.7,2.74,55.0,2.87,55.0,2.32,55.0,2.86,55.0,2.37,55.0,1.94,55.0,3.0,55.0,Nott'm Forest
470,470,Yates,M,4.8,2.26,64.29,2.04,64.29,1.66,64.29,2.04,64.29,1.69,64.29,1.39,64.29,2.14,64.29,Nott'm Forest
442,442,Danilo,M,5.3,1.16,46.56,1.73,46.56,1.41,46.56,1.73,46.56,1.43,46.56,1.18,46.56,1.81,46.56,Nott'm Forest
713,713,Sangaré,M,4.9,1.92,65.38,1.84,65.38,1.49,65.38,1.83,65.38,1.51,65.38,1.24,65.38,1.92,65.38,Nott'm Forest
451,451,Kouyaté,M,4.8,0.13,4.0,0.14,4.0,0.11,4.0,0.14,4.0,0.11,4.0,0.09,4.0,0.15,4.0,Nott'm Forest
453,453,Mangala,M,5.0,0.0,0.0,0.0,0.0,0.0,0.0,0.0,0.0,0.0,0.0,0.0,0.0,0.0,0.0,Nott'm Forest
378,378,Elanga,M,5.1,4.54,74.0,4.76,74.0,3.86,74.0,4.75,74.0,3.93,74.0,3.23,74.0,4.98,74.0,Nott'm Forest
638,638,Vini Souza,M,5.0,2.31,81.0,1.55,81.0,2.09,81.0,2.01,81.0,3.68,81.0,1.91,81.0,2.21,81.0,Sheffield Utd
663,663,Hamer,M,4.9,3.11,76.0,2.09,76.0,2.8,76.0,2.7,76.0,4.94,76.0,2.57,76.0,2.97,76.0,Sheffield Utd
360,360,McAtee,M,4.4,2.9,65.0,1.95,65.0,2.62,65.0,2.52,65.0,4.62,65.0,2.4,65.0,2.78,65.0,Sheffield Utd
775,775,Brereton Díaz,M,5.0,3.63,67.0,2.44,67.0,3.28,67.0,3.16,67.0,5.78,67.0,3.01,67.0,3.48,67.0,Sheffield Utd
488,488,Norwood,M,4.8,1.04,32.0,0.7,32.0,0.94,32.0,0.9,32.0,1.65,32.0,0.86,32.0,0.99,32.0,Sheffield Utd
489,489,Osborn,M,4.8,1.61,49.0,1.08,49.0,1.45,49.0,1.4,49.0,2.56,49.0,1.33,49.0,1.54,49.0,Sheffield Utd
587,587,Slimane,M,4.7,0.65,19.08,0.54,19.08,0.73,19.08,0.7,19.08,1.29,19.08,0.67,19.08,0.77,19.08,Sheffield Utd
450,450,Johnson,M,5.8,3.21,44.0,2.44,44.0,2.66,44.0,2.3,44.0,1.74,44.0,1.93,44.0,1.87,44.0,Spurs
513,513,Sarr,M,4.4,3.24,62.0,2.46,62.0,2.69,62.0,2.33,62.0,1.76,62.0,1.95,62.0,1.89,62.0,Spurs
509,509,Richarlison,M,6.9,4.78,62.62,4.01,62.62,4.38,62.62,3.79,62.62,2.86,62.62,3.17,62.62,3.07,62.62,Spurs
515,515,Skipp,M,4.5,0.1,3.0,0.08,3.0,0.09,3.0,0.07,3.0,0.06,3.0,0.06,3.0,0.06,3.0,Spurs
503,503,Lo Celso,M,4.8,0.56,10.0,0.42,10.0,0.46,10.0,0.4,10.0,0.3,10.0,0.34,10.0,0.33,10.0,Spurs
583,583,Solomon,M,5.1,0.0,12.34,0.45,12.34,0.98,12.34,1.06,12.34,0.81,12.34,0.89,12.34,0.86,12.34,Spurs
501,501,Kulusevski,M,6.8,4.75,72.15,3.43,72.15,3.74,72.15,3.24,72.15,2.45,72.15,2.71,72.15,2.63,72.15,Spurs
516,516,Son,M,10.1,8.17,85.5,6.2,85.5,6.77,85.5,5.86,85.5,4.43,85.5,4.91,85.5,4.75,85.5,Spurs
493,493,Bissouma,M,5.0,2.3,68.0,1.75,68.0,1.91,68.0,1.65,68.0,1.25,68.0,1.38,68.0,1.34,68.0,Spurs
504,504,Maddison,M,8.0,6.15,79.5,4.67,79.5,5.1,79.5,4.42,79.5,3.34,79.5,3.7,79.5,3.58,79.5,Spurs
499,499,Højbjerg,M,5.2,0.77,19.0,0.59,19.0,0.64,19.0,0.55,19.0,0.42,19.0,0.46,19.0,0.45,19.0,Spurs
492,492,Bentancur,M,5.4,1.76,43.0,1.34,43.0,1.46,43.0,1.26,43.0,0.96,43.0,1.06,43.0,1.02,43.0,Spurs
525,525,Benrahma,M,5.6,0.0,0.0,0.0,0.0,0.0,0.0,0.0,0.0,0.0,0.0,0.0,0.0,0.0,0.0,West Ham
689,689,Kudus,M,6.9,3.66,85.0,4.08,85.0,3.85,85.0,4.42,85.0,3.65,85.0,3.4,85.0,3.49,85.0,West Ham
526,526,Bowen,M,8.0,4.55,91.0,5.07,91.0,4.78,91.0,5.49,91.0,4.54,91.0,4.23,91.0,4.34,91.0,West Ham
539,539,L.Paquetá,M,6.0,3.43,82.5,3.83,82.5,3.61,82.5,4.15,82.5,3.43,82.5,3.19,82.5,3.28,82.5,West Ham
534,534,P.Fornals,M,4.6,0.0,0.0,0.0,0.0,0.0,0.0,0.0,0.0,0.0,0.0,0.0,0.0,0.0,0.0,West Ham
642,642,Álvarez,M,5.0,0.0,44.26,0.0,44.26,1.9,44.26,2.18,44.26,1.81,44.26,1.68,44.26,1.72,44.26,West Ham
664,664,Ward-Prowse,M,5.9,3.1,64.58,3.45,64.58,2.67,64.58,3.06,64.58,2.53,64.58,2.36,64.58,2.42,64.58,West Ham
527,527,Cornet,M,5.2,0.3,9.85,0.61,9.85,0.58,9.85,0.66,9.85,0.55,9.85,0.51,9.85,0.52,9.85,West Ham
542,542,Souček,M,4.9,2.93,82.86,3.26,82.86,3.0,82.86,3.45,82.86,2.85,82.86,2.66,82.86,2.72,82.86,West Ham
364,364,Phillips,M,4.7,1.08,35.29,1.21,35.29,0.71,35.29,0.81,35.29,0.67,35.29,0.63,35.29,0.64,35.29,West Ham
715,715,Bellegarde,M,4.9,1.13,45.23,1.9,45.23,2.21,45.23,1.83,45.23,2.01,45.23,1.8,45.23,0.9,45.23,Wolves
568,568,Podence,M,5.3,0.0,0.0,0.0,0.0,0.0,0.0,0.0,0.0,0.0,0.0,0.0,0.0,0.0,0.0,Wolves
567,567,Neto,M,5.7,0.0,1.94,0.0,1.94,0.0,1.94,0.0,1.94,0.0,1.94,0.0,1.94,0.65,1.94,Wolves
557,557,Hee Chan,M,5.5,0.0,20.73,0.0,20.73,0.0,20.73,1.27,20.73,3.95,20.73,5.49,20.73,2.76,20.73,Wolves
559,559,João Gomes,M,4.9,1.99,76.0,2.33,76.0,2.46,76.0,2.04,76.0,3.16,76.0,2.83,76.0,1.42,76.0,Wolves
565,565,Mario Jr.,M,4.9,2.61,90.0,3.07,90.0,3.24,90.0,2.68,90.0,4.16,90.0,3.73,90.0,1.87,90.0,Wolves
570,570,Sarabia,M,4.7,4.28,82.77,5.01,82.77,5.3,82.77,4.08,82.77,6.17,82.77,5.39,82.77,2.71,82.77,Wolves
13,13,Nketiah,F,5.1,0.4,11.0,0.79,11.0,0.54,11.0,0.64,11.0,0.98,11.0,0.56,11.0,0.66,11.0,Arsenal
8,8,G.Jesus,F,7.8,2.22,61.62,4.88,61.62,3.33,61.62,3.96,61.62,6.03,61.62,3.43,61.62,4.06,61.62,Arsenal
44,44,Duran,F,5.0,0.87,18.0,0.51,18.0,0.87,18.0,0.52,18.0,0.84,18.0,0.79,18.0,0.69,18.0,Aston Villa
60,60,Watkins,F,9.0,6.03,91.0,3.5,91.0,6.02,91.0,3.6,91.0,5.81,91.0,5.46,91.0,4.76,91.0,Aston Villa
82,82,Semenyo,F,4.5,3.73,70.69,3.59,70.69,3.81,70.69,3.57,70.69,5.06,70.69,3.44,70.69,2.24,70.69,Bournemouth
85,85,Solanke,F,7.2,5.19,88.0,5.2,88.0,5.52,88.0,5.18,88.0,7.33,88.0,4.98,88.0,3.24,88.0,Bournemouth
76,76,Moore,F,4.6,0.0,0.0,0.0,0.0,0.0,0.0,0.0,0.0,0.0,0.0,0.0,0.0,0.0,0.0,Bournemouth
804,804,Enes Ünal,F,5.0,1.43,25.0,1.43,25.0,1.52,25.0,1.43,25.0,2.02,25.0,1.37,25.0,0.89,25.0,Bournemouth
117,117,Toney,F,8.2,5.61,91.0,5.4,91.0,4.78,91.0,7.01,91.0,5.98,91.0,4.87,91.0,5.91,91.0,Brentford
119,119,Wissa,F,5.7,2.29,45.0,2.2,45.0,1.95,45.0,2.86,45.0,2.44,45.0,1.99,45.0,2.41,45.0,Brentford
258,258,Maupay,F,4.9,0.84,17.0,0.81,17.0,0.72,17.0,1.05,17.0,0.9,17.0,0.73,17.0,0.89,17.0,Brentford
149,149,Undav,F,5.5,0.0,0.0,0.0,0.0,0.0,0.0,0.0,0.0,0.0,0.0,0.0,0.0,0.0,0.0,Brighton
132,132,Ferguson,F,5.7,1.73,50.0,2.24,50.0,1.79,50.0,2.45,50.0,0.46,50.0,3.18,50.0,3.44,50.0,Brighton
154,154,Welbeck,F,5.7,2.0,49.0,2.59,49.0,2.06,49.0,2.82,49.0,0.53,49.0,3.66,49.0,3.96,49.0,Brighton
135,135,João Pedro,F,5.2,1.04,54.12,2.43,54.12,2.97,54.12,4.06,54.12,0.77,54.12,5.27,54.12,5.71,54.12,Brighton
183,183,Weghorst,F,5.5,0.0,0.0,0.0,0.0,0.0,0.0,0.0,0.0,0.0,0.0,0.0,0.0,0.0,0.0,Burnley
177,177,Rodriguez,F,5.3,0.3,7.0,0.38,7.0,0.32,7.0,0.35,7.0,0.4,7.0,0.32,7.0,0.37,7.0,Burnley
594,594,Amdouni,F,5.3,1.74,49.29,2.19,49.29,1.81,49.29,2.01,49.29,2.3,49.29,1.84,49.29,1.68,49.29,Burnley
168,168,Foster,F,4.7,0.0,4.86,0.0,4.86,0.0,4.86,0.0,4.86,0.0,4.86,0.72,4.86,1.65,4.86,Burnley
212,212,Nkunku,F,7.2,1.02,33.41,1.8,33.41,2.78,33.41,2.53,33.41,1.62,33.41,3.07,33.41,3.59,33.41,Chelsea
211,211,N.Jackson,F,6.8,5.2,76.55,3.93,76.55,3.84,76.55,3.66,76.55,2.76,76.55,5.23,76.55,6.11,76.55,Chelsea
200,200,D.D.Fofana,F,5.0,0.0,60.64,4.5,60.64,3.72,60.64,4.12,60.64,4.71,60.64,3.77,60.64,4.17,60.64,Burnley
623,623,Burstow,F,4.9,0.0,0.0,0.0,0.0,0.0,0.0,0.0,0.0,0.0,0.0,0.0,0.0,0.0,0.0,Chelsea
232,232,Mateta,F,4.9,3.11,72.3,3.13,72.3,2.54,72.3,2.52,72.3,5.97,72.3,3.28,72.3,3.56,72.3,Crystal Palace
225,225,Edouard,F,5.4,1.36,31.0,1.37,31.0,1.11,31.0,1.1,31.0,2.61,31.0,1.43,31.0,1.56,31.0,Crystal Palace
237,237,Plange,F,4.5,0.0,0.0,0.0,0.0,0.0,0.0,0.0,0.0,0.0,0.0,0.0,0.0,0.0,0.0,Crystal Palace
246,246,Calvert-Lewin,F,5.8,3.03,65.0,3.01,65.0,3.91,65.0,2.87,65.0,5.21,65.0,3.62,65.0,3.68,65.0,Everton
691,691,Beto,F,5.7,1.44,33.0,1.43,33.0,1.85,33.0,1.36,33.0,2.46,33.0,1.72,33.0,1.74,33.0,Everton
193,193,Broja,F,4.9,0.84,16.0,0.66,16.0,0.76,16.0,0.7,16.0,0.62,16.0,0.76,16.0,0.69,16.0,Fulham
287,287,Vinícius,F,5.0,0.0,0.0,0.0,0.0,0.0,0.0,0.0,0.0,0.0,0.0,0.0,0.0,0.0,0.0,Fulham
558,558,Raúl,F,5.0,1.86,35.0,1.48,35.0,1.7,35.0,1.56,35.0,1.37,35.0,1.7,35.0,1.55,35.0,Fulham
279,279,Muniz,F,4.4,4.61,63.97,3.5,63.97,3.84,63.97,3.52,63.97,3.1,63.97,3.84,63.97,3.5,63.97,Fulham
297,297,Gakpo,F,7.2,2.17,38.0,2.82,38.0,1.99,38.0,2.27,38.0,3.28,38.0,2.08,38.0,2.19,38.0,Liverpool
293,293,Darwin,F,7.5,5.3,69.92,6.51,69.92,4.59,69.92,5.23,69.92,7.58,69.92,4.8,69.92,5.06,69.92,Liverpool
631,631,Brown,F,4.9,0.0,0.25,0.0,0.25,0.0,0.25,0.0,0.25,0.0,0.25,0.0,0.25,0.0,0.25,Luton
326,326,Morris,F,5.2,3.57,78.2,2.57,78.2,4.05,78.2,2.44,78.2,4.19,78.2,3.67,78.2,4.01,78.2,Luton
314,314,Adebayo,F,4.9,0.48,52.28,1.31,52.28,3.35,52.28,2.02,52.28,3.47,52.28,3.03,52.28,3.32,52.28,Luton
328,328,Ogbene,F,4.9,2.55,72.0,1.87,72.0,3.02,72.0,1.82,72.0,3.13,72.0,2.74,72.0,2.99,72.0,Luton
324,324,McAtee,F,4.5,0.0,0.0,0.0,0.0,0.0,0.0,0.0,0.0,0.0,0.0,0.0,0.0,0.0,0.0,Luton
355,355,Haaland,F,14.3,5.73,84.0,7.73,84.0,6.83,84.0,9.53,84.0,5.84,84.0,6.85,84.0,8.24,84.0,Man City
343,343,J.Alvarez,F,6.5,2.65,59.0,3.57,59.0,3.16,59.0,4.41,59.0,2.7,59.0,3.17,59.0,3.81,59.0,Man City
617,617,Højlund,F,7.0,3.92,78.54,3.65,78.54,3.56,78.54,3.86,78.54,4.55,78.54,4.97,78.54,3.82,78.54,Man Utd
390,390,Martial,F,6.4,0.0,6.14,0.23,6.14,0.4,6.14,0.43,6.14,0.51,6.14,0.55,6.14,0.43,6.14,Man Utd
415,415,Isak,F,7.5,5.43,76.2,5.16,76.2,4.73,76.2,5.0,76.2,3.96,76.2,6.43,76.2,5.14,76.2,Newcastle
433,433,Wilson,F,7.8,0.0,0.41,0.0,0.41,0.0,0.41,0.0,0.41,0.0,0.41,0.0,0.41,0.0,0.41,Newcastle
468,468,Wood,F,4.8,4.13,61.01,3.75,61.01,2.52,61.01,3.11,61.01,2.57,61.01,2.11,61.01,3.26,61.01,Nott'm Forest
466,466,Ui-jo,F,4.4,0.0,0.0,0.0,0.0,0.0,0.0,0.0,0.0,0.0,0.0,0.0,0.0,0.0,0.0,Nott'm Forest
437,437,Awoniyi,F,6.3,0.82,36.84,1.72,36.84,2.23,36.84,2.75,36.84,2.27,36.84,1.87,36.84,2.88,36.84,Nott'm Forest
714,714,Origi,F,5.0,2.19,40.0,2.29,40.0,1.86,40.0,2.29,40.0,1.89,40.0,1.55,40.0,2.4,40.0,Nott'm Forest
477,477,Brewster,F,4.9,0.0,0.0,0.0,0.0,0.0,0.0,0.0,0.0,0.0,0.0,0.0,0.0,0.0,0.0,Sheffield Utd
490,490,Osula,F,4.3,1.23,35.0,0.83,35.0,1.11,35.0,1.07,35.0,1.96,35.0,1.02,35.0,1.18,35.0,Sheffield Utd
485,485,McBurnie,F,5.4,2.92,61.0,1.96,61.0,2.64,61.0,2.54,61.0,4.64,61.0,2.42,61.0,2.79,61.0,Sheffield Utd
593,593,T.Bénie,F,5.1,0.0,0.0,0.0,0.0,0.0,0.0,0.0,0.0,0.0,0.0,0.0,0.0,0.0,0.0,Sheffield Utd
33,33,Archer,F,4.2,0.9,38.72,1.21,38.72,2.16,38.72,2.08,38.72,3.81,38.72,1.99,38.72,2.29,38.72,Sheffield Utd
776,776,Werner,F,6.3,2.55,34.0,1.94,34.0,2.12,34.0,1.83,34.0,1.38,34.0,1.53,34.0,1.49,34.0,Spurs
640,640,Scarlett,F,4.5,0.06,1.0,0.05,1.0,0.05,1.0,0.04,1.0,0.03,1.0,0.04,1.0,0.04,1.0,Spurs
641,641,Veliz,F,5.4,0.22,7.85,0.38,7.85,0.41,7.85,0.36,7.85,0.27,7.85,0.3,7.85,0.29,7.85,Spurs
535,535,Ings,F,5.6,0.49,10.0,0.55,10.0,0.51,10.0,0.59,10.0,0.49,10.0,0.45,10.0,0.47,10.0,West Ham
523,523,Antonio,F,5.7,2.39,50.29,2.21,50.29,2.08,50.29,2.39,50.29,1.98,50.29,1.84,50.29,1.89,50.29,West Ham
590,590,Cunha,F,5.5,1.81,70.54,3.72,70.54,4.67,70.54,3.86,70.54,5.98,70.54,5.37,70.54,2.7,70.54,Wolves
552,552,Fábio Silva,F,5.2,0.0,0.0,0.0,0.0,0.0,0.0,0.0,0.0,0.0,0.0,0.0,0.0,0.0,0.0,Wolves
562,562,Kalajdžić,F,5.5,0.0,0.0,0.0,0.0,0.0,0.0,0.0,0.0,0.0,0.0,0.0,0.0,0.0,0.0,Wolves
290,290,Alexander-Arnold,D,8.5,2.42,90.0,3.11,90.0,1.79,90.0,4.08,90.0,6.74,90.0,4.11,90.0,4.06,90.0,Liverpool
430,430,Trippier,D,6.7,3.57,90.0,3.55,90.0,3.01,90.0,3.36,90.0,3.15,90.0,5.41,90.0,4.01,90.0,Newcastle
307,307,Robertson,D,6.4,3.87,90.0,5.09,90.0,2.95,90.0,4.25,90.0,5.16,90.0,3.15,90.0,3.01,90.0,Liverpool
506,506,Pedro Porro,D,5.8,5.03,90.0,3.52,90.0,4.67,90.0,2.95,90.0,2.2,90.0,2.64,90.0,1.87,90.0,Spurs
369,369,Walker,D,5.4,2.77,90.0,3.22,90.0,3.34,90.0,3.83,90.0,2.44,90.0,3.26,90.0,3.4,90.0,Man City
313,313,Virgil,D,6.5,3.75,90.0,4.99,90.0,2.92,90.0,4.38,90.0,5.56,90.0,3.35,90.0,3.15,90.0,Liverpool
5,5,Gabriel,D,5.3,2.17,90.0,4.89,90.0,3.45,90.0,3.77,90.0,6.33,90.0,2.87,90.0,4.08,90.0,Arsenal
368,368,Stones,D,5.3,2.73,90.0,3.16,90.0,3.34,90.0,3.93,90.0,2.44,90.0,3.33,90.0,3.57,90.0,Man City
20,20,Saliba,D,5.8,2.07,90.0,4.66,90.0,3.29,90.0,3.64,90.0,6.03,90.0,2.74,90.0,3.93,90.0,Arsenal
29,29,White,D,5.7,2.07,90.0,4.51,90.0,3.19,90.0,3.38,90.0,5.54,90.0,2.55,90.0,3.48,90.0,Arsenal
427,427,Schär,D,5.4,3.72,90.0,3.6,90.0,2.73,90.0,2.66,90.0,2.61,90.0,4.34,90.0,3.36,90.0,Newcastle
265,265,Tarkowski,D,4.6,2.73,90.0,2.38,90.0,4.18,90.0,2.11,90.0,5.35,90.0,3.61,90.0,3.22,90.0,Everton
245,245,Branthwaite,D,4.2,2.59,90.0,2.25,90.0,3.87,90.0,1.95,90.0,4.87,90.0,3.34,90.0,2.96,90.0,Everton
511,511,Romero,D,5.1,4.03,90.0,2.79,90.0,3.69,90.0,2.28,90.0,1.67,90.0,2.11,90.0,1.34,90.0,Spurs
260,260,Mykolenko,D,4.6,2.71,90.0,2.4,90.0,4.15,90.0,2.14,90.0,5.3,90.0,3.51,90.0,3.15,90.0,Everton
519,519,Udogie,D,5.0,4.36,90.0,3.0,90.0,4.07,90.0,2.52,90.0,1.93,90.0,2.3,90.0,1.58,90.0,Spurs
195,195,Chilwell,D,5.4,4.11,90.0,3.07,90.0,3.51,90.0,3.03,90.0,1.8,90.0,3.18,90.0,4.07,90.0,Chelsea
342,342,Aké,D,5.1,2.39,90.0,2.79,90.0,2.89,90.0,3.33,90.0,2.13,90.0,2.92,90.0,3.12,90.0,Man City
405,405,Botman,D,4.5,2.95,90.0,3.12,90.0,2.47,90.0,2.35,90.0,2.35,90.0,3.9,90.0,3.0,90.0,Newcastle
350,350,Rúben,D,5.5,2.68,90.0,3.12,90.0,3.34,90.0,3.69,90.0,2.52,90.0,3.32,90.0,3.61,90.0,Man City
377,377,Dalot,D,5.2,3.1,90.0,2.18,90.0,2.09,90.0,2.63,90.0,3.71,90.0,3.95,90.0,2.85,90.0,Man Utd
112,112,Pinnock,D,4.5,1.97,90.0,2.18,90.0,1.65,90.0,3.92,90.0,2.78,90.0,2.39,90.0,2.9,90.0,Brentford
31,31,Zinchenko,D,5.0,1.16,90.0,2.47,90.0,1.86,90.0,2.4,90.0,3.81,90.0,1.87,90.0,2.53,90.0,Arsenal
407,407,Burn,D,4.4,3.19,90.0,3.04,90.0,2.32,90.0,2.19,90.0,2.16,90.0,3.48,90.0,2.65,90.0,Newcastle
341,341,Akanji,D,4.9,2.11,90.0,2.49,90.0,2.72,90.0,3.04,90.0,1.98,90.0,2.7,90.0,3.01,90.0,Man City
508,508,Reguilón,D,4.4,1.34,90.0,2.8,90.0,1.99,90.0,4.08,90.0,2.87,90.0,2.43,90.0,2.97,90.0,Brentford
321,321,Doughty,D,4.7,1.78,90.0,1.38,90.0,3.49,90.0,0.94,90.0,3.76,90.0,2.76,90.0,3.39,90.0,Luton
302,302,Konaté,D,4.9,1.82,90.0,2.72,90.0,1.72,90.0,3.53,90.0,4.6,90.0,2.69,90.0,2.53,90.0,Liverpool
129,129,Dunk,D,5.2,1.43,90.0,2.87,90.0,2.13,90.0,3.34,90.0,0.51,90.0,3.77,90.0,4.05,90.0,Brighton
217,217,T.Silva,D,5.0,3.61,90.0,2.7,90.0,3.31,90.0,2.95,90.0,1.63,90.0,2.94,90.0,3.94,90.0,Chelsea
283,283,Robinson,D,4.5,3.47,90.0,2.91,90.0,2.71,90.0,2.44,90.0,1.76,90.0,3.45,90.0,2.54,90.0,Fulham
545,545,Aït-Nouri,D,4.5,2.12,90.0,3.16,90.0,3.3,90.0,2.93,90.0,4.05,90.0,3.63,90.0,1.09,90.0,Wolves
83,83,Senesi,D,4.5,2.06,90.0,2.8,90.0,2.5,90.0,2.46,90.0,3.16,90.0,2.54,90.0,1.18,90.0,Bournemouth
286,286,Tosin,D,4.3,3.36,90.0,2.85,90.0,2.58,90.0,2.35,90.0,1.7,90.0,3.31,90.0,2.44,90.0,Fulham
90,90,Ajer,D,4.4,2.28,90.0,2.23,90.0,1.49,90.0,3.15,90.0,2.03,90.0,1.84,90.0,2.15,90.0,Brentford
203,203,Gusto,D,4.2,3.78,90.0,2.68,90.0,3.16,90.0,2.44,90.0,1.22,90.0,2.24,90.0,2.94,90.0,Chelsea
584,584,Pau,D,4.6,3.45,90.0,1.3,90.0,3.37,90.0,1.45,90.0,2.99,90.0,2.51,90.0,2.16,90.0,Aston Villa
611,611,Disasi,D,4.9,3.58,90.0,2.66,90.0,3.33,90.0,2.94,90.0,1.6,90.0,2.94,90.0,3.93,90.0,Chelsea
551,551,Dawson,D,4.5,1.71,90.0,2.83,90.0,3.14,90.0,2.79,90.0,3.75,90.0,3.51,90.0,0.91,90.0,Wolves
391,391,Martinez,D,4.7,1.29,90.0,0.84,90.0,0.56,90.0,1.37,90.0,2.63,90.0,3.39,90.0,2.71,90.0,Man Utd
96,96,Collins,D,4.5,1.96,90.0,1.8,90.0,1.16,90.0,2.34,90.0,1.51,90.0,1.48,90.0,1.75,90.0,Brentford
563,563,Kilman,D,4.5,1.95,90.0,2.97,90.0,3.09,90.0,2.76,90.0,3.7,90.0,3.39,90.0,0.93,90.0,Wolves
610,610,Bassey,D,4.4,3.18,90.0,2.72,90.0,2.45,90.0,2.26,90.0,1.62,90.0,3.17,90.0,2.34,90.0,Fulham
688,688,Castagne,D,4.5,3.35,90.0,2.84,90.0,2.69,90.0,2.42,90.0,1.82,90.0,3.39,90.0,2.56,90.0,Fulham
252,252,Godfrey,D,4.3,2.01,90.0,1.75,90.0,2.86,90.0,1.54,90.0,3.75,90.0,2.55,90.0,2.2,90.0,Everton
639,639,Van de Ven,D,4.4,1.68,90.0,1.71,90.0,3.17,90.0,2.11,90.0,1.63,90.0,2.02,90.0,1.31,90.0,Spurs
48,48,Konsa,D,4.5,3.33,90.0,1.23,90.0,3.29,90.0,1.39,90.0,2.95,90.0,2.45,90.0,2.11,90.0,Aston Villa
10,10,Kiwior,D,4.4,1.45,90.0,2.61,90.0,1.62,90.0,1.59,90.0,2.36,90.0,1.28,90.0,1.7,90.0,Arsenal
220,220,Andersen,D,4.7,2.84,90.0,2.28,90.0,1.4,90.0,1.09,90.0,4.56,90.0,2.22,90.0,2.4,90.0,Crystal Palace
150,150,Van Hecke,D,4.1,1.25,90.0,2.63,90.0,1.92,90.0,2.99,90.0,0.46,90.0,3.4,90.0,3.62,90.0,Brighton
792,792,Muñoz,D,4.5,2.85,90.0,2.34,90.0,1.44,90.0,1.11,90.0,4.75,90.0,2.28,90.0,2.49,90.0,Crystal Palace
616,616,Gvardiol,D,4.8,2.07,90.0,2.57,90.0,3.04,90.0,3.21,90.0,2.19,90.0,2.79,90.0,3.19,90.0,Man City
532,532,Emerson,D,4.4,1.85,90.0,2.25,90.0,2.57,90.0,2.99,90.0,2.79,90.0,1.76,90.0,1.8,90.0,West Ham
573,573,Toti,D,4.4,1.68,90.0,2.47,90.0,2.44,90.0,2.27,90.0,3.04,90.0,2.82,90.0,0.83,90.0,Wolves
131,131,Estupiñan,D,4.9,1.36,90.0,2.44,90.0,1.88,90.0,2.66,90.0,0.46,90.0,3.14,90.0,3.29,90.0,Brighton
572,572,N.Semedo,D,4.5,1.79,90.0,2.82,90.0,2.98,90.0,2.61,90.0,3.51,90.0,3.26,90.0,0.87,90.0,Wolves
234,234,Mitchell,D,4.5,2.72,90.0,2.22,90.0,1.38,90.0,1.09,90.0,4.45,90.0,2.16,90.0,2.28,90.0,Crystal Palace
528,528,Coufal,D,4.6,1.91,90.0,2.06,90.0,2.36,90.0,2.8,90.0,2.57,90.0,1.59,90.0,1.63,90.0,West Ham
395,395,R.Varane,D,4.9,2.62,90.0,1.87,90.0,1.81,90.0,2.05,90.0,2.6,90.0,2.66,90.0,2.09,90.0,Man Utd
32,32,Alex Moreno,D,5.2,2.8,90.0,1.19,90.0,2.67,90.0,1.27,90.0,2.4,90.0,2.05,90.0,1.79,90.0,Aston Villa
676,676,Mavropanos,D,4.5,1.98,90.0,2.12,90.0,2.41,90.0,2.78,90.0,2.62,90.0,1.62,90.0,1.63,90.0,West Ham
89,89,Zabarnyi,D,4.5,2.69,90.0,3.07,90.0,2.48,90.0,2.18,90.0,3.01,90.0,2.22,90.0,1.07,90.0,Bournemouth
696,696,Murillo,D,4.5,3.06,90.0,2.72,90.0,1.35,90.0,2.71,90.0,2.11,90.0,1.19,90.0,2.86,90.0,Nott'm Forest
197,197,Colwill,D,4.7,1.06,90.0,1.48,90.0,2.26,90.0,2.81,90.0,1.65,90.0,2.93,90.0,3.78,90.0,Chelsea
386,386,Lindelof,D,4.5,1.66,90.0,1.25,90.0,1.18,90.0,1.5,90.0,1.77,90.0,1.89,90.0,1.32,90.0,Man Utd
173,173,O'Shea,D,4.4,1.39,90.0,2.23,90.0,1.62,90.0,1.51,90.0,1.82,90.0,1.06,90.0,1.45,90.0,Burnley
401,401,Wan-Bissaka,D,4.4,2.35,90.0,1.73,90.0,1.72,90.0,2.05,90.0,3.0,90.0,3.01,90.0,2.18,90.0,Man Utd
206,206,James,D,5.3,0.51,90.0,0.99,90.0,1.52,90.0,2.47,90.0,1.81,90.0,3.2,90.0,4.13,90.0,Chelsea
757,757,Bradley,D,4.1,3.24,90.0,4.07,90.0,2.43,90.0,2.61,90.0,2.21,90.0,1.34,90.0,1.35,90.0,Liverpool
522,522,N.Aguerd,D,4.4,1.72,90.0,1.83,90.0,2.15,90.0,2.47,90.0,2.28,90.0,1.48,90.0,1.48,90.0,West Ham
182,182,Vitinho,D,4.4,1.41,90.0,2.14,90.0,1.65,90.0,1.74,90.0,2.25,90.0,1.3,90.0,1.74,90.0,Burnley
471,471,Ahmedhodžić,D,4.3,2.18,90.0,0.6,90.0,1.54,90.0,1.65,90.0,3.34,90.0,1.21,90.0,2.41,90.0,Sheffield Utd
777,777,Drăgușin,D,4.2,2.45,90.0,1.56,90.0,1.51,90.0,1.03,90.0,0.69,90.0,0.89,90.0,0.62,90.0,Spurs
178,178,Taylor,D,4.0,1.43,90.0,2.45,90.0,1.91,90.0,2.0,90.0,2.6,90.0,1.4,90.0,1.91,90.0,Burnley
330,330,Osho,D,4.4,0.99,90.0,0.8,90.0,2.05,90.0,0.5,90.0,2.55,90.0,1.94,90.0,2.4,90.0,Luton
228,228,Guéhi,D,4.2,0.6,90.0,0.61,90.0,0.36,90.0,0.39,90.0,1.08,90.0,0.78,90.0,1.14,90.0,Crystal Palace
633,633,Livramento,D,4.1,2.17,90.0,2.17,90.0,1.7,90.0,1.49,90.0,1.52,90.0,2.41,90.0,1.87,90.0,Newcastle
805,805,Assignon,D,4.0,1.46,90.0,2.58,90.0,2.02,90.0,2.11,90.0,2.78,90.0,1.49,90.0,2.03,90.0,Burnley
139,139,Lamptey,D,3.9,1.13,90.0,2.07,90.0,1.6,90.0,2.27,90.0,0.38,90.0,2.62,90.0,2.8,90.0,Brighton
588,588,Young,D,4.4,1.39,90.0,1.29,90.0,1.99,90.0,1.18,90.0,2.87,90.0,1.86,90.0,1.7,90.0,Everton
41,41,Diego Carlos,D,4.4,1.59,90.0,0.59,90.0,1.24,90.0,0.7,90.0,1.14,90.0,1.08,90.0,0.87,90.0,Aston Villa
238,238,C.Richards,D,3.9,2.54,90.0,2.07,90.0,1.34,90.0,1.0,90.0,4.29,90.0,2.02,90.0,2.14,90.0,Crystal Palace
476,476,Bogle,D,4.5,2.08,90.0,0.64,90.0,1.52,90.0,1.57,90.0,3.24,90.0,1.22,90.0,2.22,90.0,Sheffield Utd
121,121,Zanka,D,4.3,1.88,90.0,1.91,90.0,1.24,90.0,2.55,90.0,1.83,90.0,1.55,90.0,1.83,90.0,Brentford
114,114,Roerslev,D,4.4,2.18,90.0,1.88,90.0,1.39,90.0,2.08,90.0,1.16,90.0,1.14,90.0,1.31,90.0,Brentford
387,387,Maguire,D,4.2,2.26,90.0,1.68,90.0,1.7,90.0,1.91,90.0,2.51,90.0,2.49,90.0,2.0,90.0,Man Utd
316,316,Bell,D,3.9,0.64,90.0,0.43,90.0,0.63,90.0,0.23,90.0,0.54,90.0,0.57,90.0,0.63,90.0,Luton
393,393,Mengi,D,3.9,1.17,90.0,0.88,90.0,2.17,90.0,0.48,90.0,2.39,90.0,1.82,90.0,2.28,90.0,Luton
544,544,Zouma,D,4.5,1.2,90.0,1.31,90.0,1.51,90.0,1.79,90.0,1.65,90.0,1.14,90.0,1.18,90.0,West Ham
242,242,Ward,D,4.5,2.19,90.0,1.8,90.0,1.2,90.0,0.9,90.0,3.71,90.0,1.71,90.0,1.7,90.0,Crystal Palace
699,699,Lenglet,D,4.5,2.32,90.0,0.98,90.0,2.32,90.0,1.02,90.0,2.0,90.0,1.68,90.0,1.5,90.0,Aston Villa
467,467,Williams,D,4.3,2.72,90.0,2.41,90.0,1.27,90.0,2.36,90.0,1.86,90.0,1.08,90.0,2.42,90.0,Nott'm Forest
530,530,Cresswell,D,4.2,1.21,90.0,1.02,90.0,0.93,90.0,1.2,90.0,0.89,90.0,0.73,90.0,0.68,90.0,West Ham
84,84,Smith,D,4.4,2.36,90.0,2.61,90.0,2.09,90.0,1.62,90.0,2.29,90.0,1.63,90.0,0.85,90.0,Bournemouth
36,36,Cash,D,4.6,2.05,90.0,0.9,90.0,2.0,90.0,0.94,90.0,1.86,90.0,1.57,90.0,1.35,90.0,Aston Villa
465,465,Toffolo,D,4.4,2.04,90.0,1.57,90.0,0.8,90.0,1.43,90.0,1.08,90.0,0.73,90.0,1.5,90.0,Nott'm Forest
643,643,Aarons,D,4.4,0.72,90.0,1.18,90.0,1.32,90.0,1.64,90.0,2.18,90.0,1.64,90.0,0.84,90.0,Bournemouth
602,602,Kaboré,D,4.0,1.11,90.0,0.84,90.0,1.92,90.0,0.0,90.0,2.03,90.0,1.55,90.0,1.84,90.0,Luton
473,473,Baldock,D,3.8,1.59,90.0,0.51,90.0,1.2,90.0,1.26,90.0,2.68,90.0,0.95,90.0,1.72,90.0,Sheffield Utd
151,151,Veltman,D,4.3,0.7,90.0,1.26,90.0,0.96,90.0,1.39,90.0,0.22,90.0,1.69,90.0,1.68,90.0,Brighton
42,42,Digne,D,4.6,2.1,90.0,0.98,90.0,2.15,90.0,1.04,90.0,2.07,90.0,1.71,90.0,1.51,90.0,Aston Villa
247,247,Coleman,D,4.4,0.8,90.0,0.71,90.0,0.94,90.0,0.7,90.0,1.47,90.0,0.97,90.0,0.93,90.0,Everton
703,703,Evans,D,4.0,0.94,90.0,0.69,90.0,0.59,90.0,0.71,90.0,0.54,90.0,0.7,90.0,0.51,90.0,Man Utd
439,439,Boly,D,4.5,1.34,90.0,1.15,90.0,0.61,90.0,1.09,90.0,0.85,90.0,0.58,90.0,1.09,90.0,Nott'm Forest
711,711,Omobamidele,D,4.5,1.89,90.0,1.74,90.0,0.87,90.0,1.77,90.0,1.37,90.0,0.77,90.0,1.84,90.0,Nott'm Forest
606,606,Igor,D,4.3,0.67,90.0,1.15,90.0,0.96,90.0,1.43,90.0,0.23,90.0,1.66,90.0,1.73,90.0,Brighton
298,298,Gomez,D,4.6,1.81,90.0,2.37,90.0,1.49,90.0,1.82,90.0,2.38,90.0,1.4,90.0,1.35,90.0,Liverpool
25,25,Tomiyasu,D,4.5,0.67,90.0,1.55,90.0,1.37,90.0,1.67,90.0,2.84,90.0,1.29,90.0,1.85,90.0,Arsenal
318,318,Burke,D,4.0,1.17,90.0,0.9,90.0,2.22,90.0,0.54,90.0,2.4,90.0,1.68,90.0,1.78,90.0,Luton
191,191,B.Badiashile,D,4.4,1.52,90.0,1.09,90.0,1.23,90.0,1.09,90.0,0.59,90.0,1.06,90.0,1.45,90.0,Chelsea
160,160,Beyer,D,3.9,0.72,90.0,1.21,90.0,1.15,90.0,1.65,90.0,2.32,90.0,1.22,90.0,1.66,90.0,Burnley
604,604,Aina,D,4.5,1.44,90.0,1.76,90.0,1.08,90.0,1.87,90.0,1.52,90.0,0.9,90.0,1.99,90.0,Nott'm Forest
358,358,R.Lewis,D,4.2,0.66,90.0,0.8,90.0,0.82,90.0,1.02,90.0,0.69,90.0,0.99,90.0,1.01,90.0,Man City
198,198,Cucurella,D,4.8,1.36,90.0,1.01,90.0,1.07,90.0,0.88,90.0,0.45,90.0,0.87,90.0,1.08,90.0,Chelsea
27,27,Trusty,D,3.9,1.47,90.0,0.4,90.0,1.22,90.0,1.27,90.0,2.72,90.0,0.91,90.0,1.81,90.0,Sheffield Utd
285,285,Tete,D,4.4,0.86,90.0,0.83,90.0,0.81,90.0,0.81,90.0,0.61,90.0,1.1,90.0,0.86,90.0,Fulham
255,255,Holgate,D,4.0,1.38,90.0,0.5,90.0,1.2,90.0,1.24,90.0,2.8,90.0,0.94,90.0,1.79,90.0,Sheffield Utd
595,595,Kerkez,D,4.4,1.49,90.0,1.56,90.0,1.16,90.0,0.77,90.0,1.09,90.0,0.86,90.0,0.47,90.0,Bournemouth
679,679,G.Montiel,D,4.4,0.72,90.0,0.73,90.0,0.56,90.0,1.04,90.0,0.97,90.0,0.68,90.0,1.27,90.0,Nott'm Forest
497,497,E.Royal,D,4.3,0.79,90.0,0.61,90.0,0.74,90.0,0.57,90.0,0.41,90.0,0.58,90.0,0.39,90.0,Spurs
70,70,Kelly,D,4.5,0.69,90.0,1.14,90.0,1.45,90.0,1.79,90.0,2.78,90.0,1.88,90.0,0.98,90.0,Bournemouth
75,75,Mepham,D,4.3,1.57,90.0,1.35,90.0,0.83,90.0,0.62,90.0,0.82,90.0,0.59,90.0,0.32,90.0,Bournemouth
23,23,Tavares,D,4.0,0.27,90.0,0.34,90.0,0.19,90.0,0.46,90.0,0.23,90.0,0.2,90.0,0.37,90.0,Nott'm Forest
674,674,Delcroix,D,4.0,0.5,90.0,0.69,90.0,0.54,90.0,0.57,90.0,0.69,90.0,0.48,90.0,0.6,90.0,Burnley
798,798,Hashioka,D,4.0,0.77,90.0,0.66,90.0,1.12,90.0,0.51,90.0,1.02,90.0,0.8,90.0,0.9,90.0,Luton
598,598,Doherty,D,4.3,1.08,90.0,1.52,90.0,1.65,90.0,1.4,90.0,2.2,90.0,1.76,90.0,0.65,90.0,Wolves
697,697,S.Bueno,D,4.5,0.66,90.0,0.83,90.0,0.77,90.0,0.73,90.0,0.99,90.0,0.93,90.0,0.33,90.0,Wolves
457,457,Niakhaté,D,4.5,1.14,90.0,0.99,90.0,0.55,90.0,1.03,90.0,0.9,90.0,0.55,90.0,1.17,90.0,Nott'm Forest
281,281,Ream,D,4.5,0.44,90.0,0.38,90.0,0.3,90.0,0.38,90.0,0.24,90.0,0.48,90.0,0.39,90.0,Fulham
271,271,Diop,D,4.4,0.6,90.0,0.61,90.0,0.68,90.0,0.69,90.0,0.54,90.0,0.97,90.0,0.8,90.0,Fulham
445,445,Felipe,D,4.4,0.8,90.0,0.76,90.0,0.45,90.0,0.83,90.0,0.69,90.0,0.49,90.0,0.97,90.0,Nott'm Forest
311,311,Tsimikas,D,4.5,0.66,90.0,0.8,90.0,0.54,90.0,0.62,90.0,0.74,90.0,0.53,90.0,0.5,90.0,Liverpool
495,495,Davies,D,4.3,0.8,90.0,0.66,90.0,0.77,90.0,0.48,90.0,0.4,90.0,0.52,90.0,0.43,90.0,Spurs
536,536,Johnson,D,4.4,0.61,90.0,0.65,90.0,0.78,90.0,0.83,90.0,0.82,90.0,0.6,90.0,0.62,90.0,West Ham
592,592,Larouci,D,4.3,0.92,90.0,0.46,90.0,0.92,90.0,0.91,90.0,2.06,90.0,0.79,90.0,1.36,90.0,Sheffield Utd
262,262,Patterson,D,4.3,0.39,90.0,0.35,90.0,0.53,90.0,0.34,90.0,0.78,90.0,0.57,90.0,0.53,90.0,Everton
104,104,Hickey,D,4.4,0.12,90.0,0.36,90.0,0.48,90.0,1.77,90.0,2.06,90.0,1.66,90.0,2.02,90.0,Brentford
716,716,Gilchrist,D,4.0,0.47,90.0,0.33,90.0,0.3,90.0,0.27,90.0,0.1,90.0,0.26,90.0,0.29,90.0,Chelsea
428,428,Targett,D,4.2,0.68,90.0,0.54,90.0,0.39,90.0,0.36,90.0,0.33,90.0,0.48,90.0,0.43,90.0,Newcastle
167,167,Ekdal,D,3.9,0.34,90.0,0.48,90.0,0.35,90.0,0.32,90.0,0.34,90.0,0.24,90.0,0.35,90.0,Burnley
153,153,Webster,D,4.2,0.4,90.0,0.83,90.0,0.71,90.0,0.97,90.0,0.18,90.0,1.24,90.0,1.33,90.0,Brighton
766,766,Kambwala,D,3.9,0.31,90.0,0.21,90.0,0.17,90.0,0.23,90.0,0.17,90.0,0.22,90.0,0.15,90.0,Man Utd
626,626,Quansah,D,4.0,1.16,90.0,1.4,90.0,0.86,90.0,0.63,90.0,0.82,90.0,0.53,90.0,0.45,90.0,Liverpool
204,204,Hall,D,4.2,0.45,90.0,0.38,90.0,0.31,90.0,0.34,90.0,0.27,90.0,0.45,90.0,0.33,90.0,Newcastle
480,480,Egan,D,4.3,0.06,90.0,0.04,90.0,0.07,90.0,0.15,90.0,0.25,90.0,0.13,90.0,0.19,90.0,Sheffield Utd
194,194,Chalobah,D,4.3,0.54,90.0,0.42,90.0,0.56,90.0,0.37,90.0,0.2,90.0,0.4,90.0,0.53,90.0,Chelsea
419,419,Lascelles,D,3.9,0.62,90.0,0.49,90.0,0.4,90.0,0.41,90.0,0.45,90.0,0.7,90.0,0.56,90.0,Newcastle
257,257,Keane,D,4.3,0.28,90.0,0.3,90.0,0.56,90.0,0.41,90.0,1.12,90.0,0.68,90.0,0.69,90.0,Everton
548,548,H.Bueno,D,4.4,0.35,90.0,0.41,90.0,0.42,90.0,0.37,90.0,0.59,90.0,0.44,90.0,0.23,90.0,Wolves
802,802,Kinsey,D,4.0,0.38,90.0,0.32,90.0,0.18,90.0,0.14,90.0,0.15,90.0,0.15,90.0,0.09,90.0,Bournemouth
241,241,Tomkins,D,4.0,0.53,90.0,0.54,90.0,0.46,90.0,0.37,90.0,1.41,90.0,0.58,90.0,0.41,90.0,Crystal Palace
157,157,Al-Dakhil,D,3.8,0.19,90.0,0.18,90.0,0.1,90.0,0.13,90.0,0.11,90.0,0.1,90.0,0.11,90.0,Burnley
577,577,Ogbonna,D,4.3,0.18,90.0,0.24,90.0,0.22,90.0,0.3,90.0,0.28,90.0,0.22,90.0,0.22,90.0,West Ham
222,222,Clyne,D,4.3,0.34,90.0,0.33,90.0,0.31,90.0,0.27,90.0,0.93,90.0,0.43,90.0,0.38,90.0,Crystal Palace
366,366,Sergio Gómez,D,3.8,0.13,90.0,0.12,90.0,0.09,90.0,0.17,90.0,0.09,90.0,0.16,90.0,0.19,90.0,Man City
37,37,Chambers,D,3.8,0.48,90.0,0.25,90.0,0.43,90.0,0.23,90.0,0.44,90.0,0.39,90.0,0.36,90.0,Aston Villa
417,417,Krafth,D,4.4,0.33,90.0,0.25,90.0,0.14,90.0,0.14,90.0,0.12,90.0,0.23,90.0,0.18,90.0,Newcastle
585,585,J.Timber,D,4.6,0.33,90.0,1.02,90.0,1.09,90.0,1.48,90.0,3.11,90.0,1.27,90.0,1.96,90.0,Arsenal
581,581,Dummett,D,3.9,0.11,90.0,0.08,90.0,0.08,90.0,0.09,90.0,0.06,90.0,0.12,90.0,0.09,90.0,Newcastle
7,7,Holding,D,4.3,0.06,90.0,0.05,90.0,0.04,90.0,0.05,90.0,0.15,90.0,0.29,90.0,0.63,90.0,Crystal Palace
723,723,Brooking,D,4.0,0.09,90.0,0.06,90.0,0.04,90.0,0.05,90.0,0.02,90.0,0.05,90.0,0.05,90.0,Chelsea
634,634,A.Murphy,D,3.9,0.07,90.0,0.06,90.0,0.04,90.0,0.04,90.0,0.02,90.0,0.04,90.0,0.03,90.0,Newcastle
69,69,Hill,D,4.0,0.13,90.0,0.15,90.0,0.12,90.0,0.09,90.0,0.13,90.0,0.11,90.0,0.06,90.0,Bournemouth
68,68,Fredericks,D,4.3,0.09,90.0,0.1,90.0,0.1,90.0,0.07,90.0,0.11,90.0,0.1,90.0,0.08,90.0,Bournemouth
2,2,Cédric,D,3.8,0.04,90.0,0.05,90.0,0.03,90.0,0.04,90.0,0.04,90.0,0.03,90.0,0.03,90.0,Arsenal
333,333,Potts,D,3.9,0.04,90.0,0.04,90.0,0.03,90.0,0.03,90.0,0.12,90.0,0.21,90.0,0.53,90.0,Luton
201,201,W.Fofana,D,4.4,0.04,90.0,0.04,90.0,0.03,90.0,0.04,90.0,0.02,90.0,0.04,90.0,0.04,90.0,Chelsea
728,728,Scanlon,D,3.9,0.06,90.0,0.07,90.0,0.04,90.0,0.03,90.0,0.03,90.0,0.03,90.0,0.02,90.0,Liverpool
389,389,Malacia,D,4.3,0.04,90.0,0.03,90.0,0.02,90.0,0.03,90.0,0.21,90.0,0.54,90.0,1.07,90.0,Man Utd
682,682,Johnson,D,4.4,0.34,90.0,0.4,90.0,0.61,90.0,0.53,90.0,0.66,90.0,0.45,90.0,0.49,90.0,Luton
740,740,Dorrington,D,4.0,0.04,90.0,0.03,90.0,0.02,90.0,0.02,90.0,0.01,90.0,0.02,90.0,0.02,90.0,Spurs
725,725,Kim Ji-Soo,D,4.0,0.03,90.0,0.02,90.0,0.01,90.0,0.02,90.0,0.01,90.0,0.02,90.0,0.02,90.0,Brentford
733,733,Adedokun,D,4.0,0.03,90.0,0.02,90.0,0.01,90.0,0.02,90.0,0.01,90.0,0.02,90.0,0.02,90.0,Brentford
753,753,Kavanagh,D,4.0,0.02,90.0,0.02,90.0,0.01,90.0,0.02,90.0,0.0,90.0,0.03,90.0,0.02,90.0,Brighton
746,746,Jackson,D,4.0,0.02,90.0,0.02,90.0,0.01,90.0,0.02,90.0,0.0,90.0,0.03,90.0,0.02,90.0,Brighton
214,214,M.Sarr,D,4.3,0.0,90.0,0.0,90.0,0.0,90.0,0.0,90.0,0.0,90.0,0.0,90.0,0.0,90.0,Chelsea
103,103,Henry,D,4.3,0.0,90.0,0.0,90.0,0.0,90.0,0.0,90.0,0.0,90.0,0.0,90.0,0.0,90.0,Brentford
102,102,Goode,D,3.9,0.0,90.0,0.0,90.0,0.0,90.0,0.0,90.0,0.0,90.0,0.0,90.0,0.0,90.0,Brentford
263,263,Pickford,G,4.6,3.5,90.0,3.34,90.0,4.06,90.0,3.18,90.0,5.98,90.0,3.75,90.0,3.58,90.0,Everton
352,352,Ederson M.,G,5.5,2.52,90.0,3.1,90.0,3.75,90.0,4.25,90.0,3.27,90.0,3.96,90.0,4.11,90.0,Man City
275,275,Leno,G,4.8,3.96,90.0,3.71,90.0,3.51,90.0,3.44,90.0,3.1,90.0,3.87,90.0,3.4,90.0,Fulham
520,520,Vicario,G,5.3,3.98,90.0,3.45,90.0,3.83,90.0,3.24,90.0,2.94,90.0,3.16,90.0,2.97,90.0,Spurs
77,77,Neto,G,4.7,3.58,90.0,3.74,90.0,3.33,90.0,3.21,90.0,4.95,90.0,3.15,90.0,2.71,90.0,Bournemouth
49,49,Martinez,G,5.3,3.86,90.0,3.05,90.0,3.75,90.0,3.03,90.0,3.51,90.0,3.35,90.0,3.21,90.0,Aston Villa
569,569,José Sá,G,5.0,3.22,90.0,3.59,90.0,3.64,90.0,3.49,90.0,5.53,90.0,3.72,90.0,2.95,90.0,Wolves
101,101,Flekken,G,4.6,3.39,90.0,3.39,90.0,3.13,90.0,3.96,90.0,3.42,90.0,3.22,90.0,3.43,90.0,Brentford
597,597,Onana,G,4.8,3.55,90.0,3.2,90.0,3.13,90.0,3.3,90.0,3.71,90.0,3.88,90.0,3.52,90.0,Man Utd
596,596,Trafford,G,4.5,3.17,90.0,3.52,90.0,3.2,90.0,3.26,90.0,3.54,90.0,3.01,90.0,3.14,90.0,Burnley
524,524,Areola,G,4.3,3.27,90.0,3.28,90.0,3.4,90.0,3.61,90.0,3.5,90.0,3.06,90.0,3.05,90.0,West Ham
614,614,Kaminski,G,4.5,3.04,90.0,2.99,90.0,3.25,90.0,2.97,90.0,3.32,90.0,3.08,90.0,3.29,90.0,Luton
687,687,Petrović,G,4.5,3.63,90.0,3.15,90.0,3.51,90.0,3.34,90.0,2.59,90.0,4.11,90.0,4.53,90.0,Chelsea
409,409,Dubravka,G,4.2,3.51,90.0,3.41,90.0,3.17,90.0,2.99,90.0,2.79,90.0,3.01,90.0,1.87,90.0,Newcastle
790,790,Grbić,G,4.5,3.12,90.0,2.85,90.0,2.88,90.0,2.85,90.0,5.12,90.0,2.74,90.0,3.1,90.0,Sheffield Utd
808,808,Sels,G,4.5,3.45,90.0,3.29,90.0,2.84,90.0,3.26,90.0,3.05,90.0,2.7,90.0,3.28,90.0,Nott'm Forest
291,291,A.Becker,G,5.8,1.86,90.0,2.62,90.0,2.21,90.0,3.61,90.0,5.55,90.0,3.25,90.0,3.14,90.0,Liverpool
230,230,Johnstone,G,4.4,3.21,90.0,3.02,90.0,2.79,90.0,2.71,90.0,5.36,90.0,2.93,90.0,3.0,90.0,Crystal Palace
17,17,Ramsdale,G,4.5,1.11,90.0,1.41,90.0,0.87,90.0,1.07,90.0,1.3,90.0,0.86,90.0,0.84,90.0,Arsenal
148,148,Steele,G,4.2,1.44,90.0,1.63,90.0,1.44,90.0,1.71,90.0,0.36,90.0,2.28,90.0,2.29,90.0,Brighton
152,152,Verbruggen,G,4.4,1.8,90.0,2.0,90.0,1.9,90.0,2.1,90.0,0.5,90.0,2.83,90.0,2.84,90.0,Brighton
113,113,Raya,G,5.0,2.14,90.0,3.03,90.0,2.93,90.0,2.84,90.0,5.43,90.0,2.66,90.0,3.29,90.0,Arsenal
1,1,Balogun,F,4.4,,0.0,,0.0,,0.0,,0.0,,0.0,,0.0,,0.0,Arsenal
3,3,M.Elneny,M,4.4,,0.0,,0.0,,0.0,,0.0,,0.0,,0.0,,0.0,Arsenal
11,11,Marquinhos,M,4.5,,0.0,,0.0,,0.0,,0.0,,0.0,,0.0,,0.0,Arsenal
16,16,Pepe,M,4.9,,0.0,,0.0,,0.0,,0.0,,0.0,,0.0,,0.0,Arsenal
18,18,Rúnarsson,G,4.0,,90.0,,90.0,,90.0,,90.0,,90.0,,90.0,,90.0,Arsenal
24,24,Tierney,D,4.4,,90.0,,90.0,,90.0,,90.0,,90.0,,90.0,,90.0,Arsenal
30,30,Xhaka,M,6.0,,0.0,,0.0,,0.0,,0.0,,0.0,,0.0,,0.0,Arsenal
646,646,Hein,G,4.0,,90.0,,90.0,,90.0,,90.0,,90.0,,90.0,,90.0,Arsenal
735,735,Sagoe,M,4.5,,0.0,,0.0,,0.0,,0.0,,0.0,,0.0,,0.0,Arsenal
736,736,Walters,D,4.0,,90.0,,90.0,,90.0,,90.0,,90.0,,90.0,,90.0,Arsenal
737,737,Ibrahim,M,4.5,,0.0,,0.0,,0.0,,0.0,,0.0,,0.0,,0.0,Arsenal
764,764,Lewis-Skelly,M,4.5,,0.0,,0.0,,0.0,,0.0,,0.0,,0.0,,0.0,Arsenal
772,772,Nwaneri,M,4.5,,0.0,,0.0,,0.0,,0.0,,0.0,,0.0,,0.0,Arsenal
815,815,Bandeira,M,4.5,,0.0,,0.0,,0.0,,0.0,,0.0,,0.0,,0.0,Arsenal
817,817,Sweet,D,4.0,,90.0,,90.0,,90.0,,90.0,,90.0,,90.0,,90.0,Arsenal
38,38,Coutinho,M,5.8,,0.0,,0.0,,0.0,,0.0,,0.0,,0.0,,0.0,Aston Villa
39,39,Davis,F,4.9,,0.0,,0.0,,0.0,,0.0,,0.0,,0.0,,0.0,Aston Villa
45,45,Hause,D,3.9,,90.0,,90.0,,90.0,,90.0,,90.0,,90.0,,90.0,Aston Villa
46,46,Iroegbunam,M,4.4,,0.0,,0.0,,0.0,,0.0,,0.0,,0.0,,0.0,Aston Villa
51,51,Mings,D,4.1,,90.0,,90.0,,90.0,,90.0,,90.0,,90.0,,90.0,Aston Villa
53,53,Olsen,G,3.9,,90.0,,90.0,,90.0,,90.0,,90.0,,90.0,,90.0,Aston Villa
54,54,Philogene,M,4.5,,0.0,,0.0,,0.0,,0.0,,0.0,,0.0,,0.0,Aston Villa
56,56,Sanson,M,4.5,,0.0,,0.0,,0.0,,0.0,,0.0,,0.0,,0.0,Aston Villa
57,57,Sinisalo,G,4.0,,90.0,,90.0,,90.0,,90.0,,90.0,,90.0,,90.0,Aston Villa
59,59,Bertrand Traoré,M,5.0,,0.0,,0.0,,0.0,,0.0,,0.0,,0.0,,0.0,Aston Villa
61,61,Wesley,F,5.0,,0.0,,0.0,,0.0,,0.0,,0.0,,0.0,,0.0,Aston Villa
618,618,Kellyman,M,4.5,,0.0,,0.0,,0.0,,0.0,,0.0,,0.0,,0.0,Aston Villa
670,670,Marschall,G,4.0,,90.0,,90.0,,90.0,,90.0,,90.0,,90.0,,90.0,Aston Villa
686,686,Zych,G,4.0,,90.0,,90.0,,90.0,,90.0,,90.0,,90.0,,90.0,Aston Villa
765,765,Proctor,G,4.0,,90.0,,90.0,,90.0,,90.0,,90.0,,90.0,,90.0,Aston Villa
767,767,O'Reilly,M,4.5,,0.0,,0.0,,0.0,,0.0,,0.0,,0.0,,0.0,Aston Villa
778,778,Wright,G,4.0,,90.0,,90.0,,90.0,,90.0,,90.0,,90.0,,90.0,Aston Villa
793,793,Kesler-Hayden,D,4.0,,90.0,,90.0,,90.0,,90.0,,90.0,,90.0,,90.0,Aston Villa
803,803,Rogers,M,5.0,,0.0,,0.0,,0.0,,0.0,,0.0,,0.0,,0.0,Aston Villa
818,818,Gauci,G,3.9,,90.0,,90.0,,90.0,,90.0,,90.0,,90.0,,90.0,Aston Villa
62,62,Anthony,M,4.9,,0.0,,0.0,,0.0,,0.0,,0.0,,0.0,,0.0,Bournemouth
67,67,Siriki,M,4.5,,0.0,,0.0,,0.0,,0.0,,0.0,,0.0,,0.0,Bournemouth
71,71,Kilkenny,M,4.3,,0.0,,0.0,,0.0,,0.0,,0.0,,0.0,,0.0,Bournemouth
73,73,Lowe,M,4.9,,0.0,,0.0,,0.0,,0.0,,0.0,,0.0,,0.0,Bournemouth
74,74,Marcondes,M,4.3,,0.0,,0.0,,0.0,,0.0,,0.0,,0.0,,0.0,Bournemouth
79,79,Pearson,M,4.5,,0.0,,0.0,,0.0,,0.0,,0.0,,0.0,,0.0,Bournemouth
80,80,Randolph,G,4.0,,90.0,,90.0,,90.0,,90.0,,90.0,,90.0,,90.0,Bournemouth
81,81,Rothwell,M,4.8,,0.0,,0.0,,0.0,,0.0,,0.0,,0.0,,0.0,Bournemouth
87,87,Hamed Traorè,M,4.7,,0.0,,0.0,,0.0,,0.0,,0.0,,0.0,,0.0,Bournemouth
88,88,Travers,G,4.0,,90.0,,90.0,,90.0,,90.0,,90.0,,90.0,,90.0,Bournemouth
607,607,Radu,G,4.3,,90.0,,90.0,,90.0,,90.0,,90.0,,90.0,,90.0,Bournemouth
619,619,Greenwood,D,4.0,,90.0,,90.0,,90.0,,90.0,,90.0,,90.0,,90.0,Bournemouth
644,644,Scott,M,4.9,,0.0,,0.0,,0.0,,0.0,,0.0,,0.0,,0.0,Bournemouth
673,673,Adams,M,4.9,,0.0,,0.0,,0.0,,0.0,,0.0,,0.0,,0.0,Bournemouth
799,799,Faivre,M,5.0,,0.0,,0.0,,0.0,,0.0,,0.0,,0.0,,0.0,Bournemouth
811,811,Sadi,M,4.5,,0.0,,0.0,,0.0,,0.0,,0.0,,0.0,,0.0,Bournemouth
91,91,Balcombe,G,3.9,,90.0,,90.0,,90.0,,90.0,,90.0,,90.0,,90.0,Brentford
93,93,Bech,D,4.0,,90.0,,90.0,,90.0,,90.0,,90.0,,90.0,,90.0,Brentford
94,94,Bidstrup,M,4.5,,0.0,,0.0,,0.0,,0.0,,0.0,,0.0,,0.0,Brentford
95,95,Canós,M,5.0,,0.0,,0.0,,0.0,,0.0,,0.0,,0.0,,0.0,Brentford
97,97,Cox,G,4.0,,90.0,,90.0,,90.0,,90.0,,90.0,,90.0,,90.0,Brentford
100,100,Dervişoğlu,F,4.5,,0.0,,0.0,,0.0,,0.0,,0.0,,0.0,,0.0,Brentford
107,107,Lewis-Potter,M,4.7,,0.0,,0.0,,0.0,,0.0,,0.0,,0.0,,0.0,Brentford
109,109,Mee,D,4.8,,90.0,,90.0,,90.0,,90.0,,90.0,,90.0,,90.0,Brentford
116,116,Strakosha,G,3.9,,90.0,,90.0,,90.0,,90.0,,90.0,,90.0,,90.0,Brentford
118,118,Trevitt,M,4.5,,0.0,,0.0,,0.0,,0.0,,0.0,,0.0,,0.0,Brentford
120,120,Yarmoliuk,M,4.3,,0.0,,0.0,,0.0,,0.0,,0.0,,0.0,,0.0,Brentford
620,620,Olakigbe,M,4.5,,0.0,,0.0,,0.0,,0.0,,0.0,,0.0,,0.0,Brentford
684,684,Brierley,M,4.5,,0.0,,0.0,,0.0,,0.0,,0.0,,0.0,,0.0,Brentford
701,701,Ghoddos,M,4.5,,0.0,,0.0,,0.0,,0.0,,0.0,,0.0,,0.0,Brentford
744,744,Peart-Harris,M,4.5,,0.0,,0.0,,0.0,,0.0,,0.0,,0.0,,0.0,Brentford
752,752,Angelini,G,4.0,,90.0,,90.0,,90.0,,90.0,,90.0,,90.0,,90.0,Brentford
789,789,Valdimarsson,G,4.0,,90.0,,90.0,,90.0,,90.0,,90.0,,90.0,,90.0,Brentford
797,797,Fredrick,D,4.0,,90.0,,90.0,,90.0,,90.0,,90.0,,90.0,,90.0,Brentford
834,834,Arthur,D,4.0,,90.0,,90.0,,90.0,,90.0,,90.0,,90.0,,90.0,Brentford
123,123,Alzate,M,4.4,,0.0,,0.0,,0.0,,0.0,,0.0,,0.0,,0.0,Brighton
124,124,Ayari,M,4.5,,0.0,,0.0,,0.0,,0.0,,0.0,,0.0,,0.0,Brighton
125,125,Buonanotte,M,4.7,,0.0,,0.0,,0.0,,0.0,,0.0,,0.0,,0.0,Brighton
127,127,Connolly,F,4.5,,0.0,,0.0,,0.0,,0.0,,0.0,,0.0,,0.0,Brighton
136,136,Karbownik,D,4.0,,90.0,,90.0,,90.0,,90.0,,90.0,,90.0,,90.0,Brighton
137,137,Kozłowski,M,4.5,,0.0,,0.0,,0.0,,0.0,,0.0,,0.0,,0.0,Brighton
141,141,McGill,G,3.9,,90.0,,90.0,,90.0,,90.0,,90.0,,90.0,,90.0,Brighton
144,144,Moder,M,4.4,,0.0,,0.0,,0.0,,0.0,,0.0,,0.0,,0.0,Brighton
146,146,Sarmiento,M,4.5,,0.0,,0.0,,0.0,,0.0,,0.0,,0.0,,0.0,Brighton
147,147,Scherpen,G,4.0,,90.0,,90.0,,90.0,,90.0,,90.0,,90.0,,90.0,Brighton
155,155,Zeqiri,F,4.4,,0.0,,0.0,,0.0,,0.0,,0.0,,0.0,,0.0,Brighton
621,621,Hinshelwood,M,4.5,,0.0,,0.0,,0.0,,0.0,,0.0,,0.0,,0.0,Brighton
690,690,Baleba,M,4.5,,0.0,,0.0,,0.0,,0.0,,0.0,,0.0,,0.0,Brighton
741,741,O’Mahony,F,4.5,,0.0,,0.0,,0.0,,0.0,,0.0,,0.0,,0.0,Brighton
742,742,Baker-Boaitey,M,4.5,,0.0,,0.0,,0.0,,0.0,,0.0,,0.0,,0.0,Brighton
747,747,Duffus,M,4.4,,0.0,,0.0,,0.0,,0.0,,0.0,,0.0,,0.0,Brighton
755,755,Barrington,M,4.5,,0.0,,0.0,,0.0,,0.0,,0.0,,0.0,,0.0,Brighton
786,786,Peupion,M,4.5,,0.0,,0.0,,0.0,,0.0,,0.0,,0.0,,0.0,Brighton
816,816,Barco,D,4.0,,90.0,,90.0,,90.0,,90.0,,90.0,,90.0,,90.0,Brighton
156,156,Agyei,M,4.2,,0.0,,0.0,,0.0,,0.0,,0.0,,0.0,,0.0,Burnley
158,158,Bastien,M,4.9,,0.0,,0.0,,0.0,,0.0,,0.0,,0.0,,0.0,Burnley
159,159,Benson,M,5.2,,0.0,,0.0,,0.0,,0.0,,0.0,,0.0,,0.0,Burnley
162,162,Churlinov,M,4.4,,0.0,,0.0,,0.0,,0.0,,0.0,,0.0,,0.0,Burnley
163,163,Cork,M,4.8,,0.0,,0.0,,0.0,,0.0,,0.0,,0.0,,0.0,Burnley
164,164,Costelloe,M,4.5,,0.0,,0.0,,0.0,,0.0,,0.0,,0.0,,0.0,Burnley
166,166,Egan-Riley,D,3.9,,90.0,,90.0,,90.0,,90.0,,90.0,,90.0,,90.0,Burnley
169,169,Franchi,G,3.9,,90.0,,90.0,,90.0,,90.0,,90.0,,90.0,,90.0,Burnley
171,171,McNally,D,4.0,,90.0,,90.0,,90.0,,90.0,,90.0,,90.0,,90.0,Burnley
172,172,Muric,G,4.3,,90.0,,90.0,,90.0,,90.0,,90.0,,90.0,,90.0,Burnley
174,174,Obafemi,F,4.9,,0.0,,0.0,,0.0,,0.0,,0.0,,0.0,,0.0,Burnley
175,175,Peacock-Farrell,G,4.0,,90.0,,90.0,,90.0,,90.0,,90.0,,90.0,,90.0,Burnley
176,176,Roberts,D,4.3,,90.0,,90.0,,90.0,,90.0,,90.0,,90.0,,90.0,Burnley
179,179,Thomas,D,4.0,,90.0,,90.0,,90.0,,90.0,,90.0,,90.0,,90.0,Burnley
180,180,Twine,M,4.9,,0.0,,0.0,,0.0,,0.0,,0.0,,0.0,,0.0,Burnley
181,181,Vigouroux,G,3.9,,90.0,,90.0,,90.0,,90.0,,90.0,,90.0,,90.0,Burnley
608,608,Bruun Larsen,M,4.8,,0.0,,0.0,,0.0,,0.0,,0.0,,0.0,,0.0,Burnley
622,622,Dodgson,D,4.0,,90.0,,90.0,,90.0,,90.0,,90.0,,90.0,,90.0,Burnley
675,675,A.Ramsey,M,5.0,,0.0,,0.0,,0.0,,0.0,,0.0,,0.0,,0.0,Burnley
694,694,Massengo,M,4.9,,0.0,,0.0,,0.0,,0.0,,0.0,,0.0,,0.0,Burnley
706,706,M.Trésor,M,5.3,,0.0,,0.0,,0.0,,0.0,,0.0,,0.0,,0.0,Burnley
806,806,Estève,D,4.0,,90.0,,90.0,,90.0,,90.0,,90.0,,90.0,,90.0,Burnley
145,145,Sanchez,G,4.5,,90.0,,90.0,,90.0,,90.0,,90.0,,90.0,,90.0,Chelsea
185,185,Ampadu,D,4.0,,90.0,,90.0,,90.0,,90.0,,90.0,,90.0,,90.0,Chelsea
186,186,Andrey,M,4.2,,0.0,,0.0,,0.0,,0.0,,0.0,,0.0,,0.0,Chelsea
187,187,Arrizabalaga,G,5.0,,90.0,,90.0,,90.0,,90.0,,90.0,,90.0,,90.0,Chelsea
188,188,Aubameyang,F,6.5,,0.0,,0.0,,0.0,,0.0,,0.0,,0.0,,0.0,Chelsea
189,189,Azpilicueta,D,4.5,,90.0,,90.0,,90.0,,90.0,,90.0,,90.0,,90.0,Chelsea
190,190,Baba,D,4.0,,90.0,,90.0,,90.0,,90.0,,90.0,,90.0,,90.0,Chelsea
192,192,Bettinelli,G,4.0,,90.0,,90.0,,90.0,,90.0,,90.0,,90.0,,90.0,Chelsea
207,207,Lukaku,F,6.8,,0.0,,0.0,,0.0,,0.0,,0.0,,0.0,,0.0,Chelsea
213,213,Pulisic,M,5.5,,0.0,,0.0,,0.0,,0.0,,0.0,,0.0,,0.0,Chelsea
215,215,Slonina,G,4.0,,90.0,,90.0,,90.0,,90.0,,90.0,,90.0,,90.0,Chelsea
218,218,Ziyech,M,5.4,,0.0,,0.0,,0.0,,0.0,,0.0,,0.0,,0.0,Chelsea
589,589,Ângelo,M,5.0,,0.0,,0.0,,0.0,,0.0,,0.0,,0.0,,0.0,Chelsea
613,613,Ugochukwu,M,4.4,,0.0,,0.0,,0.0,,0.0,,0.0,,0.0,,0.0,Chelsea
659,659,Bergström,G,3.9,,90.0,,90.0,,90.0,,90.0,,90.0,,90.0,,90.0,Chelsea
671,671,Humphreys,D,4.0,,90.0,,90.0,,90.0,,90.0,,90.0,,90.0,,90.0,Chelsea
677,677,Deivid,F,4.5,,0.0,,0.0,,0.0,,0.0,,0.0,,0.0,,0.0,Chelsea
680,680,Beach,G,4.0,,90.0,,90.0,,90.0,,90.0,,90.0,,90.0,,90.0,Chelsea
681,681,Diego Moreira,M,4.5,,0.0,,0.0,,0.0,,0.0,,0.0,,0.0,,0.0,Chelsea
717,717,Stutter,F,4.5,,0.0,,0.0,,0.0,,0.0,,0.0,,0.0,,0.0,Chelsea
718,718,Matos,M,4.5,,0.0,,0.0,,0.0,,0.0,,0.0,,0.0,,0.0,Chelsea
758,758,Castledine,M,4.5,,0.0,,0.0,,0.0,,0.0,,0.0,,0.0,,0.0,Chelsea
791,791,Casadei,M,4.5,,0.0,,0.0,,0.0,,0.0,,0.0,,0.0,,0.0,Chelsea
819,819,Samuels-Smith,D,4.0,,90.0,,90.0,,90.0,,90.0,,90.0,,90.0,,90.0,Chelsea
820,820,Harrison,M,4.5,,0.0,,0.0,,0.0,,0.0,,0.0,,0.0,,0.0,Chelsea
830,830,Tauriainen,M,4.5,,0.0,,0.0,,0.0,,0.0,,0.0,,0.0,,0.0,Chelsea
838,838,Acheampong,D,4.0,,90.0,,90.0,,90.0,,90.0,,90.0,,90.0,,90.0,Chelsea
219,219,Ahamada,M,4.3,,0.0,,0.0,,0.0,,0.0,,0.0,,0.0,,0.0,Crystal Palace
223,223,C.Doucouré,M,4.9,,0.0,,0.0,,0.0,,0.0,,0.0,,0.0,,0.0,Crystal Palace
224,224,Ebiowei,M,4.4,,0.0,,0.0,,0.0,,0.0,,0.0,,0.0,,0.0,Crystal Palace
227,227,Guaita,G,4.4,,90.0,,90.0,,90.0,,90.0,,90.0,,90.0,,90.0,Crystal Palace
233,233,Matthews,G,3.9,,90.0,,90.0,,90.0,,90.0,,90.0,,90.0,,90.0,Crystal Palace
235,235,O'Brien,D,4.0,,90.0,,90.0,,90.0,,90.0,,90.0,,90.0,,90.0,Crystal Palace
239,239,Riedewald,M,4.3,,0.0,,0.0,,0.0,,0.0,,0.0,,0.0,,0.0,Crystal Palace
243,243,Whitworth,G,3.9,,90.0,,90.0,,90.0,,90.0,,90.0,,90.0,,90.0,Crystal Palace
385,385,Henderson,G,4.4,,90.0,,90.0,,90.0,,90.0,,90.0,,90.0,,90.0,Crystal Palace
615,615,Matheus França,M,4.8,,0.0,,0.0,,0.0,,0.0,,0.0,,0.0,,0.0,Crystal Palace
657,657,Rak-Sakyi,M,4.5,,0.0,,0.0,,0.0,,0.0,,0.0,,0.0,,0.0,Crystal Palace
658,658,Gordon,F,4.5,,0.0,,0.0,,0.0,,0.0,,0.0,,0.0,,0.0,Crystal Palace
720,720,Ola-Adebomi,F,4.5,,0.0,,0.0,,0.0,,0.0,,0.0,,0.0,,0.0,Crystal Palace
721,721,Ozoh,M,4.5,,0.0,,0.0,,0.0,,0.0,,0.0,,0.0,,0.0,Crystal Palace
724,724,Raymond,M,4.5,,0.0,,0.0,,0.0,,0.0,,0.0,,0.0,,0.0,Crystal Palace
763,763,Adaramola,D,4.0,,90.0,,90.0,,90.0,,90.0,,90.0,,90.0,,90.0,Crystal Palace
821,821,Umeh-Chibueze,F,4.5,,0.0,,0.0,,0.0,,0.0,,0.0,,0.0,,0.0,Crystal Palace
825,825,Rodney,M,4.5,,0.0,,0.0,,0.0,,0.0,,0.0,,0.0,,0.0,Crystal Palace
244,244,André Gomes,M,4.4,,0.0,,0.0,,0.0,,0.0,,0.0,,0.0,,0.0,Everton
248,248,Dele,M,4.8,,0.0,,0.0,,0.0,,0.0,,0.0,,0.0,,0.0,Everton
251,251,Gbamin,M,4.4,,0.0,,0.0,,0.0,,0.0,,0.0,,0.0,,0.0,Everton
253,253,Gray,M,5.3,,0.0,,0.0,,0.0,,0.0,,0.0,,0.0,,0.0,Everton
264,264,Simms,F,4.5,,0.0,,0.0,,0.0,,0.0,,0.0,,0.0,,0.0,Everton
266,266,J.Virginia,G,3.9,,90.0,,90.0,,90.0,,90.0,,90.0,,90.0,,90.0,Everton
579,579,Lonergan,G,3.9,,90.0,,90.0,,90.0,,90.0,,90.0,,90.0,,90.0,Everton
624,624,Dobbin,M,4.5,,0.0,,0.0,,0.0,,0.0,,0.0,,0.0,,0.0,Everton
645,645,Y. Chermiti,F,4.8,,0.0,,0.0,,0.0,,0.0,,0.0,,0.0,,0.0,Everton
649,649,Cannon,F,4.5,,0.0,,0.0,,0.0,,0.0,,0.0,,0.0,,0.0,Everton
650,650,Onyango,M,4.4,,0.0,,0.0,,0.0,,0.0,,0.0,,0.0,,0.0,Everton
719,719,Hunt,M,4.5,,0.0,,0.0,,0.0,,0.0,,0.0,,0.0,,0.0,Everton
760,760,Metcalfe,M,4.5,,0.0,,0.0,,0.0,,0.0,,0.0,,0.0,,0.0,Everton
761,761,Campbell,D,4.0,,90.0,,90.0,,90.0,,90.0,,90.0,,90.0,,90.0,Everton
269,269,I.Cavaleiro,M,5.0,,0.0,,0.0,,0.0,,0.0,,0.0,,0.0,,0.0,Fulham
272,272,Francois,M,4.4,,0.0,,0.0,,0.0,,0.0,,0.0,,0.0,,0.0,Fulham
273,273,Knockaert,M,4.4,,0.0,,0.0,,0.0,,0.0,,0.0,,0.0,,0.0,Fulham
274,274,Kongolo,D,4.0,,90.0,,90.0,,90.0,,90.0,,90.0,,90.0,,90.0,Fulham
277,277,Mbabu,D,4.0,,90.0,,90.0,,90.0,,90.0,,90.0,,90.0,,90.0,Fulham
278,278,Mitrović,F,7.4,,0.0,,0.0,,0.0,,0.0,,0.0,,0.0,,0.0,Fulham
284,284,Rodák,G,3.9,,90.0,,90.0,,90.0,,90.0,,90.0,,90.0,,90.0,Fulham
625,625,De Fougerolles,D,3.9,,90.0,,90.0,,90.0,,90.0,,90.0,,90.0,,90.0,Fulham
651,651,Stansfield,F,4.5,,0.0,,0.0,,0.0,,0.0,,0.0,,0.0,,0.0,Fulham
652,652,Dibley-Dias,M,4.5,,0.0,,0.0,,0.0,,0.0,,0.0,,0.0,,0.0,Fulham
683,683,Harris,M,4.5,,0.0,,0.0,,0.0,,0.0,,0.0,,0.0,,0.0,Fulham
692,692,Benda,G,4.0,,90.0,,90.0,,90.0,,90.0,,90.0,,90.0,,90.0,Fulham
707,707,Ballo-Touré,D,4.5,,90.0,,90.0,,90.0,,90.0,,90.0,,90.0,,90.0,Fulham
732,732,Tanton,D,4.0,,90.0,,90.0,,90.0,,90.0,,90.0,,90.0,,90.0,Fulham
796,796,Sekularac,M,4.4,,0.0,,0.0,,0.0,,0.0,,0.0,,0.0,,0.0,Fulham
810,810,King,M,4.5,,0.0,,0.0,,0.0,,0.0,,0.0,,0.0,,0.0,Fulham
289,289,Adrián,G,3.9,,90.0,,90.0,,90.0,,90.0,,90.0,,90.0,,90.0,Liverpool
292,292,Bajcetic,M,4.7,,0.0,,0.0,,0.0,,0.0,,0.0,,0.0,,0.0,Liverpool
296,296,Fabinho,M,5.0,,0.0,,0.0,,0.0,,0.0,,0.0,,0.0,,0.0,Liverpool
299,299,Henderson,M,5.0,,0.0,,0.0,,0.0,,0.0,,0.0,,0.0,,0.0,Liverpool
301,301,Kelleher,G,3.8,,90.0,,90.0,,90.0,,90.0,,90.0,,90.0,,90.0,Liverpool
305,305,Matip,D,4.8,,90.0,,90.0,,90.0,,90.0,,90.0,,90.0,,90.0,Liverpool
306,306,Phillips,D,4.0,,90.0,,90.0,,90.0,,90.0,,90.0,,90.0,,90.0,Liverpool
312,312,Van den Berg,D,4.0,,90.0,,90.0,,90.0,,90.0,,90.0,,90.0,,90.0,Liverpool
627,627,Clark,M,4.4,,0.0,,0.0,,0.0,,0.0,,0.0,,0.0,,0.0,Liverpool
628,628,Doak,M,4.3,,0.0,,0.0,,0.0,,0.0,,0.0,,0.0,,0.0,Liverpool
629,629,McConnell,M,4.4,,0.0,,0.0,,0.0,,0.0,,0.0,,0.0,,0.0,Liverpool
726,726,Chambers,D,4.0,,90.0,,90.0,,90.0,,90.0,,90.0,,90.0,,90.0,Liverpool
743,743,Nyoni,M,4.5,,0.0,,0.0,,0.0,,0.0,,0.0,,0.0,,0.0,Liverpool
756,756,Pitaluga,G,4.0,,90.0,,90.0,,90.0,,90.0,,90.0,,90.0,,90.0,Liverpool
782,782,Beck,D,4.5,,90.0,,90.0,,90.0,,90.0,,90.0,,90.0,,90.0,Liverpool
783,783,Gordon,M,4.5,,0.0,,0.0,,0.0,,0.0,,0.0,,0.0,,0.0,Liverpool
812,812,Koumas,F,4.5,,0.0,,0.0,,0.0,,0.0,,0.0,,0.0,,0.0,Liverpool
813,813,Mrozek,G,4.0,,90.0,,90.0,,90.0,,90.0,,90.0,,90.0,,90.0,Liverpool
824,824,Danns,F,4.4,,0.0,,0.0,,0.0,,0.0,,0.0,,0.0,,0.0,Liverpool
837,837,Nallo,D,4.0,,90.0,,90.0,,90.0,,90.0,,90.0,,90.0,,90.0,Liverpool
315,315,Andersen,D,3.9,,90.0,,90.0,,90.0,,90.0,,90.0,,90.0,,90.0,Luton
317,317,Berry,M,4.6,,0.0,,0.0,,0.0,,0.0,,0.0,,0.0,,0.0,Luton
319,319,Campbell,M,4.9,,0.0,,0.0,,0.0,,0.0,,0.0,,0.0,,0.0,Luton
322,322,Freeman,M,4.9,,0.0,,0.0,,0.0,,0.0,,0.0,,0.0,,0.0,Luton
323,323,Macey,G,4.0,,90.0,,90.0,,90.0,,90.0,,90.0,,90.0,,90.0,Luton
325,325,Mendes,M,4.5,,0.0,,0.0,,0.0,,0.0,,0.0,,0.0,,0.0,Luton
327,327,Muskwe,F,4.5,,0.0,,0.0,,0.0,,0.0,,0.0,,0.0,,0.0,Luton
329,329,Onyedinma,M,5.0,,0.0,,0.0,,0.0,,0.0,,0.0,,0.0,,0.0,Luton
331,331,Pepple,F,4.5,,0.0,,0.0,,0.0,,0.0,,0.0,,0.0,,0.0,Luton
332,332,Pereira,M,4.4,,0.0,,0.0,,0.0,,0.0,,0.0,,0.0,,0.0,Luton
334,334,Rea,M,4.4,,0.0,,0.0,,0.0,,0.0,,0.0,,0.0,,0.0,Luton
335,335,Shea,G,4.3,,90.0,,90.0,,90.0,,90.0,,90.0,,90.0,,90.0,Luton
336,336,Taylor,F,4.5,,0.0,,0.0,,0.0,,0.0,,0.0,,0.0,,0.0,Luton
337,337,Thorpe,M,4.5,,0.0,,0.0,,0.0,,0.0,,0.0,,0.0,,0.0,Luton
338,338,Walton,G,4.0,,90.0,,90.0,,90.0,,90.0,,90.0,,90.0,,90.0,Luton
339,339,Watson,M,4.4,,0.0,,0.0,,0.0,,0.0,,0.0,,0.0,,0.0,Luton
340,340,Woodrow,F,4.3,,0.0,,0.0,,0.0,,0.0,,0.0,,0.0,,0.0,Luton
553,553,Giles,D,4.2,,90.0,,90.0,,90.0,,90.0,,90.0,,90.0,,90.0,Luton
575,575,Lockyer,D,4.2,,90.0,,90.0,,90.0,,90.0,,90.0,,90.0,,90.0,Luton
648,648,Francis-Clarke,D,4.0,,90.0,,90.0,,90.0,,90.0,,90.0,,90.0,,90.0,Luton
665,665,Krul,G,4.4,,90.0,,90.0,,90.0,,90.0,,90.0,,90.0,,90.0,Luton
729,729,Luker,M,4.5,,0.0,,0.0,,0.0,,0.0,,0.0,,0.0,,0.0,Luton
734,734,Nelson,M,4.5,,0.0,,0.0,,0.0,,0.0,,0.0,,0.0,,0.0,Luton
831,831,Piesold,M,4.5,,0.0,,0.0,,0.0,,0.0,,0.0,,0.0,,0.0,Luton
839,839,Martins,M,4.5,,0.0,,0.0,,0.0,,0.0,,0.0,,0.0,,0.0,Luton
346,346,Cancelo,D,5.8,,90.0,,90.0,,90.0,,90.0,,90.0,,90.0,,90.0,Man City
347,347,Carson,G,3.8,,90.0,,90.0,,90.0,,90.0,,90.0,,90.0,,90.0,Man City
348,348,Charles,M,4.5,,0.0,,0.0,,0.0,,0.0,,0.0,,0.0,,0.0,Man City
357,357,Laporte,D,4.9,,90.0,,90.0,,90.0,,90.0,,90.0,,90.0,,90.0,Man City
359,359,Mahrez,M,7.5,,0.0,,0.0,,0.0,,0.0,,0.0,,0.0,,0.0,Man City
361,361,Ortega Moreno,G,3.7,,90.0,,90.0,,90.0,,90.0,,90.0,,90.0,,90.0,Man City
363,363,Perrone,M,4.4,,0.0,,0.0,,0.0,,0.0,,0.0,,0.0,,0.0,Man City
367,367,Steffen,G,3.9,,90.0,,90.0,,90.0,,90.0,,90.0,,90.0,,90.0,Man City
762,762,Susoho,M,4.5,,0.0,,0.0,,0.0,,0.0,,0.0,,0.0,,0.0,Man City
771,771,Hamilton,M,4.5,,0.0,,0.0,,0.0,,0.0,,0.0,,0.0,,0.0,Man City
814,814,Wright,M,4.5,,0.0,,0.0,,0.0,,0.0,,0.0,,0.0,,0.0,Man City
370,370,Alex Telles,D,4.5,,90.0,,90.0,,90.0,,90.0,,90.0,,90.0,,90.0,Man Utd
371,371,Amad,M,4.4,,0.0,,0.0,,0.0,,0.0,,0.0,,0.0,,0.0,Man Utd
374,374,B.Williams,D,4.0,,90.0,,90.0,,90.0,,90.0,,90.0,,90.0,,90.0,Man Utd
375,375,Bailly,D,4.0,,90.0,,90.0,,90.0,,90.0,,90.0,,90.0,,90.0,Man Utd
380,380,Fernandez,D,4.0,,90.0,,90.0,,90.0,,90.0,,90.0,,90.0,,90.0,Man Utd
381,381,Fred,M,5.0,,0.0,,0.0,,0.0,,0.0,,0.0,,0.0,,0.0,Man Utd
383,383,Hannibal,M,4.3,,0.0,,0.0,,0.0,,0.0,,0.0,,0.0,,0.0,Man Utd
384,384,Heaton,G,4.0,,90.0,,90.0,,90.0,,90.0,,90.0,,90.0,,90.0,Man Utd
394,394,Pellistri,M,4.2,,0.0,,0.0,,0.0,,0.0,,0.0,,0.0,,0.0,Man Utd
398,398,Shaw,D,5.2,,90.0,,90.0,,90.0,,90.0,,90.0,,90.0,,90.0,Man Utd
399,399,Shoretire,F,4.4,,0.0,,0.0,,0.0,,0.0,,0.0,,0.0,,0.0,Man Utd
632,632,Forson,M,4.4,,0.0,,0.0,,0.0,,0.0,,0.0,,0.0,,0.0,Man Utd
669,669,Vítek,G,4.0,,90.0,,90.0,,90.0,,90.0,,90.0,,90.0,,90.0,Man Utd
685,685,Gore,M,4.5,,0.0,,0.0,,0.0,,0.0,,0.0,,0.0,,0.0,Man Utd
695,695,Altay,G,4.0,,90.0,,90.0,,90.0,,90.0,,90.0,,90.0,,90.0,Man Utd
748,748,Hugill,F,4.5,,0.0,,0.0,,0.0,,0.0,,0.0,,0.0,,0.0,Man Utd
768,768,Bennett,D,4.0,,90.0,,90.0,,90.0,,90.0,,90.0,,90.0,,90.0,Man Utd
826,826,Collyer,M,4.5,,0.0,,0.0,,0.0,,0.0,,0.0,,0.0,,0.0,Man Utd
833,833,Ogunneye,D,4.0,,90.0,,90.0,,90.0,,90.0,,90.0,,90.0,,90.0,Man Utd
835,835,Mee,G,4.0,,90.0,,90.0,,90.0,,90.0,,90.0,,90.0,,90.0,Man Utd
404,404,Ashby,D,4.0,,90.0,,90.0,,90.0,,90.0,,90.0,,90.0,,90.0,Newcastle
408,408,Darlow,G,4.0,,90.0,,90.0,,90.0,,90.0,,90.0,,90.0,,90.0,Newcastle
410,410,Fraser,M,4.9,,0.0,,0.0,,0.0,,0.0,,0.0,,0.0,,0.0,Newcastle
411,411,Gillespie,G,3.9,,90.0,,90.0,,90.0,,90.0,,90.0,,90.0,,90.0,Newcastle
413,413,Hayden,M,4.4,,0.0,,0.0,,0.0,,0.0,,0.0,,0.0,,0.0,Newcastle
414,414,Hendrick,M,4.4,,0.0,,0.0,,0.0,,0.0,,0.0,,0.0,,0.0,Newcastle
418,418,Kuol,M,4.5,,0.0,,0.0,,0.0,,0.0,,0.0,,0.0,,0.0,Newcastle
420,420,J.Lewis,D,4.0,,90.0,,90.0,,90.0,,90.0,,90.0,,90.0,,90.0,Newcastle
422,422,Manquillo,D,4.0,,90.0,,90.0,,90.0,,90.0,,90.0,,90.0,,90.0,Newcastle
424,424,Pope,G,5.3,,90.0,,90.0,,90.0,,90.0,,90.0,,90.0,,90.0,Newcastle
425,425,Ritchie,M,4.3,,0.0,,0.0,,0.0,,0.0,,0.0,,0.0,,0.0,Newcastle
426,426,Saint-Maximin,M,6.0,,0.0,,0.0,,0.0,,0.0,,0.0,,0.0,,0.0,Newcastle
431,431,Watts,D,4.0,,90.0,,90.0,,90.0,,90.0,,90.0,,90.0,,90.0,Newcastle
580,580,Karius,G,3.9,,90.0,,90.0,,90.0,,90.0,,90.0,,90.0,,90.0,Newcastle
738,738,Diallo,M,4.5,,0.0,,0.0,,0.0,,0.0,,0.0,,0.0,,0.0,Newcastle
739,739,Parkinson,F,4.5,,0.0,,0.0,,0.0,,0.0,,0.0,,0.0,,0.0,Newcastle
745,745,Ndiweni,F,4.4,,0.0,,0.0,,0.0,,0.0,,0.0,,0.0,,0.0,Newcastle
794,794,White,M,4.5,,0.0,,0.0,,0.0,,0.0,,0.0,,0.0,,0.0,Newcastle
795,795,Hernes,M,4.5,,0.0,,0.0,,0.0,,0.0,,0.0,,0.0,,0.0,Newcastle
28,28,Turner,G,3.9,,90.0,,90.0,,90.0,,90.0,,90.0,,90.0,,90.0,Nott'm Forest
434,434,B.Aguilera,M,4.5,,0.0,,0.0,,0.0,,0.0,,0.0,,0.0,,0.0,Nott'm Forest
435,435,Arter,M,4.3,,0.0,,0.0,,0.0,,0.0,,0.0,,0.0,,0.0,Nott'm Forest
436,436,Aurier,D,4.5,,90.0,,90.0,,90.0,,90.0,,90.0,,90.0,,90.0,Nott'm Forest
438,438,Biancone,D,3.9,,90.0,,90.0,,90.0,,90.0,,90.0,,90.0,,90.0,Nott'm Forest
440,440,Bowler,M,4.5,,0.0,,0.0,,0.0,,0.0,,0.0,,0.0,,0.0,Nott'm Forest
441,441,Cook,D,4.5,,90.0,,90.0,,90.0,,90.0,,90.0,,90.0,,90.0,Nott'm Forest
443,443,Dennis,F,4.8,,0.0,,0.0,,0.0,,0.0,,0.0,,0.0,,0.0,Nott'm Forest
444,444,Dräger,D,4.0,,90.0,,90.0,,90.0,,90.0,,90.0,,90.0,,90.0,Nott'm Forest
446,446,Freuler,M,4.9,,0.0,,0.0,,0.0,,0.0,,0.0,,0.0,,0.0,Nott'm Forest
448,448,Hennessey,G,3.9,,90.0,,90.0,,90.0,,90.0,,90.0,,90.0,,90.0,Nott'm Forest
449,449,Horvath,G,4.3,,90.0,,90.0,,90.0,,90.0,,90.0,,90.0,,90.0,Nott'm Forest
452,452,Laryea,D,4.5,,90.0,,90.0,,90.0,,90.0,,90.0,,90.0,,90.0,Nott'm Forest
454,454,Mbe Soh,D,4.0,,90.0,,90.0,,90.0,,90.0,,90.0,,90.0,,90.0,Nott'm Forest
455,455,McKenna,D,4.4,,90.0,,90.0,,90.0,,90.0,,90.0,,90.0,,90.0,Nott'm Forest
456,456,Mighten,M,4.4,,0.0,,0.0,,0.0,,0.0,,0.0,,0.0,,0.0,Nott'm Forest
458,458,O'Brien,M,4.9,,0.0,,0.0,,0.0,,0.0,,0.0,,0.0,,0.0,Nott'm Forest
459,459,Ojeda,M,4.5,,0.0,,0.0,,0.0,,0.0,,0.0,,0.0,,0.0,Nott'm Forest
460,460,Panzo,D,4.0,,90.0,,90.0,,90.0,,90.0,,90.0,,90.0,,90.0,Nott'm Forest
461,461,O.Richards,D,4.4,,90.0,,90.0,,90.0,,90.0,,90.0,,90.0,,90.0,Nott'm Forest
462,462,G.Scarpa,M,4.5,,0.0,,0.0,,0.0,,0.0,,0.0,,0.0,,0.0,Nott'm Forest
463,463,J.Shelvey,M,4.8,,0.0,,0.0,,0.0,,0.0,,0.0,,0.0,,0.0,Nott'm Forest
464,464,Surridge,F,4.5,,0.0,,0.0,,0.0,,0.0,,0.0,,0.0,,0.0,Nott'm Forest
469,469,Worrall,D,4.3,,90.0,,90.0,,90.0,,90.0,,90.0,,90.0,,90.0,Nott'm Forest
636,636,G.Shelvey,G,3.9,,90.0,,90.0,,90.0,,90.0,,90.0,,90.0,,90.0,Nott'm Forest
637,637,Powell,D,3.9,,90.0,,90.0,,90.0,,90.0,,90.0,,90.0,,90.0,Nott'm Forest
710,710,Odysseas,G,4.5,,90.0,,90.0,,90.0,,90.0,,90.0,,90.0,,90.0,Nott'm Forest
779,779,McDonnell,M,4.5,,0.0,,0.0,,0.0,,0.0,,0.0,,0.0,,0.0,Nott'm Forest
780,780,Osong,F,4.5,,0.0,,0.0,,0.0,,0.0,,0.0,,0.0,,0.0,Nott'm Forest
781,781,Gardner,F,4.5,,0.0,,0.0,,0.0,,0.0,,0.0,,0.0,,0.0,Nott'm Forest
801,801,Reyna,M,4.7,,0.0,,0.0,,0.0,,0.0,,0.0,,0.0,,0.0,Nott'm Forest
809,809,Ribeiro,F,4.5,,0.0,,0.0,,0.0,,0.0,,0.0,,0.0,,0.0,Nott'm Forest
472,472,Amissah,G,3.9,,90.0,,90.0,,90.0,,90.0,,90.0,,90.0,,90.0,Sheffield Utd
474,474,Basham,D,3.9,,90.0,,90.0,,90.0,,90.0,,90.0,,90.0,,90.0,Sheffield Utd
478,478,Coulibaly,M,4.4,,0.0,,0.0,,0.0,,0.0,,0.0,,0.0,,0.0,Sheffield Utd
479,479,A.Davies,G,4.0,,90.0,,90.0,,90.0,,90.0,,90.0,,90.0,,90.0,Sheffield Utd
481,481,Fleck,M,4.9,,0.0,,0.0,,0.0,,0.0,,0.0,,0.0,,0.0,Sheffield Utd
482,482,Foderingham,G,4.5,,90.0,,90.0,,90.0,,90.0,,90.0,,90.0,,90.0,Sheffield Utd
483,483,Jebbison,F,4.8,,0.0,,0.0,,0.0,,0.0,,0.0,,0.0,,0.0,Sheffield Utd
484,484,Lowe,D,4.3,,90.0,,90.0,,90.0,,90.0,,90.0,,90.0,,90.0,Sheffield Utd
486,486,Ndiaye,F,5.5,,0.0,,0.0,,0.0,,0.0,,0.0,,0.0,,0.0,Sheffield Utd
487,487,Norrington-Davies,D,3.9,,90.0,,90.0,,90.0,,90.0,,90.0,,90.0,,90.0,Sheffield Utd
576,576,Robinson,D,4.3,,90.0,,90.0,,90.0,,90.0,,90.0,,90.0,,90.0,Sheffield Utd
653,653,Seriki,D,3.9,,90.0,,90.0,,90.0,,90.0,,90.0,,90.0,,90.0,Sheffield Utd
654,654,Marsh,F,4.5,,0.0,,0.0,,0.0,,0.0,,0.0,,0.0,,0.0,Sheffield Utd
655,655,Brooks,M,4.4,,0.0,,0.0,,0.0,,0.0,,0.0,,0.0,,0.0,Sheffield Utd
656,656,Hackford,F,4.4,,0.0,,0.0,,0.0,,0.0,,0.0,,0.0,,0.0,Sheffield Utd
666,666,T.Davies,M,5.0,,0.0,,0.0,,0.0,,0.0,,0.0,,0.0,,0.0,Sheffield Utd
693,693,Thomas,D,4.0,,90.0,,90.0,,90.0,,90.0,,90.0,,90.0,,90.0,Sheffield Utd
730,730,Oné,M,4.4,,0.0,,0.0,,0.0,,0.0,,0.0,,0.0,,0.0,Sheffield Utd
731,731,Buyabu,D,4.0,,90.0,,90.0,,90.0,,90.0,,90.0,,90.0,,90.0,Sheffield Utd
759,759,Peck,M,4.4,,0.0,,0.0,,0.0,,0.0,,0.0,,0.0,,0.0,Sheffield Utd
822,822,Blacker,F,4.5,,0.0,,0.0,,0.0,,0.0,,0.0,,0.0,,0.0,Sheffield Utd
823,823,Arblaster,M,4.5,,0.0,,0.0,,0.0,,0.0,,0.0,,0.0,,0.0,Sheffield Utd
827,827,Sasnauskas,D,4.0,,90.0,,90.0,,90.0,,90.0,,90.0,,90.0,,90.0,Sheffield Utd
828,828,Curtis,D,4.0,,90.0,,90.0,,90.0,,90.0,,90.0,,90.0,,90.0,Sheffield Utd
491,491,Austin,G,3.9,,90.0,,90.0,,90.0,,90.0,,90.0,,90.0,,90.0,Spurs
494,494,Bryan,M,4.9,,0.0,,0.0,,0.0,,0.0,,0.0,,0.0,,0.0,Spurs
496,496,Dier,D,4.2,,90.0,,90.0,,90.0,,90.0,,90.0,,90.0,,90.0,Spurs
498,498,Forster,G,3.8,,90.0,,90.0,,90.0,,90.0,,90.0,,90.0,,90.0,Spurs
500,500,Kane,F,12.5,,0.0,,0.0,,0.0,,0.0,,0.0,,0.0,,0.0,Spurs
502,502,Lloris,G,4.7,,90.0,,90.0,,90.0,,90.0,,90.0,,90.0,,90.0,Spurs
505,505,Ndombele,M,4.4,,0.0,,0.0,,0.0,,0.0,,0.0,,0.0,,0.0,Spurs
507,507,Perišić,D,4.7,,90.0,,90.0,,90.0,,90.0,,90.0,,90.0,,90.0,Spurs
510,510,Rodon,D,4.0,,90.0,,90.0,,90.0,,90.0,,90.0,,90.0,,90.0,Spurs
512,512,Sánchez,D,4.4,,90.0,,90.0,,90.0,,90.0,,90.0,,90.0,,90.0,Spurs
514,514,Sessegnon,D,4.4,,90.0,,90.0,,90.0,,90.0,,90.0,,90.0,,90.0,Spurs
517,517,Spence,D,4.0,,90.0,,90.0,,90.0,,90.0,,90.0,,90.0,,90.0,Spurs
518,518,Tanganga,D,4.0,,90.0,,90.0,,90.0,,90.0,,90.0,,90.0,,90.0,Spurs
521,521,Whiteman,G,3.9,,90.0,,90.0,,90.0,,90.0,,90.0,,90.0,,90.0,Spurs
702,702,Phillips,D,4.0,,90.0,,90.0,,90.0,,90.0,,90.0,,90.0,,90.0,Spurs
722,722,Donley,F,4.5,,0.0,,0.0,,0.0,,0.0,,0.0,,0.0,,0.0,Spurs
754,754,Yago Santiago,M,4.5,,0.0,,0.0,,0.0,,0.0,,0.0,,0.0,,0.0,Spurs
529,529,Coventry,M,4.3,,0.0,,0.0,,0.0,,0.0,,0.0,,0.0,,0.0,West Ham
531,531,Downes,M,5.0,,0.0,,0.0,,0.0,,0.0,,0.0,,0.0,,0.0,West Ham
533,533,Fabianski,G,4.2,,90.0,,90.0,,90.0,,90.0,,90.0,,90.0,,90.0,West Ham
537,537,Kehrer,D,4.2,,90.0,,90.0,,90.0,,90.0,,90.0,,90.0,,90.0,West Ham
538,538,Mubama,F,4.1,,0.0,,0.0,,0.0,,0.0,,0.0,,0.0,,0.0,West Ham
541,541,Scamacca,F,6.0,,0.0,,0.0,,0.0,,0.0,,0.0,,0.0,,0.0,West Ham
543,543,Vlašić,M,4.5,,0.0,,0.0,,0.0,,0.0,,0.0,,0.0,,0.0,West Ham
647,647,Anang,G,4.0,,90.0,,90.0,,90.0,,90.0,,90.0,,90.0,,90.0,West Ham
773,773,Orford,M,4.5,,0.0,,0.0,,0.0,,0.0,,0.0,,0.0,,0.0,West Ham
774,774,Casey,D,4.0,,90.0,,90.0,,90.0,,90.0,,90.0,,90.0,,90.0,West Ham
784,784,Scarles,D,4.0,,90.0,,90.0,,90.0,,90.0,,90.0,,90.0,,90.0,West Ham
785,785,Marshall,F,4.5,,0.0,,0.0,,0.0,,0.0,,0.0,,0.0,,0.0,West Ham
829,829,Earthy,M,4.5,,0.0,,0.0,,0.0,,0.0,,0.0,,0.0,,0.0,West Ham
351,351,Doyle,M,4.4,,0.0,,0.0,,0.0,,0.0,,0.0,,0.0,,0.0,Wolves
546,546,Bentley,G,3.9,,90.0,,90.0,,90.0,,90.0,,90.0,,90.0,,90.0,Wolves
547,547,Bolla,D,4.0,,90.0,,90.0,,90.0,,90.0,,90.0,,90.0,,90.0,Wolves
549,549,Chiquinho,M,4.5,,0.0,,0.0,,0.0,,0.0,,0.0,,0.0,,0.0,Wolves
550,550,Cundle,M,4.5,,0.0,,0.0,,0.0,,0.0,,0.0,,0.0,,0.0,Wolves
554,554,Guedes,M,5.4,,0.0,,0.0,,0.0,,0.0,,0.0,,0.0,,0.0,Wolves
555,555,Hodge,M,4.4,,0.0,,0.0,,0.0,,0.0,,0.0,,0.0,,0.0,Wolves
556,556,Hoever,D,4.0,,90.0,,90.0,,90.0,,90.0,,90.0,,90.0,,90.0,Wolves
560,560,J.Otto,D,4.3,,90.0,,90.0,,90.0,,90.0,,90.0,,90.0,,90.0,Wolves
561,561,Jordão,M,4.3,,0.0,,0.0,,0.0,,0.0,,0.0,,0.0,,0.0,Wolves
564,564,King,G,3.9,,90.0,,90.0,,90.0,,90.0,,90.0,,90.0,,90.0,Wolves
571,571,Šarkić,G,4.0,,90.0,,90.0,,90.0,,90.0,,90.0,,90.0,,90.0,Wolves
574,574,Boubacar Traore,M,4.3,,0.0,,0.0,,0.0,,0.0,,0.0,,0.0,,0.0,Wolves
698,698,González,M,5.0,,0.0,,0.0,,0.0,,0.0,,0.0,,0.0,,0.0,Wolves
704,704,Fraser,F,4.5,,0.0,,0.0,,0.0,,0.0,,0.0,,0.0,,0.0,Wolves
749,749,Whittingham,M,4.5,,0.0,,0.0,,0.0,,0.0,,0.0,,0.0,,0.0,Wolves
750,750,Chirewa,M,4.4,,0.0,,0.0,,0.0,,0.0,,0.0,,0.0,,0.0,Wolves
751,751,Hubner,D,4.0,,90.0,,90.0,,90.0,,90.0,,90.0,,90.0,,90.0,Wolves
769,769,Hesketh,M,4.5,,0.0,,0.0,,0.0,,0.0,,0.0,,0.0,,0.0,Wolves
770,770,Barnett,M,4.5,,0.0,,0.0,,0.0,,0.0,,0.0,,0.0,,0.0,Wolves
787,787,Griffiths,M,4.5,,0.0,,0.0,,0.0,,0.0,,0.0,,0.0,,0.0,Wolves
788,788,Mosquera,D,4.0,,90.0,,90.0,,90.0,,90.0,,90.0,,90.0,,90.0,Wolves
800,800,N.Lemina,M,5.0,,0.0,,0.0,,0.0,,0.0,,0.0,,0.0,,0.0,Wolves
832,832,Okoduwa,D,4.0,,90.0,,90.0,,90.0,,90.0,,90.0,,90.0,,90.0,Wolves
836,836,Chiwome,F,4.5,,0.0,,0.0,,0.0,,0.0,,0.0,,0.0,,0.0,Wolves
