Pos,ID,Name,BV,SV,Team,31_xMins,31_Pts,32_xMins,32_Pts,33_xMins,33_Pts,34_xMins,34_Pts,35_xMins,35_Pts,36_xMins,36_Pts,37_xMins,37_Pts,38_xMins,38_Pts
D,1,Cédric,4.2,4.2,Fulham,33,1.22,39,1.58,38,1.20,37,1.77,36,1.52,37,1.45,36,1.60,39,0.86
G,2,Leno,4.6,4.6,Fulham,88,3.49,88,3.63,86,3.22,86,6.20,86,3.59,85,3.53,84,3.67,85,3.06
M,3,Xhaka,4.9,4.9,Arsenal,73,2.87,69,3.29,72,2.26,70,2.70,68,2.30,67,2.62,65,2.78,69,2.99
M,4,Elneny,4.1,4.1,Arsenal,0,0.00,0,0.00,0,0.00,0,0.00,0,0.00,0,0.00,0,0.00,1,0.03
D,5,Holding,4.2,4.2,Arsenal,36,1.65,27,1.51,23,0.65,20,0.85,20,0.72,18,0.74,19,0.91,21,1.07
M,6,Partey,4.7,4.7,Arsenal,72,2.64,68,2.99,69,2.07,66,2.40,65,2.12,65,2.39,65,2.60,65,2.64
M,7,Ødegaard,6.7,6.7,Arsenal,83,4.64,80,5.70,78,3.19,78,4.32,76,3.56,76,4.28,76,4.67,76,4.83
D,8,Tierney,4.6,4.6,Arsenal,17,0.84,20,1.23,24,0.81,22,1.11,24,1.01,23,1.12,23,1.30,25,1.49
M,9,Pépé,5.3,5.3,Arsenal,0,0.00,0,0.00,0,0.00,0,0.00,0,0.00,0,0.00,0,0.00,0,0.00
D,10,White,4.9,4.9,Arsenal,84,3.89,80,4.59,76,2.12,77,3.54,76,2.77,79,3.43,76,3.99,77,4.17
F,11,Nketiah,6.4,6.4,Arsenal,2,0.17,9,0.75,13,0.71,15,0.98,17,0.96,17,1.14,19,1.34,17,1.27
M,12,Smith Rowe,5.6,5.6,Arsenal,9,0.63,16,1.21,17,0.88,18,1.12,18,0.99,19,1.19,21,1.39,21,1.41
M,13,Saka,8.6,8.6,Arsenal,84,5.55,79,6.82,77,3.68,76,4.97,77,4.13,77,5.13,75,5.59,72,5.62
D,14,Tomiyasu,4.2,4.2,Arsenal,0,0.00,0,0.00,0,0.00,0,0.00,0,0.00,0,0.00,0,0.00,0,0.00
G,15,Ramsdale,4.9,4.9,Arsenal,89,4.04,87,4.44,87,3.28,87,3.92,88,3.63,87,3.80,86,4.18,86,4.27
D,16,Gabriel,5.3,5.3,Arsenal,87,4.31,81,5.13,79,2.30,79,3.86,77,2.98,78,3.76,77,4.39,77,4.62
D,17,Tavares,4.5,4.5,Arsenal,0,0.00,0,0.00,0,0.00,0,0.00,0,0.00,0,0.00,0,0.00,0,0.00
M,18,Sambi,4.3,4.3,Crystal Palace,50,1.67,47,1.62,49,1.56,45,1.53,43,1.31,39,1.40,41,1.34,39,1.41
M,19,Martinelli,6.7,6.7,Arsenal,67,3.93,61,4.53,60,2.64,60,3.48,58,2.88,60,3.56,59,3.85,56,3.81
D,20,Pablo Marí,4.5,4.5,Arsenal,0,0.00,0,0.00,0,0.00,0,0.00,0,0.00,0,0.00,0,0.00,0,0.00
M,21,Maitland-Niles,4.8,4.8,Southampton,30,1.03,0,0.00,32,1.12,38,1.09,33,1.10,32,1.10,30,0.92,32,1.01
M,22,Torreira,4.5,4.5,Arsenal,0,0.00,0,0.00,0,0.00,0,0.00,0,0.00,0,0.00,0,0.00,0,0.00
M,23,Nelson,4.7,4.7,Arsenal,7,0.47,8,0.65,7,0.41,7,0.47,7,0.44,8,0.54,9,0.59,10,0.72
G,24,Turner,3.8,3.8,Arsenal,1,0.06,3,0.13,3,0.10,3,0.12,2,0.10,3,0.15,3,0.17,4,0.19
M,25,Fábio Vieira,5.6,5.6,Arsenal,9,0.53,13,0.88,10,0.51,10,0.60,13,0.69,14,0.81,13,0.81,14,0.88
D,26,Saliba,5.1,5.1,Arsenal,49,2.16,61,3.29,70,1.80,79,3.35,80,2.70,80,3.27,78,3.80,76,3.91
M,27,Marquinhos,4.6,4.6,Arsenal,0,0.00,0,0.00,0,0.00,0,0.00,0,0.00,0,0.00,0,0.00,0,0.00
F,28,Jesus,8.0,8.0,Arsenal,67,4.07,67,5.17,71,3.28,70,4.20,70,3.54,67,4.13,67,4.46,69,4.70
M,29,Coutinho,6.6,6.6,Aston Villa,0,0.00,5,0.32,16,1.04,26,1.26,42,2.26,46,2.59,46,2.19,47,2.55
F,30,Ings,6.4,6.4,West Ham,66,2.76,63,3.24,59,2.86,55,4.84,53,2.57,53,2.55,51,3.04,53,2.80
G,31,Martínez,5.0,5.0,Aston Villa,89,3.49,88,3.47,87,3.86,87,3.13,87,3.60,86,3.39,86,3.11,85,3.34
D,32,Chambers,4.2,4.2,Aston Villa,24,0.78,25,0.82,23,1.00,18,0.40,13,0.45,9,0.31,11,0.25,12,0.36
D,33,Digne,4.6,4.6,Aston Villa,20,0.83,21,0.90,21,1.12,22,0.74,20,0.90,20,0.89,21,0.70,19,0.83
M,34,Traoré,4.9,4.9,Aston Villa,31,1.58,28,1.51,27,1.68,21,1.05,16,0.97,15,0.87,15,0.81,14,0.84
G,35,Olsen,3.9,3.9,Aston Villa,1,0.06,2,0.07,2,0.10,3,0.11,3,0.11,4,0.15,3,0.12,5,0.18
M,36,Sanson,4.3,4.3,Aston Villa,0,0.00,0,0.00,0,0.00,0,0.00,0,0.00,0,0.00,0,0.00,0,0.00
M,37,McGinn,5.1,5.1,Aston Villa,82,2.61,79,2.59,73,2.88,74,2.30,73,2.65,69,2.56,68,2.20,69,2.52
D,38,Hause,4.4,4.4,Aston Villa,0,0.00,0,0.00,0,0.00,0,0.00,0,0.00,0,0.00,0,0.00,0,0.00
D,39,Mings,4.5,4.5,Aston Villa,86,2.43,83,2.40,78,3.17,78,1.42,79,2.61,78,2.34,77,1.40,75,2.12
F,40,Watkins,7.6,7.4,Aston Villa,85,4.00,81,3.95,79,4.76,79,3.32,78,3.83,77,4.00,77,3.27,78,3.90
M,41,Nakamba,4.3,4.3,Aston Villa,0,0.00,0,0.00,0,0.00,0,0.00,0,0.00,0,0.00,0,0.00,0,0.00
M,42,Buendía,5.7,5.7,Aston Villa,73,3.41,71,3.42,68,4.12,64,2.69,58,2.92,59,3.07,59,2.56,59,2.99
D,43,Cash,4.6,4.6,Aston Villa,0,0.00,6,0.19,23,1.02,39,0.83,59,2.12,70,2.33,69,1.44,68,2.16
D,44,Konsa,4.4,4.4,Aston Villa,85,2.48,82,2.44,78,3.22,76,1.45,75,2.52,75,2.33,71,1.37,74,2.15
M,45,Bailey,4.4,4.4,Aston Villa,44,2.13,59,2.86,56,3.39,52,2.26,46,2.38,45,2.42,44,2.03,43,2.27
M,46,Douglas Luiz,4.8,4.8,Aston Villa,82,2.47,79,2.42,76,2.73,75,2.13,73,2.37,73,2.37,73,2.10,71,2.27
M,47,Ramsey,5.2,5.2,Aston Villa,70,2.73,64,2.60,61,2.98,56,2.09,50,2.15,51,2.25,48,1.88,49,2.12
M,48,Chukwuemeka,4.2,4.2,Chelsea,3,0.23,0,0.00,4,0.27,4,0.26,5,0.32,5,0.32,6,0.65,6,0.35
M,49,Iroegbunam,4.5,4.5,Aston Villa,0,0.00,0,0.00,0,0.00,0,0.00,0,0.00,0,0.00,0,0.00,0,0.00
D,50,Diego Carlos,4.7,4.7,Aston Villa,9,0.30,16,0.53,24,1.04,27,0.60,24,0.88,25,0.87,29,0.64,27,0.89
M,51,El Ghazi,4.8,4.8,Aston Villa,0,0.00,0,0.00,0,0.00,0,0.00,0,0.00,0,0.00,0,0.00,0,0.00
F,52,Davis,5.4,5.4,Aston Villa,0,0.00,0,0.00,0,0.00,0,0.00,0,0.00,0,0.00,0,0.00,0,0.00
M,53,Kamara,4.8,4.8,Aston Villa,0,0.00,6,0.21,21,0.72,39,1.07,62,1.82,73,2.07,72,1.86,72,2.02
F,54,Archer,4.2,4.2,Aston Villa,0,0.00,0,0.00,0,0.00,0,0.00,0,0.00,0,0.00,0,0.00,0,0.00
M,55,Philogene-Bidace,4.5,4.5,Aston Villa,0,0.00,0,0.00,0,0.00,0,0.00,0,0.00,0,0.00,0,0.00,0,0.00
D,56,Guilbert,3.9,3.9,Aston Villa,0,0.00,0,0.00,0,0.00,0,0.00,0,0.00,0,0.00,0,0.00,0,0.00
D,57,Smith,4.3,4.3,Bournemouth,85,1.66,65,2.32,49,1.69,64,2.24,74,2.03,74,2.29,75,1.68,76,2.25
M,58,Stanislas,4.8,4.8,Bournemouth,0,0.00,0,0.00,0,0.00,1,0.06,1,0.09,2,0.19,3,0.23,4,0.29
D,59,Fredericks,4.4,4.4,Bournemouth,0,0.00,0,0.00,0,0.00,0,0.00,0,0.00,0,0.00,0,0.00,0,0.00
M,60,Brooks,5.3,5.3,Bournemouth,3,0.20,4,0.32,4,0.31,5,0.40,6,0.39,6,0.41,6,0.42,6,0.41
M,61,Lowe,5.2,5.2,Bournemouth,0,0.00,0,0.00,0,0.00,0,0.00,0,0.00,0,0.00,0,0.00,0,0.00
F,62,Moore,5.0,5.0,Bournemouth,3,0.18,4,0.23,6,0.36,6,0.35,6,0.34,6,0.34,8,0.42,7,0.39
M,63,Marcondes,4.7,4.7,Bournemouth,0,0.00,0,0.00,0,0.00,0,0.00,0,0.00,0,0.00,0,0.00,0,0.00
M,64,Lerma,4.7,4.7,Bournemouth,82,2.20,77,2.41,77,2.37,76,2.45,76,2.15,74,2.18,75,2.10,73,2.11
D,65,Stacey,4.3,4.3,Bournemouth,5,0.15,15,0.60,28,1.06,18,0.69,11,0.38,14,0.52,13,0.37,13,0.45
F,66,Solanke,5.5,5.5,Bournemouth,85,3.58,81,4.25,79,4.04,80,4.54,79,3.57,77,3.61,77,3.50,74,3.39
M,67,Cook,4.9,4.9,Bournemouth,23,0.82,23,0.88,28,1.04,28,1.05,28,0.97,30,1.07,31,1.04,29,1.02
M,68,Pearson,4.4,4.4,Bournemouth,0,0.00,0,0.00,0,0.00,0,0.00,0,0.00,0,0.00,0,0.00,0,0.00
M,69,Christie,5.3,5.3,Bournemouth,39,1.60,37,1.76,36,1.70,37,1.85,38,1.61,37,1.61,38,1.58,39,1.67
M,70,Billing,5.2,5.2,Bournemouth,73,2.50,68,2.84,69,2.80,66,2.92,65,2.43,64,2.46,67,2.43,66,2.46
D,71,Mepham,4.3,4.3,Bournemouth,17,0.36,16,0.52,47,1.48,18,0.59,18,0.47,19,0.57,18,0.40,21,0.61
G,72,Travers,4.2,4.2,Bournemouth,2,0.07,2,0.07,2,0.09,5,0.19,4,0.15,4,0.16,5,0.18,6,0.21
D,73,Kelly,4.3,4.3,Bournemouth,81,1.55,79,2.66,77,2.47,72,2.39,74,1.92,73,2.17,74,1.57,71,2.03
M,74,Dembélé,4.7,4.7,Bournemouth,0,0.00,0,0.00,0,0.00,0,0.00,0,0.00,0,0.00,0,0.00,0,0.00
M,75,Anthony,5.2,5.2,Bournemouth,15,0.78,16,0.92,18,1.03,18,1.11,21,1.06,20,1.03,21,1.08,22,1.13
D,76,Zemura,4.3,4.3,Bournemouth,14,0.40,14,0.57,34,1.26,20,0.78,20,0.65,20,0.71,18,0.52,19,0.67
G,77,Dennis,3.9,3.9,Bournemouth,0,0.00,0,0.00,0,0.00,0,0.00,0,0.00,0,0.00,0,0.00,0,0.00
D,78,Jansson,4.2,4.2,Brentford,18,0.68,34,1.39,36,1.01,34,1.73,37,0.86,33,1.43,33,0.95,30,0.78
M,79,Nørgaard,5.3,5.3,Brentford,83,2.66,79,2.80,78,2.30,78,3.06,76,2.22,76,2.74,74,2.23,74,2.15
F,80,Toney,7.8,7.8,Brentford,74,3.64,39,2.20,21,0.91,20,1.26,12,0.53,11,0.66,14,0.62,11,0.48
G,81,Raya,4.9,4.9,Brentford,88,3.71,88,3.77,87,3.28,87,4.11,84,3.07,84,3.73,86,3.19,84,3.12
D,82,Canós,5.0,5.0,Brentford,0,0.00,0,0.00,0,0.00,0,0.00,0,0.00,0,0.00,0,0.00,0,0.00
M,83,Dasilva,4.1,4.1,Brentford,31,1.47,33,1.69,34,1.48,33,1.87,32,1.41,31,1.62,31,1.39,29,1.29
D,84,Ajer,4.5,4.5,Brentford,0,0.00,0,0.00,0,0.00,0,0.00,4,0.09,18,0.79,31,0.89,39,0.98
D,85,Henry,4.6,4.6,Brentford,84,2.98,79,3.04,76,1.95,76,3.69,77,1.62,75,3.11,72,1.88,68,1.59
M,86,Janelt,5.5,5.5,Brentford,52,1.97,52,2.11,51,1.77,51,2.26,49,1.68,51,2.07,48,1.70,48,1.65
M,87,Ghoddos,4.8,4.8,Brentford,3,0.20,7,0.44,9,0.44,11,0.69,11,0.56,10,0.58,8,0.41,8,0.40
M,88,Jensen,4.8,4.8,Brentford,70,2.77,67,2.94,68,2.43,63,3.13,67,2.41,66,2.98,64,2.40,63,2.28
M,89,Wissa,5.3,5.3,Brentford,36,1.94,44,2.63,49,2.28,51,3.45,53,2.43,52,3.19,52,2.53,49,2.28
D,90,Roerslev,4.3,4.3,Brentford,20,0.77,20,0.84,25,0.76,27,1.35,23,0.63,19,0.82,17,0.52,14,0.41
D,91,Bech,4.5,4.5,Brentford,0,0.00,0,0.00,0,0.00,0,0.00,0,0.00,0,0.00,0,0.00,0,0.00
D,92,Pinnock,4.4,4.4,Brentford,85,3.10,81,3.21,78,2.03,77,3.80,78,1.66,75,3.18,74,1.93,75,1.74
M,93,Onyeka,4.8,4.8,Brentford,3,0.15,10,0.47,17,0.73,22,1.11,28,1.14,28,1.31,28,1.17,30,1.18
M,94,Baptiste,4.5,4.5,Brentford,12,0.54,14,0.68,13,0.60,16,0.86,15,0.67,14,0.72,17,0.78,16,0.73
F,95,Mbeumo,5.8,5.8,Brentford,75,3.29,74,3.91,75,3.06,74,4.39,72,3.04,73,3.96,71,3.07,74,2.99
D,96,Goode,3.9,3.9,Brentford,0,0.00,0,0.00,0,0.00,0,0.00,0,0.00,0,0.00,0,0.00,0,0.00
F,97,Forss,4.5,4.5,Brentford,0,0.00,0,0.00,0,0.00,0,0.00,0,0.00,0,0.00,0,0.00,0,0.00
D,98,Thompson,4.0,4.0,Brentford,0,0.00,0,0.00,0,0.00,0,0.00,0,0.00,0,0.00,0,0.00,0,0.00
M,99,Bidstrup,4.5,4.5,Brentford,0,0.00,0,0.00,0,0.00,0,0.00,0,0.00,0,0.00,0,0.00,0,0.00
G,100,Balcombe,4.0,4.0,Brentford,0,0.00,0,0.00,0,0.00,0,0.00,0,0.00,0,0.00,0,0.00,0,0.00
M,101,Lallana,4.8,4.8,Brighton,0,0.00,0,0.00,0,0.00,0,0.00,0,0.00,7,0.66,18,1.72,23,1.12
G,102,Steele,3.9,3.9,Brighton,88,3.56,0,0.00,86,3.97,84,7.37,83,4.13,83,6.08,83,7.25,81,3.40
F,103,Welbeck,6.5,6.5,Brighton,40,2.12,0,0.00,36,2.19,37,4.39,38,2.42,36,3.31,35,4.23,35,1.99
M,104,Groß,5.4,5.4,Brighton,75,3.02,0,0.00,76,3.63,74,6.78,72,3.71,73,5.17,72,6.63,71,3.04
D,105,Duffy,4.3,4.3,Fulham,0,0.02,1,0.05,2,0.06,3,0.16,2,0.07,3,0.12,2,0.10,2,0.06
D,106,Dunk,4.7,4.7,Brighton,87,3.10,0,0.00,84,4.20,82,7.23,83,4.41,83,4.35,82,6.99,82,3.20
M,107,March,5.2,5.2,Brighton,83,3.72,0,0.00,79,4.23,78,7.97,76,4.33,77,5.80,75,7.60,76,3.54
D,108,Webster,4.5,4.5,Brighton,81,2.80,0,0.00,77,3.72,75,6.41,75,3.91,72,3.77,74,6.15,73,2.76
D,109,Veltman,4.6,4.6,Brighton,67,2.27,0,0.00,59,2.80,59,4.97,61,3.12,56,2.92,54,4.43,53,1.98
F,110,Maupay,5.7,5.7,Everton,22,1.42,24,1.29,12,0.68,13,0.77,11,0.59,11,0.57,10,0.57,10,0.67
M,111,Trossard,6.7,6.7,Arsenal,39,2.71,37,3.17,36,1.90,37,2.50,37,2.14,36,2.52,37,2.77,36,2.83
D,112,Cucurella,5.0,5.0,Chelsea,26,1.03,0,0.00,24,1.24,27,0.83,29,1.41,27,1.58,27,1.70,30,1.32
G,113,Sánchez,4.5,4.5,Brighton,2,0.07,0,0.00,4,0.19,6,0.52,7,0.33,7,0.50,7,0.59,8,0.34
D,114,Lamptey,4.2,4.2,Brighton,2,0.08,0,0.00,21,1.09,29,2.69,31,1.74,31,2.02,32,2.97,32,1.37
M,115,Alzate,4.4,4.4,Brighton,0,0.00,0,0.00,0,0.00,0,0.00,0,0.00,0,0.00,0,0.00,0,0.00
M,116,Mac Allister,5.5,5.4,Brighton,83,3.93,0,0.00,77,4.54,76,8.55,75,4.72,76,6.06,77,8.63,75,3.85
M,117,Moder,4.4,4.4,Brighton,0,0.01,0,0.00,4,0.24,6,0.66,8,0.43,7,0.66,6,0.65,6,0.32
M,118,Mwepu,5.3,5.3,Brighton,0,0.00,0,0.00,0,0.00,0,0.00,0,0.00,0,0.00,0,0.00,0,0.00
M,119,Sarmiento,4.5,4.5,Brighton,0,0.00,0,0.00,0,0.00,0,0.00,0,0.01,7,0.66,11,1.19,14,0.77
M,120,Caicedo,5.0,5.0,Brighton,80,2.30,0,0.00,77,2.52,68,4.32,62,2.19,74,3.88,72,4.54,72,2.15
M,121,Richards,4.5,4.5,Brighton,0,0.00,0,0.00,0,0.00,0,0.00,0,0.00,0,0.00,0,0.00,0,0.00
D,122,Roberts,4.0,4.0,Brighton,0,0.00,0,0.00,0,0.00,0,0.00,0,0.00,0,0.00,0,0.00,0,0.00
F,123,Undav,5.0,5.0,Brighton,9,0.56,0,0.00,15,1.03,19,2.45,20,1.37,15,1.63,16,2.11,13,0.89
M,124,Mitoma,5.7,5.4,Brighton,82,3.76,0,0.00,77,4.30,75,7.97,76,4.45,74,5.80,73,7.79,74,3.66
F,125,Enciso,4.6,4.6,Brighton,16,0.77,0,0.00,22,1.09,21,2.12,22,1.16,20,1.74,18,1.88,17,0.84
M,126,Kozłowski,4.5,4.5,Brighton,0,0.00,0,0.00,0,0.00,0,0.00,0,0.00,0,0.00,0,0.00,0,0.00
D,127,Azpilicueta,4.7,4.7,Chelsea,15,0.59,0,0.00,15,0.74,17,0.51,16,0.75,20,1.07,20,1.26,20,0.84
D,128,Thiago Silva,5.4,5.4,Chelsea,61,2.07,0,0.00,60,2.82,61,1.48,59,2.61,61,3.32,58,2.91,59,2.27
D,129,Alonso,5.3,5.3,Chelsea,0,0.00,0,0.00,0,0.00,0,0.00,0,0.00,0,0.00,0,0.00,0,0.00
M,130,Jorginho,5.7,5.7,Arsenal,28,1.16,32,1.48,30,1.04,32,1.28,34,1.25,34,1.36,34,1.45,32,1.42
M,131,Barkley,4.9,4.9,Chelsea,0,0.00,0,0.00,0,0.00,0,0.00,0,0.00,0,0.00,0,0.00,0,0.00
M,132,Kovacic,4.9,4.9,Chelsea,64,2.09,0,0.00,59,2.20,57,1.71,57,2.07,56,2.27,56,3.41,54,1.85
G,133,Arrizabalaga,4.7,4.7,Chelsea,81,3.32,0,0.00,80,3.71,80,3.01,79,3.59,78,3.95,78,5.88,76,3.29
M,134,Kanté,4.8,4.8,Chelsea,28,1.11,0,0.00,46,1.80,45,1.47,43,1.67,45,1.89,44,2.90,46,1.66
M,135,Ziyech,5.5,5.5,Chelsea,8,0.53,0,0.00,7,0.54,7,0.41,9,0.63,8,0.61,9,0.99,9,0.58
M,136,Loftus-Cheek,5.0,5.0,Chelsea,24,1.08,0,0.00,21,1.07,21,0.91,20,1.01,19,1.05,21,1.81,20,0.95
F,137,Werner,7.9,7.9,Chelsea,0,0.00,0,0.00,0,0.00,0,0.00,0,0.00,0,0.00,0,0.00,0,0.00
D,138,Kenedy,3.9,3.9,Chelsea,0,0.00,0,0.00,0,0.00,0,0.00,0,0.00,0,0.00,0,0.00,0,0.00
D,139,Chilwell,6.0,5.9,Chelsea,62,2.58,0,0.00,65,3.64,59,1.74,59,3.14,60,3.91,61,3.70,56,2.61
M,140,Pulisic,5.6,5.6,Chelsea,25,1.34,0,0.00,22,1.37,23,1.12,25,1.45,24,1.54,23,2.23,23,1.25
D,141,Chalobah,4.4,4.4,Chelsea,5,0.18,0,0.00,3,0.14,4,0.14,4,0.19,5,0.28,5,0.33,5,0.22
M,142,Mount,7.2,7.2,Chelsea,47,2.50,0,0.00,47,2.90,46,2.02,47,2.83,48,3.30,45,4.13,45,2.45
D,143,Sarr,5.0,5.0,Chelsea,0,0.00,0,0.00,0,0.00,0,0.00,0,0.00,0,0.00,0,0.00,0,0.00
M,144,Hudson-Odoi,5.3,5.3,Chelsea,0,0.00,0,0.00,0,0.00,0,0.00,0,0.00,0,0.00,0,0.00,0,0.00
F,145,Havertz,7.5,7.5,Chelsea,65,3.54,0,0.00,66,4.14,66,2.84,60,3.61,63,4.41,61,5.55,59,3.16
D,146,James,5.8,5.8,Chelsea,61,2.70,0,0.00,67,3.99,63,1.96,66,3.71,62,4.27,64,4.07,64,3.12
G,147,Mendy,4.8,4.8,Chelsea,9,0.34,0,0.00,10,0.46,9,0.34,10,0.45,12,0.56,12,0.83,14,0.59
M,148,Gallagher,5.6,5.6,Chelsea,13,0.61,0,0.00,10,0.53,12,0.50,13,0.65,15,0.85,15,1.31,14,0.64
M,149,Gilmour,4.2,4.2,Brighton,17,0.72,0,0.00,18,0.83,20,1.74,24,1.10,17,1.34,15,1.40,16,0.68
F,150,Broja,5.2,5.2,Chelsea,0,0.00,0,0.00,0,0.00,0,0.00,0,0.00,0,0.00,0,0.00,0,0.00
D,151,Ampadu,4.4,4.4,Chelsea,0,0.00,0,0.00,0,0.00,0,0.00,0,0.00,0,0.00,0,0.00,0,0.00
G,152,Guaita,4.4,4.4,Crystal Palace,12,0.49,44,1.95,58,2.34,72,3.12,85,3.11,86,3.81,85,3.42,86,3.96
D,153,Tomkins,3.9,3.9,Crystal Palace,6,0.18,5,0.16,7,0.22,6,0.19,4,0.10,3,0.11,5,0.13,4,0.15
M,154,McArthur,4.8,4.8,Crystal Palace,6,0.27,7,0.33,9,0.39,9,0.41,8,0.36,7,0.36,7,0.32,7,0.34
F,155,Benteke,5.5,5.5,Crystal Palace,0,0.00,0,0.00,0,0.00,0,0.00,0,0.00,0,0.00,0,0.00,0,0.00
D,156,Ward,4.4,4.4,Crystal Palace,69,2.39,67,2.62,66,2.13,62,2.25,62,1.38,59,2.33,60,1.89,59,2.53
D,157,Clyne,4.5,4.5,Crystal Palace,36,1.41,38,1.62,40,1.46,41,1.67,39,1.07,39,1.71,37,1.33,39,1.84
M,158,Milivojevic,4.2,4.2,Crystal Palace,16,0.80,16,0.80,18,0.82,18,0.87,17,0.75,18,0.89,16,0.74,16,0.81
M,159,J.Ayew,5.2,5.2,Crystal Palace,61,2.87,59,2.80,62,2.60,59,2.80,56,2.21,52,2.69,53,2.33,51,2.69
M,160,Zaha,7.2,7.2,Crystal Palace,0,0.00,0,0.00,0,0.00,10,0.55,38,1.63,67,3.95,78,3.87,79,4.76
M,161,Schlupp,4.7,4.7,Crystal Palace,71,3.13,68,3.05,67,2.71,66,2.87,62,2.21,56,2.57,56,2.22,54,2.50
G,162,Butland,4.4,4.4,Man Utd,2,0.07,0,0.00,2,0.09,2,0.16,3,0.11,3,0.13,4,0.38,4,0.17
M,163,Hughes,4.8,4.8,Crystal Palace,18,0.83,17,0.80,18,0.81,19,0.91,18,0.77,16,0.80,16,0.71,14,0.68
M,164,Riedewald,4.2,4.2,Crystal Palace,2,0.10,3,0.18,3,0.15,3,0.16,3,0.13,2,0.13,2,0.13,3,0.18
D,165,Andersen,4.5,4.5,Crystal Palace,86,3.11,83,3.40,81,2.69,77,3.02,77,1.83,77,3.29,75,2.52,77,3.58
F,166,Edouard,5.0,5.0,Crystal Palace,44,2.30,56,2.88,56,2.60,56,2.91,48,2.11,47,2.60,45,2.20,47,2.66
D,167,Guéhi,4.4,4.4,Crystal Palace,86,2.99,82,3.25,79,2.55,77,2.87,78,1.75,77,3.10,76,2.43,76,3.38
F,168,Mateta,5.1,5.1,Crystal Palace,36,2.13,35,2.08,34,1.83,36,2.11,33,1.64,27,1.76,27,1.51,27,1.74
M,169,Eze,5.4,5.4,Crystal Palace,70,3.59,70,3.61,66,3.02,64,3.35,63,2.56,58,3.15,55,2.56,57,3.06
D,170,Mitchell,4.4,4.4,Crystal Palace,75,2.81,71,3.01,68,2.40,68,2.75,66,1.67,64,2.79,65,2.27,62,2.96
M,171,Olise,5.4,5.4,Crystal Palace,76,3.65,72,3.53,71,3.08,71,3.47,66,2.60,67,3.49,65,2.89,63,3.37
M,172,Rak-Sakyi,4.5,4.5,Crystal Palace,0,0.00,0,0.00,0,0.00,0,0.00,0,0.00,0,0.00,0,0.00,0,0.00
M,173,Ebiowei,4.2,4.2,Crystal Palace,0,0.00,0,0.00,0,0.00,0,0.00,0,0.00,0,0.00,0,0.00,0,0.00
D,174,Ferguson,3.9,3.9,Crystal Palace,0,0.00,1,0.05,2,0.08,4,0.17,9,0.23,13,0.53,11,0.37,13,0.59
G,175,Johnstone,4.4,4.4,Crystal Palace,77,3.25,45,2.00,31,1.25,17,0.71,5,0.17,4,0.18,5,0.20,4,0.18
G,176,Begović,3.9,3.9,Everton,2,0.07,1,0.06,3,0.11,4,0.16,4,0.14,4,0.16,4,0.17,4,0.20
F,177,Rondón,4.9,4.9,Everton,0,0.00,0,0.00,0,0.00,0,0.00,0,0.00,0,0.00,0,0.00,0,0.00
D,178,Coleman,4.3,4.3,Everton,54,2.59,67,2.70,65,2.27,63,2.32,64,1.74,62,1.64,60,2.36,60,2.96
M,179,Townsend,5.4,5.4,Everton,0,0.00,0,0.00,0,0.00,0,0.00,2,0.11,5,0.25,8,0.42,8,0.51
D,180,Keane,4.2,4.2,Everton,85,3.89,81,3.06,80,2.58,76,2.62,75,1.82,74,1.73,76,2.78,72,3.36
M,181,Dele,5.3,5.3,Everton,0,0.00,0,0.00,0,0.00,0,0.00,0,0.00,0,0.00,0,0.00,0,0.00
G,182,Pickford,4.4,4.4,Everton,88,3.91,89,3.69,87,3.43,86,3.43,86,3.16,86,3.12,86,3.52,85,3.85
M,183,Allan,4.8,4.8,Everton,0,0.00,0,0.00,0,0.00,0,0.00,0,0.00,0,0.00,0,0.00,0,0.00
M,184,André Gomes,4.5,4.5,Everton,0,0.00,0,0.00,0,0.00,0,0.00,0,0.00,0,0.00,0,0.00,0,0.00
M,185,A.Doucouré,5.3,5.3,Everton,0,0.00,0,0.00,74,2.58,72,2.77,71,2.34,70,2.25,71,2.58,70,3.06
M,186,Iwobi,5.1,5.1,Everton,84,3.84,78,3.01,76,2.77,74,2.93,74,2.50,72,2.40,69,2.60,70,3.15
M,187,Gbamin,4.5,4.5,Everton,0,0.00,0,0.00,0,0.00,0,0.00,0,0.00,0,0.00,0,0.00,0,0.00
D,188,Mina,4.3,4.3,Everton,2,0.07,3,0.10,4,0.12,5,0.20,7,0.22,7,0.21,15,0.62,8,0.35
M,189,Gray,5.2,5.2,Everton,64,3.99,62,3.17,44,2.08,43,2.22,45,1.90,44,1.85,46,2.18,45,2.61
M,190,Davies,4.9,4.9,Everton,39,1.75,39,1.57,19,0.83,19,0.86,19,0.79,21,0.86,19,0.82,21,0.99
F,191,Calvert-Lewin,7.9,7.9,Everton,9,0.62,21,1.21,59,2.76,68,3.58,70,2.98,69,2.86,69,3.30,69,4.12
D,192,Holgate,4.2,4.2,Everton,9,0.37,6,0.24,5,0.17,7,0.23,7,0.18,8,0.20,13,0.44,8,0.33
D,193,Godfrey,4.3,4.3,Everton,60,2.65,57,2.11,53,1.70,56,1.87,55,1.33,55,1.29,57,2.03,54,2.43
D,194,Mykolenko,4.1,4.1,Everton,33,1.52,34,1.36,37,1.26,32,1.17,33,0.90,34,0.90,33,1.28,34,1.63
M,195,Gordon,5.1,5.1,Newcastle,44,2.19,49,2.50,42,2.10,40,2.42,35,1.74,33,3.41,29,1.93,30,1.45
D,196,Branthwaite,4.0,4.0,Everton,0,0.00,0,0.00,0,0.00,0,0.00,0,0.00,0,0.00,0,0.00,0,0.00
D,197,Patterson,3.9,3.9,Everton,26,1.17,19,0.73,20,0.67,21,0.76,21,0.59,21,0.58,24,0.92,23,1.01
D,198,Nkounkou,4.0,4.0,Everton,0,0.00,0,0.00,0,0.00,0,0.00,0,0.00,0,0.00,0,0.00,0,0.00
D,199,Tarkowski,4.2,4.2,Everton,86,3.78,82,2.94,80,2.42,79,2.55,77,1.75,77,1.67,77,2.67,77,3.41
M,200,Cairney,4.7,4.7,Fulham,15,0.73,19,0.99,23,1.06,24,2.06,25,1.28,24,1.14,26,1.25,26,1.06
D,201,Ream,4.6,4.6,Fulham,86,2.50,86,2.81,84,2.04,83,2.78,83,2.78,82,2.62,82,3.02,81,1.33
M,202,Knockaert,4.7,4.7,Fulham,0,0.00,0,0.00,0,0.00,0,0.00,0,0.00,0,0.00,0,0.00,0,0.00
M,203,Chalobah,4.4,4.4,Fulham,0,0.00,0,0.00,0,0.00,0,0.00,0,0.00,0,0.00,0,0.00,0,0.00
M,204,Kebano,5.4,5.4,Fulham,0,0.00,0,0.00,0,0.00,0,0.00,0,0.00,0,0.00,0,0.00,0,0.00
M,205,De Cordova-Reid,5.4,5.4,Fulham,52,2.21,51,2.53,51,2.15,54,4.05,54,2.68,51,2.25,48,2.23,47,1.76
D,206,Bryan,4.4,4.4,Fulham,0,0.00,0,0.00,0,0.00,0,0.00,0,0.00,0,0.00,0,0.00,0,0.00
G,207,Gazzaniga,4.0,4.0,Fulham,0,0.00,0,0.00,0,0.00,0,0.00,0,0.00,0,0.00,0,0.00,0,0.00
D,208,Kongolo,3.9,3.9,Fulham,0,0.00,0,0.00,0,0.00,0,0.00,0,0.00,0,0.00,0,0.00,0,0.00
D,209,Tosin,4.4,4.4,Fulham,32,1.03,33,1.20,38,1.01,37,1.38,39,1.43,37,1.27,39,1.54,42,0.73
F,210,Mitrović,6.6,6.6,Fulham,0,0.00,0,0.00,0,0.00,0,0.00,0,0.00,77,4.00,76,4.13,76,3.00
M,211,Reed,4.3,4.3,Fulham,72,2.20,69,2.29,66,2.01,64,3.66,63,2.15,61,2.02,63,2.11,61,1.72
M,212,Wilson,5.7,5.7,Fulham,19,1.04,23,1.45,24,1.28,26,2.50,26,1.66,22,1.25,24,1.42,24,1.11
G,213,Rodák,4.3,4.3,Fulham,2,0.07,2,0.09,4,0.15,4,0.30,3,0.14,5,0.18,6,0.26,5,0.18
M,214,Cavaleiro,4.8,4.8,Fulham,0,0.00,0,0.00,0,0.00,0,0.00,0,0.00,0,0.00,0,0.00,0,0.00
D,215,Tete,4.4,4.4,Fulham,59,1.90,55,2.08,56,1.55,56,2.11,53,2.05,53,1.90,53,2.17,53,0.97
M,216,Onomah,4.3,4.3,Fulham,0,0.00,0,0.00,0,0.00,0,0.00,0,0.00,0,0.00,0,0.00,0,0.00
D,217,Robinson,4.4,4.4,Fulham,85,2.54,79,2.79,79,2.02,78,2.71,76,2.74,76,2.59,77,2.98,74,1.27
F,218,Muniz,5.4,5.4,Fulham,0,0.00,0,0.00,0,0.00,0,0.00,0,0.00,0,0.00,0,0.00,0,0.00
F,219,Stansfield,4.5,4.5,Fulham,0,0.00,0,0.00,0,0.00,0,0.00,0,0.00,0,0.00,0,0.00,0,0.00
M,220,Palhinha,4.9,4.9,Fulham,86,2.58,84,2.89,82,2.42,81,4.37,78,2.75,80,2.56,76,2.56,73,1.96
D,221,Cooper,4.4,4.4,Leeds,20,0.47,19,0.59,15,0.55,10,0.32,11,0.19,10,0.28,12,0.34,13,0.37
D,222,Ayling,4.5,4.5,Leeds,82,2.00,80,2.59,76,3.00,73,2.51,72,1.14,73,2.07,69,2.08,70,2.13
M,223,Klich,4.6,4.6,Leeds,0,0.00,0,0.00,0,0.00,0,0.00,0,0.00,0,0.00,0,0.00,0,0.00
M,224,Forshaw,4.4,4.4,Leeds,13,0.56,13,0.56,17,0.77,18,0.77,18,0.70,20,0.82,20,0.83,17,0.75
M,225,Rodrigo,6.3,6.3,Leeds,48,2.48,45,2.50,48,3.14,46,2.65,45,1.85,46,2.29,42,2.23,42,2.35
D,226,Dallas,4.9,4.9,Leeds,0,0.00,0,0.00,0,0.00,2,0.07,8,0.16,11,0.35,12,0.39,13,0.42
F,227,Bamford,7.1,7.1,Leeds,70,3.53,67,3.57,65,4.11,62,3.39,60,2.39,58,2.82,62,3.10,60,3.18
D,228,Llorente,4.4,4.4,Leeds,0,0.00,0,0.00,0,0.00,0,0.00,0,0.00,0,0.00,0,0.00,0,0.00
M,229,Roberts,5.0,5.0,Leeds,0,0.00,0,0.00,0,0.00,0,0.00,0,0.00,0,0.00,0,0.00,0,0.00
D,230,Koch,4.5,4.5,Leeds,87,1.86,82,2.43,78,2.75,77,2.39,75,1.18,74,1.95,74,2.08,74,2.05
M,231,James,5.9,5.9,Fulham,11,0.57,10,0.63,14,0.72,16,1.57,16,0.99,10,0.55,11,0.63,12,0.55
M,232,Raphinha,7.0,7.0,Leeds,0,0.00,0,0.00,0,0.00,0,0.00,0,0.00,0,0.00,0,0.00,0,0.00
M,233,Harrison,5.7,5.7,Leeds,71,2.84,66,2.84,68,3.34,65,2.86,63,2.14,61,2.46,62,2.57,61,2.62
M,234,Shackleton,4.5,4.5,Leeds,0,0.00,0,0.00,0,0.00,0,0.00,0,0.00,0,0.00,0,0.00,0,0.00
D,235,Struijk,4.5,4.5,Leeds,73,1.81,60,1.96,42,1.65,34,1.24,37,0.74,39,1.19,35,1.13,37,1.19
G,236,Klaesson,3.8,3.8,Leeds,0,0.01,0,0.00,0,0.00,1,0.03,0,0.01,0,0.01,0,0.01,1,0.05
F,237,Greenwood,4.0,4.0,Leeds,6,0.28,10,0.47,10,0.50,14,0.61,12,0.51,14,0.62,14,0.62,16,0.70
G,238,Meslier,4.5,4.5,Leeds,88,3.18,89,3.42,87,3.54,87,3.40,86,3.07,85,3.17,86,3.27,85,3.16
D,239,Firpo,4.5,4.5,Leeds,82,1.91,74,2.39,70,2.71,66,2.23,62,1.09,60,1.73,62,1.90,60,1.85
M,240,Summerville,4.2,4.2,Leeds,25,1.27,23,1.26,26,1.54,26,1.40,28,1.19,29,1.36,27,1.32,30,1.49
M,241,Bate,4.5,4.5,Leeds,0,0.00,0,0.00,0,0.00,0,0.00,0,0.00,0,0.00,0,0.00,0,0.00
F,242,Gelhardt,5.1,5.1,Leeds,0,0.00,0,0.00,0,0.00,0,0.00,0,0.00,0,0.00,0,0.00,0,0.00
D,243,Hjelde,3.9,3.9,Leeds,0,0.00,0,0.00,0,0.00,0,0.00,0,0.00,0,0.00,0,0.00,0,0.00
D,244,Kristensen,4.7,4.7,Leeds,12,0.32,15,0.51,18,0.72,21,0.79,22,0.46,21,0.66,24,0.82,22,0.75
M,245,Roca,4.8,4.8,Leeds,78,2.42,75,2.46,73,2.66,71,2.38,71,1.94,68,2.16,68,2.21,66,2.19
M,246,Aaronson,5.3,5.3,Leeds,47,1.99,44,2.01,43,2.20,44,2.01,46,1.65,45,1.87,43,1.86,44,1.94
M,247,Gyabi,4.2,4.2,Leeds,0,0.00,0,0.00,0,0.00,0,0.01,0,0.00,0,0.00,0,0.00,1,0.04
G,248,Schmeichel,5.0,5.0,Leicester,0,0.00,0,0.00,0,0.00,0,0.00,0,0.00,0,0.00,0,0.00,0,0.00
D,249,Evans,4.4,4.4,Leicester,16,0.31,29,1.10,39,1.05,43,1.57,41,1.19,39,0.88,42,0.80,39,1.34
D,250,Bertrand,3.9,3.9,Leicester,0,0.00,1,0.03,1,0.02,2,0.07,2,0.07,2,0.06,2,0.06,2,0.07
M,251,Albrighton,4.7,4.7,Leicester,0,0.00,0,0.00,0,0.00,0,0.00,0,0.00,0,0.00,0,0.00,0,0.00
M,252,Mendy,4.3,4.3,Leicester,25,0.88,24,0.94,25,0.94,23,0.91,22,0.84,22,0.83,23,0.85,23,0.90
D,253,Vestergaard,3.8,3.8,Leicester,0,0.00,0,0.00,0,0.00,0,0.00,0,0.00,0,0.01,0,0.01,0,0.02
G,254,Ward,3.9,3.9,Leicester,6,0.23,6,0.26,8,0.30,8,0.32,10,0.37,9,0.32,13,0.45,10,0.42
F,255,Vardy,9.1,9.1,Leicester,50,2.08,45,2.66,45,2.51,46,2.66,44,2.44,43,2.29,44,1.94,43,2.51
D,256,Ricardo,4.3,4.3,Leicester,46,0.93,45,2.13,47,1.65,44,2.06,45,1.67,47,1.38,45,1.15,45,1.96
D,257,Amartey,4.0,4.0,Leicester,25,0.46,22,0.83,23,0.64,24,0.91,30,0.92,30,0.72,31,0.63,30,1.08
D,258,Castagne,4.4,4.4,Leicester,73,1.15,71,2.81,71,2.04,69,2.75,65,2.04,65,1.53,67,1.34,68,2.52
M,259,Tielemans,6.1,6.1,Leicester,2,0.06,7,0.33,25,1.03,45,1.81,55,2.04,54,1.94,54,1.73,54,2.15
M,260,Pérez,4.7,4.7,Leicester,0,0.00,0,0.00,0,0.00,0,0.00,0,0.00,0,0.00,0,0.00,0,0.00
M,261,Maddison,8.2,8.1,Leicester,84,2.96,81,4.42,79,3.88,77,4.19,75,3.73,77,3.49,75,2.86,73,3.96
F,262,Iheanacho,6.0,6.0,Leicester,27,1.29,29,1.84,27,1.65,29,1.79,30,1.76,29,1.62,29,1.41,31,1.93
M,263,Choudhury,4.5,4.5,Leicester,0,0.00,0,0.00,0,0.00,0,0.00,0,0.00,0,0.00,0,0.00,0,0.00
M,264,Barnes,6.7,6.7,Leicester,58,2.08,73,3.72,73,3.39,69,3.53,70,3.29,68,3.02,67,2.54,66,3.36
M,265,Ndidi,4.8,4.8,Leicester,70,1.74,66,2.04,63,1.84,59,1.86,58,1.74,56,1.61,56,1.52,56,1.74
M,266,Dewsbury-Hall,4.9,4.9,Leicester,78,2.17,74,2.74,72,2.51,68,2.58,67,2.44,65,2.24,64,2.01,64,2.43
D,267,Söyüncü,4.2,4.2,Leicester,2,0.06,1,0.07,2,0.06,2,0.08,3,0.12,4,0.11,3,0.09,3,0.12
D,268,Justin,4.1,4.1,Leicester,0,0.00,0,0.00,0,0.00,0,0.00,0,0.00,0,0.00,0,0.00,0,0.00
M,269,Soumaré,4.4,4.4,Leicester,34,1.13,32,1.26,26,1.00,25,1.01,24,0.95,24,0.94,24,0.90,27,1.06
D,270,Thomas,3.9,3.9,Leicester,4,0.09,5,0.20,5,0.17,6,0.25,7,0.24,7,0.21,8,0.22,11,0.40
F,271,Daka,5.6,5.6,Leicester,37,1.60,38,2.24,36,2.00,35,2.06,33,1.86,37,1.93,38,1.70,37,2.18
D,272,W.Fofana,4.3,4.3,Chelsea,68,2.19,0,0.00,72,3.24,67,1.52,64,2.70,65,3.36,64,2.99,63,2.28
D,273,Brunt,3.9,3.9,Leicester,0,0.00,0,0.01,0,0.01,0,0.00,0,0.01,1,0.01,1,0.01,0,0.01
M,274,Milner,4.4,4.4,Liverpool,9,0.48,11,0.67,13,0.64,18,1.94,17,0.91,16,0.83,13,0.73,13,0.70
M,275,Henderson,5.3,5.3,Liverpool,67,2.47,61,2.63,60,2.20,62,4.84,59,2.33,57,2.18,55,2.19,53,2.12
D,276,Matip,5.9,5.9,Liverpool,9,0.34,10,0.49,16,0.60,14,1.17,16,0.71,18,0.71,18,0.80,19,0.84
M,277,Thiago,5.1,5.1,Liverpool,54,1.94,69,2.75,69,2.34,64,4.72,62,2.32,63,2.25,62,2.32,64,2.38
M,278,Chamberlain,4.9,4.9,Liverpool,3,0.25,5,0.37,4,0.28,4,0.60,4,0.27,4,0.31,5,0.36,6,0.41
F,279,Firmino,8.0,8.0,Liverpool,24,1.54,24,1.77,25,1.49,23,3.13,24,1.62,21,1.47,24,1.56,22,1.51
D,280,Van Dijk,6.5,6.5,Liverpool,87,3.38,84,4.47,81,3.21,81,7.15,79,3.64,78,3.08,76,3.43,77,3.48
G,281,Alisson,5.4,5.4,Liverpool,89,3.77,88,4.34,86,3.71,86,7.67,86,3.90,86,3.65,86,3.85,84,3.80
M,282,Fabinho,5.2,5.2,Liverpool,68,2.18,66,2.43,61,1.95,59,4.04,61,2.10,58,1.91,59,2.04,59,2.04
M,283,Salah,12.8,12.8,Liverpool,83,6.21,80,7.31,79,5.43,76,12.35,74,6.00,76,5.84,74,6.00,75,5.90
D,284,Robertson,6.8,6.8,Liverpool,79,3.59,77,4.74,75,3.42,74,7.58,72,3.81,73,3.35,75,3.89,73,3.82
D,285,Alexander-Arnold,7.3,7.3,Liverpool,84,4.34,80,5.65,79,4.05,76,9.04,75,4.59,77,4.10,77,4.54,74,4.44
D,286,Gomez,4.3,4.3,Liverpool,7,0.26,15,0.71,15,0.55,19,1.57,20,0.82,21,0.76,21,0.86,25,1.08
M,287,Keita,4.7,4.7,Liverpool,0,0.00,0,0.00,0,0.00,0,0.00,4,0.19,15,0.77,18,0.96,24,1.24
F,288,Diogo Jota,8.7,8.7,Liverpool,41,2.38,42,2.81,40,2.19,35,4.40,35,2.19,31,1.96,32,2.15,31,1.91
G,289,Kelleher,4.0,4.0,Liverpool,1,0.03,2,0.09,4,0.15,3,0.30,4,0.16,3,0.14,3,0.14,6,0.25
D,290,Konaté,4.8,4.8,Liverpool,82,2.91,78,3.86,76,2.75,74,6.01,73,3.06,72,2.60,72,2.91,68,2.83
M,291,Jones,4.9,4.9,Liverpool,2,0.13,2,0.14,2,0.13,2,0.37,3,0.20,2,0.15,2,0.18,2,0.13
D,292,Tsimikas,4.3,4.3,Liverpool,12,0.59,14,0.84,15,0.71,16,1.63,18,0.94,16,0.77,14,0.76,16,0.86
M,293,Luis Díaz,7.8,7.8,Liverpool,3,0.21,9,0.68,21,1.28,31,4.14,39,2.55,46,2.74,46,2.89,45,2.75
M,294,Elliott,4.8,4.8,Liverpool,46,2.07,38,2.06,37,1.67,39,3.87,36,1.79,33,1.62,34,1.70,33,1.63
D,295,N.Williams,3.8,3.8,Nott'm Forest,74,1.90,48,0.88,23,0.69,28,0.86,28,1.28,28,0.70,27,0.66,27,0.97
M,296,Carvalho,5.1,5.1,Liverpool,2,0.18,3,0.27,3,0.26,3,0.56,5,0.39,4,0.34,4,0.32,3,0.29
F,297,Darwin,8.7,8.7,Liverpool,65,4.33,59,4.67,55,3.41,55,7.86,51,3.70,52,3.65,51,3.67,53,3.71
D,298,Ramsay,3.9,3.9,Liverpool,0,0.00,0,0.00,0,0.00,0,0.00,0,0.00,0,0.00,0,0.00,0,0.00
D,299,Walker,4.7,4.7,Man City,37,1.96,0,0.00,38,1.50,37,3.79,36,1.88,36,1.86,36,3.05,37,1.70
M,300,Gündogan,7.3,7.3,Man City,62,3.71,0,0.00,63,2.81,59,6.29,61,3.56,58,3.00,58,5.31,57,2.79
M,301,De Bruyne,12.1,12.1,Man City,76,5.96,0,0.00,69,3.93,67,9.37,64,5.12,63,4.21,65,7.70,66,4.24
D,302,Stones,5.4,5.4,Man City,62,3.32,0,0.00,58,2.27,58,6.03,56,3.01,56,2.89,56,4.75,57,2.69
M,303,Mahrez,7.3,7.3,Man City,61,4.74,0,0.00,55,3.14,53,7.40,51,4.01,48,3.27,48,5.78,49,3.14
M,304,Sterling,9.7,9.7,Chelsea,54,2.82,0,0.00,54,3.32,57,2.42,52,3.05,53,3.63,50,4.47,51,2.69
M,305,Grealish,7.0,7.0,Man City,79,5.11,0,0.00,72,3.45,67,7.90,64,4.16,63,3.56,65,6.37,61,3.28
D,306,Cancelo,7.1,7.1,Man City,0,0.00,0,0.00,0,0.00,0,0.00,0,0.00,0,0.00,0,0.00,0,0.00
G,307,Ederson,5.4,5.4,Man City,89,4.26,0,0.00,88,3.66,88,8.36,87,4.18,85,4.19,86,7.29,86,3.86
D,308,Aké,5.1,5.1,Man City,60,3.23,0,0.00,59,2.25,56,5.73,54,2.88,54,2.77,55,4.53,56,2.57
D,309,Laporte,5.7,5.7,Man City,29,1.65,0,0.00,31,1.30,40,4.31,37,2.06,39,2.09,39,3.39,36,1.75
G,310,Steffen,4.0,4.0,Man City,0,0.00,0,0.00,0,0.00,0,0.00,0,0.00,0,0.00,0,0.00,0,0.00
M,311,Bernardo,6.7,6.7,Man City,53,3.02,0,0.00,51,2.22,48,5.02,47,2.56,51,2.48,49,4.19,51,2.34
D,312,Dias,6.0,6.0,Man City,67,3.59,0,0.00,66,2.58,63,6.52,64,3.46,63,3.22,64,5.34,65,3.01
D,313,Zinchenko,5.2,5.2,Arsenal,80,4.04,77,4.80,75,2.27,73,3.65,69,2.80,70,3.41,73,4.12,71,4.21
M,314,Foden,8.0,8.0,Man City,0,0.00,0,0.00,23,1.42,42,5.98,54,4.14,54,3.59,54,6.43,55,3.49
M,315,Rodri,5.6,5.6,Man City,81,3.66,0,0.00,81,2.82,78,6.44,76,3.37,77,3.09,77,5.48,76,2.86
M,316,Palmer,4.2,4.2,Man City,7,0.48,0,0.00,9,0.48,8,1.01,8,0.54,8,0.49,8,0.86,8,0.46
M,317,McAtee,4.5,4.5,Man City,0,0.00,0,0.00,0,0.00,0,0.00,0,0.00,0,0.00,0,0.00,0,0.00
F,318,Haaland,12.2,12.2,Man City,79,7.86,0,0.00,75,4.98,73,12.27,71,6.70,71,5.44,71,9.63,71,5.24
F,319,Álvarez,6.0,6.0,Man City,43,2.30,0,0.00,42,1.82,41,4.14,40,2.17,41,2.00,40,3.56,40,1.88
D,320,Mbete,3.9,3.9,Man City,0,0.00,0,0.00,0,0.00,0,0.00,0,0.00,0,0.00,0,0.00,0,0.00
M,321,Lavia,4.5,4.5,Southampton,60,1.76,73,1.75,76,2.20,71,1.77,70,2.00,71,2.06,70,1.76,70,1.80
D,322,Wilson-Esbrand,3.8,3.8,Man City,0,0.00,0,0.00,0,0.00,0,0.00,0,0.00,0,0.00,0,0.00,0,0.00
F,323,Delap,4.4,4.4,Man City,0,0.00,0,0.00,0,0.00,0,0.00,0,0.00,0,0.00,0,0.00,0,0.00
G,324,Ortega,3.8,3.8,Man City,1,0.05,0,0.00,2,0.07,2,0.21,3,0.13,5,0.24,4,0.32,4,0.17
M,325,Phillips,4.8,4.8,Man City,14,0.64,0,0.00,17,0.63,15,1.30,17,0.75,17,0.72,15,1.17,18,0.71
F,326,Ronaldo,10.2,10.2,Man Utd,0,0.00,0,0.00,0,0.00,0,0.00,0,0.00,0,0.00,0,0.00,0,0.00
G,327,De Gea,5.0,5.0,Man Utd,88,3.96,0,0.00,88,3.43,88,7.33,87,3.76,86,4.11,85,7.41,86,4.02
D,328,Jones,3.8,3.8,Man Utd,0,0.00,0,0.00,0,0.01,0,0.01,0,0.01,0,0.01,0,0.01,0,0.01
D,329,Varane,4.8,4.8,Man Utd,82,3.67,0,0.00,75,2.44,76,5.75,72,2.91,75,3.73,71,5.96,68,3.39
D,330,Maguire,4.7,4.7,Man Utd,9,0.37,0,0.00,18,0.58,17,1.25,22,0.88,15,0.72,21,1.75,22,1.07
M,331,Fred,5.1,5.1,Man Utd,18,0.86,0,0.00,16,0.73,17,1.59,18,0.83,20,0.96,17,1.63,18,0.91
D,332,Shaw,5.1,5.1,Man Utd,6,0.28,0,0.00,42,1.51,58,4.77,74,3.23,72,3.98,73,6.65,72,4.00
M,333,Fernandes,9.6,9.6,Man Utd,85,5.48,0,0.00,78,4.10,76,8.91,77,4.39,77,5.13,77,9.12,74,5.38
D,334,Telles,5.0,5.0,Man Utd,0,0.00,0,0.00,0,0.00,0,0.00,0,0.00,0,0.00,0,0.00,0,0.00
M,335,Rashford,7.2,7.2,Man Utd,0,0.00,0,0.00,0,0.00,31,4.84,15,1.08,45,3.58,69,9.69,73,6.23
M,336,Van de Beek,5.1,5.1,Man Utd,0,0.00,0,0.00,0,0.00,0,0.00,0,0.00,0,0.00,0,0.00,0,0.00
D,337,Lindelöf,4.1,4.1,Man Utd,6,0.26,0,0.00,9,0.29,11,0.75,11,0.41,14,0.64,13,0.99,15,0.68
M,338,McTominay,4.9,4.9,Man Utd,15,0.67,0,0.00,19,0.74,20,1.61,22,0.88,20,0.87,21,1.69,21,0.92
D,339,Bailly,4.0,4.0,Man Utd,0,0.00,0,0.00,0,0.00,0,0.00,0,0.00,0,0.00,0,0.00,0,0.00
M,340,Sancho,7.1,7.1,Man Utd,64,4.02,0,0.00,48,2.64,45,5.45,39,2.33,38,2.57,35,4.39,37,2.62
D,341,Wan-Bissaka,4.3,4.3,Man Utd,37,1.71,0,0.00,34,1.13,34,2.62,34,1.40,34,1.70,33,2.78,37,1.85
D,342,Dalot,4.7,4.7,Man Utd,56,2.63,0,0.00,56,1.88,55,4.26,54,2.24,54,2.75,53,4.57,49,2.49
D,343,B.Williams,3.8,3.8,Man Utd,5,0.23,0,0.00,4,0.15,4,0.30,2,0.07,2,0.08,2,0.18,4,0.16
M,344,Elanga,4.6,4.6,Man Utd,2,0.19,0,0.00,1,0.12,2,0.29,2,0.16,2,0.17,1,0.22,1,0.09
F,345,Martial,6.3,6.3,Man Utd,58,3.78,0,0.00,53,2.97,50,6.12,50,2.97,48,3.21,47,5.73,46,3.26
M,346,Andreas,4.3,4.3,Fulham,79,3.42,76,4.11,72,3.12,64,4.99,73,4.03,69,3.25,71,3.51,72,2.58
M,347,Pellistri,4.3,4.3,Man Utd,12,0.75,0,0.00,9,0.55,8,1.12,7,0.48,5,0.41,5,0.74,5,0.42
G,348,Heaton,3.8,3.8,Man Utd,0,0.00,0,0.00,0,0.01,0,0.02,1,0.03,1,0.03,0,0.03,1,0.03
M,349,Shelvey,4.8,4.8,Nott'm Forest,43,1.50,37,1.23,35,1.27,36,1.27,34,1.41,32,1.09,34,1.15,36,1.30
D,350,Ritchie,4.2,4.2,Newcastle,1,0.06,3,0.12,3,0.11,3,0.16,3,0.13,2,0.18,3,0.14,3,0.10
D,351,Fernández,4.4,4.4,Newcastle,0,0.00,0,0.00,0,0.00,0,0.00,0,0.00,0,0.00,0,0.00,0,0.00
D,352,Clark,4.5,4.5,Newcastle,0,0.00,0,0.00,0,0.00,0,0.00,0,0.00,0,0.00,0,0.00,0,0.00
G,353,Darlow,3.9,3.9,Newcastle,0,0.00,0,0.00,0,0.00,0,0.00,0,0.00,0,0.00,0,0.00,0,0.00
F,354,Wood,5.6,5.6,Nott'm Forest,0,0.00,0,0.00,0,0.00,0,0.00,0,0.00,0,0.00,0,0.00,0,0.00
G,355,Dubravka,4.1,4.1,Newcastle,0,0.02,3,0.12,3,0.13,3,0.14,2,0.10,3,0.23,4,0.20,3,0.14
F,356,Wilson,6.9,6.9,Newcastle,65,3.75,57,3.56,57,3.28,53,4.00,48,2.81,48,5.81,47,3.73,41,2.23
D,357,Trippier,6.2,6.1,Newcastle,86,3.96,84,4.09,80,4.05,78,5.02,75,2.98,75,6.82,75,4.66,73,2.76
D,358,Burn,4.5,4.5,Newcastle,85,3.36,80,3.40,79,3.54,77,4.28,76,2.66,78,6.08,76,4.02,77,2.59
M,359,Fraser,5.2,5.2,Newcastle,6,0.42,7,0.45,7,0.45,6,0.47,5,0.37,4,0.60,5,0.40,4,0.27
D,360,Lascelles,4.3,4.3,Newcastle,6,0.24,9,0.35,14,0.58,14,0.68,16,0.55,15,1.06,13,0.59,15,0.50
F,361,Gayle,4.5,4.5,Newcastle,0,0.00,0,0.00,0,0.00,0,0.00,0,0.00,0,0.00,0,0.00,0,0.00
D,362,Dummett,3.9,3.9,Newcastle,0,0.02,1,0.03,1,0.06,2,0.09,2,0.09,1,0.11,2,0.09,1,0.05
D,363,Manquillo,4.2,4.2,Newcastle,3,0.12,5,0.18,7,0.29,9,0.46,8,0.29,7,0.54,7,0.36,8,0.28
D,364,Krafth,4.3,4.3,Newcastle,0,0.00,0,0.00,1,0.03,1,0.04,5,0.16,9,0.62,9,0.38,10,0.31
M,365,Murphy,4.1,4.1,Newcastle,38,1.86,32,1.66,32,1.63,30,1.82,25,1.28,20,2.10,18,1.16,19,0.97
D,366,Schär,5.1,5.1,Newcastle,85,3.63,82,3.68,79,3.74,75,4.47,73,2.70,75,6.37,73,4.22,74,2.67
D,367,Targett,4.7,4.7,Newcastle,11,0.42,16,0.72,18,0.84,21,1.19,22,0.88,20,1.71,23,1.30,23,0.88
M,368,Saint-Maximin,6.1,6.1,Newcastle,14,0.79,34,1.91,50,2.66,55,3.63,54,2.77,53,5.66,53,3.61,52,2.47
M,369,Almirón,5.4,5.4,Newcastle,0,0.00,0,0.00,0,0.00,8,0.50,28,1.35,52,4.64,60,3.53,60,2.50
M,370,S.Longstaff,4.3,4.3,Newcastle,71,2.54,66,2.47,64,2.35,65,2.80,65,2.29,63,4.43,63,2.76,63,2.10
M,371,Joelinton,5.9,5.9,Newcastle,71,2.90,69,2.80,66,2.59,65,3.16,63,2.35,60,4.56,57,2.80,58,2.02
D,372,Lewis,4.4,4.4,Newcastle,1,0.02,1,0.05,2,0.07,2,0.09,4,0.14,3,0.23,4,0.19,3,0.11
M,373,Willock,4.7,4.7,Newcastle,58,2.64,53,2.56,54,2.52,52,2.92,52,2.32,50,4.55,52,2.98,53,2.17
M,374,Bruno Guimarães,5.5,5.5,Newcastle,84,2.93,81,2.98,81,2.89,79,3.42,79,2.69,76,5.26,74,3.26,74,2.38
M,375,Hendrick,4.5,4.5,Newcastle,0,0.00,0,0.00,0,0.00,0,0.00,0,0.00,0,0.00,0,0.00,0,0.00
G,376,Pope,5.4,5.4,Newcastle,89,3.89,87,3.83,87,3.99,87,4.35,86,3.68,87,7.17,86,4.22,86,3.48
D,377,Botman,4.5,4.5,Newcastle,84,3.41,81,3.49,78,3.57,78,4.34,76,2.68,76,6.06,75,3.97,74,2.53
M,378,Arter,4.1,4.1,Nott'm Forest,0,0.00,0,0.00,0,0.00,0,0.00,0,0.00,0,0.00,0,0.00,0,0.00
D,379,Cook,4.3,4.3,Nott'm Forest,2,0.06,2,0.06,3,0.10,4,0.13,5,0.22,4,0.12,5,0.13,5,0.17
F,380,Lyle Taylor,4.1,4.1,Nott'm Forest,0,0.00,0,0.00,0,0.00,0,0.01,0,0.00,0,0.01,0,0.01,0,0.02
M,381,Colback,4.1,4.1,Nott'm Forest,5,0.25,3,0.16,3,0.16,4,0.20,4,0.20,4,0.20,5,0.21,6,0.28
G,382,Samba,4.5,4.5,Nott'm Forest,0,0.00,0,0.00,0,0.00,0,0.00,0,0.00,0,0.00,0,0.00,0,0.00
M,383,Cafú,4.2,4.2,Nott'm Forest,0,0.00,0,0.00,0,0.00,0,0.00,0,0.00,0,0.00,0,0.00,0,0.01
M,384,Lolley,4.9,4.9,Nott'm Forest,0,0.00,0,0.00,0,0.00,0,0.00,0,0.00,0,0.00,0,0.00,0,0.00
D,385,McKenna,4.4,4.4,Nott'm Forest,34,0.82,31,0.58,34,0.85,30,0.78,31,1.23,34,0.70,33,0.67,30,0.92
D,386,Dräger,4.0,4.0,Nott'm Forest,0,0.00,0,0.00,0,0.00,0,0.00,0,0.00,0,0.00,0,0.00,0,0.00
M,387,Yates,5.0,5.0,Nott'm Forest,26,0.90,44,1.36,48,1.62,48,1.60,47,1.85,50,1.54,49,1.53,46,1.57
D,388,Worrall,4.2,4.2,Nott'm Forest,21,0.50,19,0.38,17,0.42,19,0.49,23,0.91,23,0.48,21,0.44,23,0.69
D,389,Panzo,4.0,4.0,Nott'm Forest,0,0.00,0,0.00,0,0.00,0,0.00,0,0.00,0,0.00,0,0.00,0,0.00
M,390,Xande Silva,5.0,5.0,Nott'm Forest,0,0.00,0,0.00,0,0.00,0,0.00,0,0.00,0,0.00,0,0.00,0,0.00
F,391,Surridge,4.6,4.6,Nott'm Forest,3,0.20,2,0.18,2,0.16,3,0.20,3,0.27,4,0.27,4,0.28,4,0.29
D,392,Laryea,4.5,4.5,Nott'm Forest,0,0.00,0,0.00,0,0.00,0,0.00,0,0.00,0,0.00,0,0.00,0,0.00
D,393,Mbe Soh,4.2,4.2,Nott'm Forest,0,0.00,0,0.00,0,0.00,0,0.00,0,0.00,0,0.00,0,0.00,0,0.00
F,394,Johnson,5.7,5.7,Nott'm Forest,84,3.27,79,2.78,79,3.07,76,2.92,78,3.79,76,2.61,76,2.67,74,2.89
M,395,Mighten,4.9,4.9,Nott'm Forest,0,0.00,0,0.00,0,0.00,0,0.00,0,0.00,0,0.00,0,0.00,0,0.00
M,396,Ojeda,4.5,4.5,Nott'm Forest,0,0.00,0,0.00,0,0.00,0,0.00,0,0.00,0,0.00,0,0.00,0,0.00
F,397,Awoniyi,5.6,5.6,Nott'm Forest,39,2.00,36,1.64,33,1.72,33,1.65,30,1.90,33,1.50,31,1.47,33,1.67
G,398,Henderson,4.6,4.6,Nott'm Forest,0,0.00,4,0.14,11,0.43,13,0.51,27,1.18,27,0.97,33,1.18,33,1.30
D,399,Biancone,4.2,4.2,Nott'm Forest,0,0.00,0,0.00,0,0.00,0,0.00,0,0.00,0,0.00,0,0.00,0,0.00
M,400,Walcott,4.8,4.8,Southampton,54,2.58,48,1.77,48,2.45,46,1.78,46,2.15,47,2.33,44,1.75,43,1.86
G,401,McCarthy,4.3,4.3,Southampton,2,0.10,3,0.12,5,0.19,4,0.14,8,0.34,9,0.39,7,0.24,7,0.26
M,402,Romeu,4.8,4.8,Southampton,0,0.00,0,0.00,0,0.00,0,0.00,0,0.00,0,0.00,0,0.00,0,0.00
M,403,Redmond,5.3,5.3,Southampton,0,0.00,0,0.00,0,0.00,0,0.00,0,0.00,0,0.00,0,0.00,0,0.00
D,404,Stephens,4.3,4.3,Bournemouth,85,1.59,82,2.74,0,0.00,77,2.53,77,1.98,76,2.22,76,1.59,73,2.09
M,405,S.Armstrong,4.7,4.7,Southampton,40,1.87,39,1.45,38,1.86,38,1.48,40,1.78,37,1.81,41,1.57,40,1.64
M,406,Elyounoussi,5.1,5.1,Southampton,54,2.68,55,1.99,53,2.76,51,1.95,51,2.41,53,2.75,51,2.00,52,2.22
M,407,Ward-Prowse,6.3,6.3,Southampton,88,3.57,86,2.46,84,3.68,84,2.55,83,3.23,81,3.46,80,2.54,82,2.84
F,408,A.Armstrong,5.3,5.3,Southampton,17,1.02,20,0.94,22,1.34,20,0.94,22,1.18,22,1.30,24,1.12,21,1.08
D,409,Walker-Peters,4.4,4.4,Southampton,81,2.96,80,1.26,75,2.86,74,1.39,74,2.51,71,2.60,70,1.29,69,1.54
D,410,Bednarek,4.2,4.2,Southampton,84,2.98,82,1.29,77,2.85,76,1.40,75,2.48,77,2.69,73,1.34,74,1.52
F,411,Adams,6.1,6.1,Southampton,8,0.43,28,1.09,49,2.54,58,2.14,64,2.91,59,2.98,61,2.33,58,2.46
M,412,Tella,5.0,5.0,Southampton,0,0.00,0,0.00,0,0.00,0,0.00,0,0.00,0,0.00,0,0.00,0,0.00
D,413,Lyanco,4.4,4.4,Southampton,10,0.34,8,0.18,3,0.14,4,0.10,4,0.15,3,0.12,4,0.10,4,0.10
D,414,Valery,4.0,4.0,Southampton,0,0.00,0,0.00,0,0.00,0,0.00,0,0.00,0,0.00,0,0.00,0,0.00
M,415,Smallbone,4.5,4.5,Southampton,0,0.00,0,0.00,0,0.00,0,0.00,0,0.00,0,0.00,0,0.00,0,0.00
M,416,Diallo,4.2,4.2,Southampton,23,0.94,17,0.65,14,0.58,19,0.72,17,0.72,20,0.83,21,0.80,19,0.74
D,417,Perraud,4.1,4.1,Southampton,66,2.84,69,1.23,63,2.83,58,1.33,58,2.30,57,2.49,58,1.30,56,1.51
M,418,Djenepo,5.0,5.0,Southampton,4,0.31,8,0.39,5,0.34,5,0.30,6,0.38,6,0.40,8,0.40,7,0.39
D,419,Livramento,4.4,4.4,Southampton,0,0.00,0,0.00,0,0.01,1,0.02,5,0.16,13,0.48,14,0.32,14,0.37
D,420,Salisu,4.3,4.3,Southampton,4,0.14,7,0.13,15,0.56,16,0.32,21,0.70,20,0.74,22,0.41,24,0.53
G,421,Lis,4.0,4.0,Southampton,0,0.00,0,0.00,0,0.00,0,0.00,0,0.00,0,0.00,0,0.00,0,0.00
G,422,Bazunu,4.5,4.5,Southampton,88,3.58,87,3.05,85,3.49,86,3.00,81,3.20,80,3.25,83,2.90,82,2.90
D,423,Bella-Kotchap,4.5,4.5,Southampton,49,1.97,81,1.31,79,3.13,79,1.51,75,2.67,76,2.92,75,1.42,74,1.69
G,424,Caballero,3.9,3.9,Southampton,0,0.00,0,0.00,0,0.01,0,0.01,0,0.01,0,0.01,0,0.01,1,0.02
G,425,Lloris,5.4,5.4,Spurs,89,4.05,88,3.29,88,3.38,86,3.13,86,3.99,86,3.41,86,3.75,85,3.43
G,426,Forster,3.9,3.9,Spurs,1,0.03,2,0.08,2,0.08,4,0.14,3,0.16,4,0.16,4,0.16,5,0.18
F,427,Kane,11.7,11.7,Spurs,85,6.76,84,4.20,82,5.02,79,4.21,79,5.64,77,4.68,77,5.43,79,5.23
M,428,Son,11.6,11.6,Spurs,72,5.25,70,3.30,70,3.92,68,3.38,67,4.55,68,3.91,69,4.62,67,4.17
D,429,Doherty,4.6,4.6,Spurs,0,0.00,0,0.00,0,0.00,0,0.00,0,0.00,0,0.00,0,0.00,0,0.00
D,430,Dier,5.1,5.1,Spurs,86,3.90,81,2.14,78,2.34,79,1.79,77,3.54,77,2.54,78,3.23,77,2.69
M,431,Lucas Moura,5.8,5.8,Spurs,0,0.00,0,0.00,19,1.04,17,0.88,16,1.01,14,0.81,13,0.85,9,0.57
D,432,Davies,4.8,4.8,Spurs,0,0.00,4,0.12,18,0.63,28,0.75,44,2.19,56,1.96,52,2.29,50,1.89
M,433,Højbjerg,5.4,5.4,Spurs,86,3.14,82,2.34,83,2.54,80,2.28,79,2.84,79,2.48,76,2.66,79,2.60
M,434,Winks,4.4,4.4,Spurs,0,0.00,0,0.00,0,0.00,0,0.00,0,0.00,0,0.00,0,0.00,0,0.00
D,435,Sánchez,4.2,4.2,Spurs,23,1.12,28,0.85,25,0.86,24,0.66,21,1.01,17,0.58,14,0.59,15,0.55
D,436,R.Sessegnon,4.4,4.4,Spurs,0,0.00,0,0.00,7,0.33,15,0.54,27,1.55,42,1.90,45,2.48,42,2.04
M,437,Bergwijn,5.5,5.5,Spurs,0,0.00,0,0.00,0,0.00,0,0.00,0,0.00,0,0.00,0,0.00,0,0.00
D,438,Reguilón,4.2,4.2,Spurs,0,0.00,0,0.00,0,0.00,0,0.00,0,0.00,0,0.00,0,0.00,0,0.00
D,439,Tanganga,3.8,3.8,Spurs,17,0.80,20,0.63,14,0.48,13,0.38,10,0.44,6,0.23,7,0.29,6,0.20
M,440,Bentancur,5.3,5.3,Spurs,0,0.00,0,0.00,0,0.00,0,0.00,0,0.00,0,0.00,0,0.00,0,0.00
M,441,Skipp,4.3,4.3,Spurs,71,2.29,69,1.87,65,1.86,60,1.62,55,1.79,44,1.34,43,1.42,42,1.33
D,442,Rodon,4.0,4.0,Spurs,0,0.00,0,0.00,0,0.00,0,0.00,0,0.00,0,0.00,0,0.00,0,0.00
D,443,Romero,4.9,4.9,Spurs,85,3.58,84,1.95,80,2.15,80,1.59,78,3.31,78,2.34,79,3.04,80,2.56
M,444,Bissouma,4.7,4.7,Spurs,0,0.00,0,0.00,7,0.26,16,0.52,30,1.12,48,1.57,52,1.84,53,1.78
D,445,Emerson Royal,4.8,4.8,Spurs,0,0.00,0,0.00,0,0.00,0,0.00,0,0.00,7,0.28,20,1.06,42,1.83
M,446,Kulusevski,7.8,7.8,Spurs,59,3.29,59,2.29,56,2.50,58,2.34,58,3.09,58,2.64,54,2.81,56,2.74
F,447,Scarlett,4.5,4.5,Spurs,0,0.00,0,0.00,0,0.00,0,0.00,0,0.00,0,0.00,0,0.00,0,0.00
D,448,Perišić,5.3,5.3,Spurs,76,5.02,74,2.73,66,2.98,61,2.15,51,3.31,42,2.06,38,2.30,36,1.94
M,449,White,4.4,4.4,Spurs,0,0.00,0,0.00,0,0.00,0,0.00,0,0.00,0,0.00,0,0.00,0,0.00
M,450,Sarr,4.2,4.2,Spurs,24,1.22,26,1.03,21,0.91,20,0.84,14,0.70,9,0.43,9,0.45,9,0.42
G,451,Austin,3.9,3.9,Spurs,0,0.00,0,0.00,0,0.00,0,0.00,0,0.00,0,0.00,0,0.00,0,0.00
M,452,Devine,4.3,4.3,Spurs,0,0.03,1,0.07,1,0.06,1,0.05,1,0.06,0,0.01,1,0.04,0,0.01
F,453,Parrott,4.5,4.5,Spurs,0,0.00,0,0.00,0,0.00,0,0.00,0,0.00,0,0.00,0,0.00,0,0.00
F,454,Richarlison,8.4,8.4,Spurs,41,2.57,45,2.02,45,2.32,46,2.15,47,2.73,46,2.38,46,2.66,46,2.54
G,455,Fabianski,4.9,4.9,West Ham,88,3.21,88,3.67,86,3.23,87,6.73,85,3.18,86,3.37,86,3.68,86,3.42
D,456,Ogbonna,4.4,4.4,West Ham,53,1.21,52,1.81,53,1.41,52,2.67,53,1.40,53,1.61,56,2.16,55,1.73
D,457,Cresswell,4.7,4.7,West Ham,32,0.89,35,1.46,34,1.09,33,2.00,34,1.08,35,1.28,37,1.69,34,1.31
F,458,Antonio,7.0,7.0,West Ham,38,1.64,34,1.75,30,1.51,29,2.70,26,1.30,25,1.26,27,1.60,27,1.47
D,459,Dawson,4.8,4.8,Wolves,84,3.26,83,2.70,79,3.53,79,1.82,78,2.97,76,1.54,75,3.26,76,1.34
M,460,Lanzini,5.0,5.0,West Ham,4,0.24,6,0.35,7,0.38,8,0.78,6,0.35,8,0.42,9,0.50,9,0.49
D,461,Zouma,4.4,4.4,West Ham,84,1.94,82,2.96,81,2.21,78,4.12,76,2.11,76,2.41,76,3.08,74,2.44
D,462,Masuaku,4.5,4.5,West Ham,0,0.00,0,0.00,0,0.00,0,0.00,0,0.00,0,0.00,0,0.00,0,0.00
D,463,Coufal,4.0,4.0,West Ham,52,1.27,57,2.10,63,1.76,66,3.56,65,1.82,66,2.10,64,2.60,63,2.12
M,464,Benrahma,5.5,5.5,West Ham,55,2.45,56,3.06,53,2.67,54,4.88,52,2.58,50,2.51,50,3.07,51,2.77
M,465,Bowen,8.0,8.0,West Ham,82,3.10,78,3.68,77,3.29,74,5.81,76,3.20,73,3.12,71,3.78,69,3.24
M,466,Vlasic,5.0,5.0,West Ham,0,0.00,0,0.00,0,0.00,0,0.00,0,0.00,0,0.00,0,0.00,0,0.00
M,467,Rice,4.7,4.7,West Ham,86,2.30,83,2.55,79,2.27,77,4.29,76,2.19,77,2.25,74,2.47,77,2.32
M,468,Soucek,5.0,5.0,West Ham,73,2.31,73,2.69,73,2.48,71,4.57,70,2.37,68,2.34,69,2.76,68,2.46
M,469,Fornals,4.9,4.9,West Ham,29,1.26,28,1.36,32,1.44,33,2.72,32,1.40,34,1.49,34,1.70,35,1.60
D,470,Diop,4.3,4.3,Fulham,61,1.81,60,2.05,58,1.46,58,2.00,57,2.00,58,1.92,56,2.17,56,0.95
D,471,Johnson,4.4,4.4,West Ham,8,0.19,11,0.38,11,0.31,12,0.67,13,0.37,14,0.46,13,0.50,16,0.55
D,472,Aguerd,4.8,4.8,West Ham,55,1.28,54,1.98,51,1.41,53,2.85,54,1.49,53,1.66,51,2.07,53,1.76
G,473,Areola,4.3,4.3,West Ham,2,0.07,2,0.08,3,0.13,3,0.22,5,0.18,3,0.13,4,0.16,4,0.15
D,474,Boly,4.1,4.1,Nott'm Forest,0,0.00,0,0.00,0,0.00,0,0.00,0,0.00,0,0.00,0,0.00,3,0.10
D,475,Coady,4.8,4.8,Everton,7,0.27,14,0.49,14,0.41,18,0.57,19,0.45,19,0.44,0,0.00,20,0.83
F,476,Jiménez,6.6,6.6,Wolves,18,1.15,18,1.16,18,1.21,19,1.03,23,1.45,23,1.14,22,1.37,22,1.05
D,477,Jonny,4.3,4.3,Wolves,0,0.00,73,2.48,73,3.29,71,1.72,70,2.73,68,1.45,70,3.10,64,1.23
G,478,Sá,5.0,5.0,Wolves,89,3.83,88,3.51,87,3.93,86,3.15,85,3.59,86,3.08,85,3.85,85,3.04
M,479,Dendoncker,4.7,4.7,Aston Villa,34,1.21,35,1.23,29,1.17,23,0.79,16,0.64,13,0.53,12,0.46,15,0.57
M,480,Neves,5.2,5.2,Wolves,0,0.00,82,2.89,79,3.02,79,2.37,79,2.88,79,2.31,77,2.85,76,2.10
M,481,Hwang,5.7,5.7,Wolves,28,1.56,26,1.38,27,1.51,29,1.31,28,1.50,28,1.25,30,1.60,30,1.25
D,482,Semedo,5.0,5.0,Wolves,84,3.12,62,2.04,49,2.15,67,1.57,74,2.73,74,1.46,72,3.04,72,1.32
M,483,Podence,5.2,5.2,Wolves,56,2.78,49,2.35,48,2.48,46,1.92,45,2.29,48,1.94,48,2.41,47,1.78
D,484,Kilman,4.3,4.3,Wolves,85,3.09,81,2.48,79,3.27,76,1.66,77,2.73,76,1.43,77,3.14,75,1.27
M,485,Cundle,4.4,4.4,Wolves,0,0.00,0,0.00,0,0.00,0,0.00,0,0.00,0,0.00,0,0.00,0,0.00
M,486,Neto,4.9,4.9,Wolves,37,2.01,31,1.65,32,1.81,32,1.45,33,1.79,32,1.40,33,1.79,34,1.40
D,487,Aït-Nouri,4.2,4.2,Wolves,5,0.22,2,0.09,3,0.14,4,0.12,3,0.11,3,0.10,4,0.18,4,0.11
F,488,Fabio Silva,5.5,5.5,Wolves,0,0.00,0,0.00,0,0.00,0,0.00,0,0.00,0,0.00,0,0.00,0,0.00
D,489,Toti,3.8,3.8,Wolves,49,1.88,14,0.46,18,0.80,16,0.39,17,0.63,18,0.40,17,0.70,21,0.42
M,490,Chiquinho,5.0,5.0,Wolves,0,0.00,0,0.00,0,0.00,0,0.00,0,0.00,0,0.00,0,0.00,0,0.00
M,491,Adama,5.4,5.4,Wolves,44,2.15,40,1.89,37,1.88,37,1.58,41,2.01,37,1.54,39,1.95,36,1.44
G,492,Šarkić,3.9,3.9,Wolves,0,0.00,0,0.00,0,0.00,0,0.00,0,0.00,0,0.00,0,0.00,0,0.00
M,493,Gibbs-White,5.5,5.5,Nott'm Forest,83,3.18,78,2.64,78,2.97,75,2.84,77,3.69,77,2.57,75,2.58,74,2.89
D,494,Mosquera,3.9,3.9,Wolves,0,0.00,0,0.00,0,0.00,0,0.00,0,0.00,0,0.00,0,0.00,0,0.00
G,495,Matthews,4.0,4.0,Crystal Palace,0,0.00,0,0.00,0,0.00,0,0.00,0,0.00,0,0.00,0,0.00,0,0.00
F,496,Plange,4.5,4.5,Crystal Palace,0,0.00,0,0.00,0,0.00,0,0.00,0,0.00,0,0.00,0,0.00,0,0.00
G,497,Adrián,3.8,3.8,Liverpool,0,0.00,0,0.00,0,0.00,0,0.02,0,0.01,0,0.01,1,0.03,0,0.02
D,498,R.Williams,4.0,4.0,Liverpool,0,0.00,0,0.00,0,0.00,0,0.00,0,0.00,0,0.00,0,0.00,0,0.00
D,499,Davies,4.0,4.0,Liverpool,0,0.00,0,0.00,0,0.00,0,0.00,0,0.00,0,0.00,0,0.00,0,0.00
D,500,Van den Berg,4.0,4.0,Liverpool,0,0.00,0,0.00,0,0.00,0,0.00,0,0.00,0,0.00,0,0.00,0,0.00
D,501,Phillips,3.8,3.8,Liverpool,0,0.00,0,0.00,1,0.02,1,0.09,2,0.08,1,0.07,1,0.06,1,0.06
G,502,Carson,3.8,3.8,Man City,0,0.00,0,0.00,0,0.01,0,0.02,1,0.03,0,0.00,0,0.01,0,0.01
M,503,Moutinho,4.6,4.6,Wolves,37,1.66,25,1.20,24,1.21,28,1.19,25,1.21,27,1.12,28,1.33,29,1.13
D,504,Malacia,4.2,4.2,Man Utd,74,3.42,0,0.00,42,1.47,30,2.46,17,0.72,19,0.94,19,1.60,19,0.95
M,505,Rothwell,4.9,4.9,Bournemouth,38,1.50,36,1.61,38,1.65,37,1.72,39,1.58,37,1.54,37,1.47,36,1.48
M,506,Adams,4.9,4.9,Leeds,0,0.00,0,0.00,0,0.00,0,0.00,0,0.00,0,0.00,0,0.00,12,0.34
D,507,Niakhaté,4.3,4.3,Nott'm Forest,64,1.41,78,1.24,75,1.72,74,1.77,73,2.77,70,1.28,73,1.27,70,1.98
M,508,Sinisterra,6.5,6.5,Leeds,67,2.96,67,3.22,63,3.57,64,3.15,61,2.21,62,2.73,61,2.79,61,2.94
M,509,Downes,4.2,4.2,West Ham,10,0.41,12,0.52,14,0.56,16,1.24,16,0.63,19,0.75,18,0.77,16,0.65
D,510,Hickey,4.9,4.9,Brentford,77,2.73,77,2.90,72,1.84,68,3.23,70,1.47,67,2.75,62,1.65,62,1.47
D,511,Richards,4.4,4.4,Nott'm Forest,0,0.00,0,0.00,1,0.02,1,0.03,2,0.09,4,0.10,3,0.09,4,0.13
M,512,Aribo,5.0,5.0,Southampton,1,0.06,2,0.11,3,0.17,3,0.16,3,0.18,4,0.21,3,0.16,4,0.23
D,513,Lenglet,4.8,4.8,Spurs,73,3.27,69,1.77,67,1.94,60,1.35,55,2.46,48,1.55,49,1.98,51,1.75
M,514,C.Doucouré,5.0,5.0,Crystal Palace,82,2.53,80,2.51,72,2.18,71,2.27,74,2.02,73,2.40,72,2.16,74,2.48
M,515,Lewis-Potter,5.2,5.2,Brentford,0,0.00,0,0.00,0,0.00,0,0.00,0,0.00,3,0.20,12,0.60,24,1.09
D,516,Collins,4.3,4.3,Wolves,13,0.50,19,0.64,27,1.19,24,0.61,21,0.81,24,0.54,26,1.12,25,0.50
G,517,Strakosha,4.3,4.3,Brentford,2,0.07,2,0.07,3,0.10,3,0.15,5,0.19,5,0.24,4,0.15,6,0.20
G,518,Hennessey,3.9,3.9,Nott'm Forest,1,0.04,2,0.06,1,0.04,2,0.08,0,0.00,0,0.00,0,0.01,0,0.00
M,519,Eriksen,6.2,6.2,Man Utd,23,1.40,0,0.00,49,2.36,48,5.02,48,2.45,44,2.60,46,4.93,45,2.81
D,520,Koulibaly,5.5,5.5,Chelsea,60,1.93,0,0.00,59,2.65,62,1.40,62,2.60,59,3.11,58,2.71,58,2.14
M,521,Francois,4.4,4.4,Fulham,0,0.00,0,0.00,0,0.00,0,0.00,0,0.00,0,0.00,0,0.00,0,0.00
D,522,Spence,4.1,4.1,Spurs,0,0.00,0,0.00,0,0.00,0,0.00,0,0.00,0,0.00,0,0.00,0,0.00
D,523,Toffolo,4.3,4.3,Nott'm Forest,42,1.18,30,0.66,32,0.96,28,0.88,30,1.39,33,0.82,28,0.71,29,1.01
M,524,O'Brien,4.7,4.7,Nott'm Forest,0,0.00,0,0.00,0,0.00,0,0.00,0,0.00,0,0.00,0,0.00,0,0.00
D,525,Augustinsson,4.3,4.3,Aston Villa,0,0.00,0,0.00,0,0.00,0,0.00,0,0.00,0,0.00,0,0.00,0,0.00
D,526,Mee,5.1,5.1,Brentford,86,3.17,84,3.37,82,2.12,81,4.08,80,1.70,81,3.46,80,2.09,80,1.84
M,527,Lingard,5.4,5.4,Nott'm Forest,4,0.27,6,0.35,10,0.52,15,0.76,14,0.80,15,0.71,17,0.83,17,0.89
F,528,Mara,5.3,5.3,Southampton,51,2.56,44,1.68,31,1.75,26,1.17,23,1.23,28,1.54,27,1.22,26,1.28
F,529,Scamacca,6.6,6.6,West Ham,0,0.00,7,0.43,19,0.96,28,2.51,37,1.80,40,1.89,38,2.18,39,2.03
D,530,Richards,4.4,4.4,Crystal Palace,2,0.07,8,0.32,12,0.42,19,0.78,21,0.58,23,1.03,24,0.86,23,1.13
D,531,Vinagre,4.3,4.3,Everton,2,0.09,2,0.09,4,0.15,6,0.22,5,0.14,5,0.15,5,0.21,6,0.27
D,532,Mbabu,4.3,4.3,Fulham,0,0.00,0,0.00,0,0.00,0,0.00,0,0.00,0,0.00,0,0.00,0,0.00
D,533,Martínez,4.5,4.5,Man Utd,85,3.79,0,0.00,78,2.44,76,5.60,73,2.88,75,3.64,74,6.04,74,3.58
M,534,McNeil,5.1,5.1,Everton,83,3.81,81,3.08,77,2.83,75,3.01,76,2.60,75,2.52,77,2.86,75,3.36
M,535,Tavernier,4.7,4.7,Bournemouth,65,2.31,70,3.01,68,2.82,65,2.95,62,2.37,64,2.49,63,2.36,64,2.43
M,536,Mangala,4.9,4.9,Nott'm Forest,37,1.33,30,1.06,27,1.03,31,1.15,29,1.20,31,1.10,29,1.06,30,1.13
D,537,Kesler Hayden,4.0,4.0,Aston Villa,0,0.00,0,0.00,0,0.00,0,0.00,0,0.00,0,0.00,0,0.00,0,0.00
D,538,Young,4.3,4.3,Aston Villa,76,2.44,69,2.31,55,2.55,44,1.05,30,1.21,24,0.94,26,0.70,26,0.96
D,539,Hill,4.4,4.4,Bournemouth,0,0.00,0,0.00,0,0.00,0,0.00,0,0.00,0,0.00,0,0.00,0,0.00
D,540,Stevens,4.0,4.0,Brentford,0,0.00,0,0.00,0,0.00,0,0.00,0,0.00,0,0.00,0,0.00,0,0.00
F,541,Dervişoğlu,4.5,4.5,Brentford,0,0.00,0,0.00,0,0.00,0,0.00,0,0.00,0,0.00,0,0.00,0,0.00
G,542,Scherpen,4.0,4.0,Brighton,0,0.00,0,0.00,0,0.00,0,0.00,0,0.00,0,0.00,0,0.00,0,0.00
D,543,Clarke,4.0,4.0,Brighton,0,0.00,0,0.00,0,0.00,0,0.00,0,0.00,0,0.00,0,0.00,0,0.00
D,544,Van Hecke,4.0,4.0,Brighton,15,0.51,0,0.00,13,0.58,17,1.38,14,0.71,16,0.83,16,1.31,15,0.54
D,545,Emerson,4.0,4.0,West Ham,53,1.46,47,1.90,48,1.53,49,2.96,47,1.49,46,1.64,46,2.03,46,1.70
M,546,Harris,4.3,4.3,Fulham,0,0.00,0,0.00,0,0.01,0,0.02,0,0.01,0,0.01,0,0.01,0,0.03
D,547,Drameh,4.0,4.0,Leeds,0,0.00,0,0.00,0,0.00,0,0.00,0,0.00,0,0.00,0,0.00,0,0.00
G,548,Iversen,3.8,3.8,Leicester,84,3.00,84,3.52,82,3.05,82,3.46,80,3.07,81,2.91,77,2.75,79,3.24
M,549,Praet,4.8,4.8,Leicester,24,1.01,20,1.07,19,0.99,20,1.06,18,0.92,19,0.95,22,0.97,21,1.10
M,550,Amad,4.4,4.4,Man Utd,0,0.00,0,0.00,0,0.00,0,0.00,0,0.00,0,0.00,0,0.00,0,0.00
M,551,Iqbal,4.2,4.2,Man Utd,0,0.00,0,0.00,0,0.02,0,0.01,0,0.01,0,0.02,0,0.02,0,0.02
M,552,Anderson,4.3,4.3,Newcastle,18,0.77,18,0.81,15,0.66,16,0.79,16,0.69,14,1.15,14,0.69,14,0.58
M,553,Hammond,4.3,4.3,Nott'm Forest,0,0.00,0,0.00,0,0.00,0,0.00,0,0.00,0,0.01,0,0.00,0,0.00
M,554,Bryan,5.0,5.0,Spurs,0,0.00,0,0.00,0,0.00,0,0.00,0,0.00,0,0.00,0,0.00,0,0.00
D,555,Ashby,3.8,3.8,Newcastle,0,0.00,0,0.01,1,0.03,1,0.04,1,0.03,0,0.03,1,0.03,1,0.01
M,556,Coventry,4.4,4.4,West Ham,0,0.00,0,0.00,0,0.00,0,0.00,0,0.00,0,0.00,0,0.00,0,0.00
G,557,Smith,3.9,3.9,Wolves,0,0.00,0,0.00,0,0.00,0,0.00,0,0.00,0,0.00,0,0.00,0,0.00
D,558,Bueno,3.8,3.8,Wolves,37,1.65,23,0.93,29,1.42,22,0.72,17,0.72,18,0.56,18,0.85,21,0.59
D,559,Colwill,4.4,4.4,Brighton,0,0.00,0,0.00,0,0.00,0,0.00,0,0.00,0,0.00,0,0.00,0,0.00
M,560,Mills,4.3,4.3,Everton,1,0.09,3,0.14,1,0.07,1,0.08,1,0.06,2,0.09,1,0.08,1,0.06
M,561,Warrington,4.4,4.4,Everton,0,0.00,0,0.00,0,0.00,0,0.00,0,0.00,0,0.00,0,0.00,0,0.00
M,562,Solomon,4.9,4.9,Fulham,55,2.24,54,2.56,54,2.16,54,3.93,53,2.53,48,2.08,49,2.20,50,1.79
D,563,Chambers,4.0,4.0,Liverpool,0,0.00,0,0.00,0,0.00,0,0.00,0,0.00,0,0.00,0,0.00,0,0.00
M,564,Bajcetic,4.4,4.4,Liverpool,0,0.00,0,0.00,0,0.00,0,0.00,0,0.00,0,0.00,0,0.00,0,0.00
M,565,Gray,4.5,4.5,Leeds,0,0.00,0,0.00,0,0.00,0,0.00,0,0.00,0,0.02,0,0.00,0,0.00
M,566,Hodge,4.3,4.3,Wolves,2,0.09,0,0.01,1,0.04,1,0.05,2,0.07,1,0.04,1,0.06,2,0.08
M,567,Ronan,4.4,4.4,Wolves,0,0.00,0,0.00,0,0.00,0,0.00,0,0.00,0,0.00,0,0.00,0,0.00
M,568,Campbell,4.4,4.4,Wolves,0,0.00,0,0.00,0,0.00,0,0.00,0,0.00,0,0.00,0,0.00,0,0.00
M,569,Garnacho,4.2,4.2,Man Utd,0,0.00,0,0.00,0,0.00,0,0.00,3,0.20,10,0.61,19,2.25,20,1.31
M,570,Garner,4.5,4.5,Everton,56,2.31,51,1.85,23,0.88,25,1.00,23,0.82,24,0.83,25,0.94,25,1.11
G,571,Randolph,4.0,4.0,Bournemouth,0,0.00,0,0.02,0,0.01,0,0.01,0,0.01,1,0.03,0,0.02,0,0.02
M,572,Oko-Flex,4.4,4.4,West Ham,0,0.00,0,0.00,0,0.00,0,0.00,0,0.00,0,0.00,0,0.00,0,0.00
D,573,Lewis,3.9,3.9,Man City,22,1.23,0,0.00,23,1.01,25,2.70,24,1.36,26,1.44,27,2.48,25,1.27
G,574,Neto,4.5,4.5,Bournemouth,88,3.15,88,3.64,87,3.54,85,3.44,86,3.23,85,3.34,84,3.07,84,3.27
M,575,Cornet,5.9,5.9,West Ham,11,0.55,15,0.82,13,0.69,14,1.37,16,0.81,14,0.70,15,0.85,15,0.83
D,576,Senesi,4.4,4.4,Bournemouth,63,1.28,79,2.74,81,2.64,78,2.63,73,1.97,70,2.17,70,1.56,72,2.15
M,577,Onana,4.8,4.8,Everton,82,3.27,80,2.79,72,2.34,71,2.47,69,2.12,70,2.10,69,2.33,70,2.73
G,578,Robles,4.0,4.0,Leeds,2,0.06,1,0.05,3,0.12,2,0.09,3,0.12,5,0.17,3,0.12,4,0.16
M,579,Guedes,5.8,5.8,Wolves,0,0.00,0,0.00,0,0.00,0,0.00,0,0.00,0,0.00,0,0.00,0,0.00
M,580,Damsgaard,5.0,5.0,Brentford,38,1.72,43,2.10,48,1.93,46,2.54,44,1.80,43,2.19,45,1.89,42,1.73
G,581,Smithies,3.9,3.9,Leicester,0,0.00,0,0.00,0,0.00,0,0.01,0,0.00,0,0.00,0,0.01,0,0.01
M,582,Freuler,4.9,4.9,Nott'm Forest,61,1.88,56,1.60,58,1.78,59,1.79,53,1.92,54,1.57,51,1.52,51,1.63
M,583,Kouyaté,4.4,4.4,Nott'm Forest,38,1.31,41,1.33,39,1.36,37,1.30,41,1.58,39,1.29,38,1.27,40,1.40
M,584,Clark,4.5,4.5,Liverpool,0,0.00,0,0.00,0,0.00,0,0.00,0,0.00,0,0.00,0,0.00,0,0.00
F,585,Dennis,5.6,5.6,Nott'm Forest,50,2.13,43,1.71,41,1.81,40,1.75,40,2.14,40,1.58,38,1.57,39,1.73
D,586,Estupiñán,4.8,4.8,Brighton,84,3.04,0,0.00,78,4.02,76,7.00,74,4.17,77,4.26,76,6.76,76,3.04
D,587,Sergio Gómez,4.4,4.4,Man City,3,0.18,0,0.00,4,0.16,4,0.42,5,0.25,4,0.23,5,0.49,7,0.33
D,588,Kehrer,4.3,4.3,West Ham,39,0.96,36,1.33,34,0.99,33,1.85,33,0.97,33,1.08,35,1.41,34,1.15
M,589,Matheus,4.8,4.8,Wolves,56,2.18,59,2.42,59,2.58,59,2.08,58,2.44,58,1.99,55,2.35,59,1.91
G,590,Whitworth,4.0,4.0,Crystal Palace,1,0.04,1,0.05,1,0.06,1,0.05,0,0.00,0,0.00,0,0.01,0,0.02
F,591,Ablade,4.5,4.5,Fulham,2,0.12,4,0.29,4,0.25,5,0.60,6,0.44,1,0.10,1,0.09,2,0.10
G,592,H.Davies,4.0,4.0,Liverpool,0,0.00,0,0.00,0,0.00,0,0.00,0,0.00,0,0.00,0,0.00,0,0.00
M,593,Casemiro,4.9,4.9,Man Utd,78,2.91,0,0.00,71,2.28,70,4.81,67,2.32,68,2.58,68,4.81,67,2.66
F,594,Isak,6.7,6.7,Newcastle,67,3.63,67,3.96,64,3.55,62,4.49,62,3.44,62,7.12,61,4.61,64,3.21
D,595,Zanka,4.0,4.0,Brentford,15,0.51,11,0.37,10,0.25,11,0.42,13,0.29,13,0.48,12,0.31,10,0.24
F,596,Ferguson,4.6,4.6,Brighton,49,2.64,0,0.00,51,3.13,50,5.97,48,3.11,48,4.39,47,5.72,48,2.71
F,597,Saydee,4.5,4.5,Bournemouth,0,0.00,0,0.00,0,0.00,0,0.00,0,0.00,0,0.00,0,0.00,0,0.00
D,598,Bevan,4.0,4.0,Bournemouth,0,0.00,0,0.00,0,0.00,0,0.00,0,0.00,0,0.00,0,0.00,0,0.00
M,599,Gomes,4.5,4.5,Man City,0,0.00,0,0.00,0,0.00,0,0.00,0,0.00,0,0.00,0,0.00,0,0.00
M,600,Knight,4.5,4.5,Man City,0,0.00,0,0.00,0,0.00,0,0.02,0,0.03,0,0.02,0,0.05,0,0.03
M,601,Rodney,4.5,4.5,Crystal Palace,1,0.08,1,0.06,2,0.10,2,0.11,1,0.06,0,0.03,0,0.03,1,0.06
D,602,Renan Lodi,4.3,4.3,Nott'm Forest,47,1.38,54,1.09,52,1.58,54,1.65,50,2.40,47,1.17,51,1.21,51,1.81
M,603,Paquetá,5.9,5.9,West Ham,71,2.68,68,3.19,67,2.85,65,5.03,64,2.67,63,2.67,63,3.27,64,2.90
M,604,Phillips,4.5,4.5,Crystal Palace,0,0.00,0,0.00,0,0.00,0,0.00,0,0.00,0,0.00,0,0.00,0,0.00
D,605,Welch,4.0,4.0,Everton,0,0.00,0,0.00,0,0.00,0,0.00,0,0.00,0,0.01,0,0.01,0,0.01
M,606,Vale,4.5,4.5,Chelsea,0,0.00,0,0.00,0,0.00,0,0.00,0,0.00,0,0.00,0,0.00,0,0.00
M,607,Smith,4.4,4.4,Arsenal,0,0.00,0,0.00,0,0.00,0,0.00,0,0.00,0,0.01,0,0.00,0,0.00
F,608,Kalajdžić,5.3,5.3,Wolves,0,0.00,0,0.00,0,0.00,0,0.00,0,0.00,0,0.00,0,0.00,0,0.00
M,609,Antony,7.3,7.3,Man Utd,75,3.64,0,0.00,67,2.84,66,6.01,62,2.83,62,3.20,61,5.77,59,3.23
D,610,Akanji,5.0,5.0,Man City,56,2.82,0,0.00,56,2.03,55,5.39,60,2.99,56,2.73,53,4.18,53,2.33
M,611,Gueye,4.8,4.8,Everton,77,2.73,78,2.46,69,2.12,66,2.14,68,1.97,67,1.92,67,2.12,66,2.33
D,612,Faes,4.2,4.2,Leicester,84,1.25,81,2.90,79,2.01,78,2.81,76,2.13,76,1.58,74,1.31,74,2.50
D,613,Kurzawa,4.3,4.3,Fulham,0,0.00,0,0.02,1,0.04,4,0.24,6,0.28,7,0.30,8,0.37,9,0.26
M,614,Willian,5.5,5.5,Fulham,71,3.09,73,3.84,71,3.06,69,5.38,68,3.70,67,3.18,63,3.17,62,2.34
G,615,Kovár,4.0,4.0,Man Utd,0,0.00,0,0.00,0,0.00,0,0.00,0,0.00,0,0.00,0,0.00,0,0.00
M,616,Zakaria,4.9,4.9,Chelsea,8,0.37,0,0.00,6,0.29,7,0.31,7,0.34,9,0.42,8,0.70,8,0.34
F,617,Aubameyang,8.4,8.4,Chelsea,10,0.68,0,0.00,10,0.73,9,0.53,12,0.82,12,0.95,13,1.44,14,0.88
F,618,Vinícius,5.4,5.4,Fulham,70,3.03,67,3.62,66,2.89,65,5.09,61,3.41,14,0.82,15,0.89,17,0.78
F,619,Gnonto,4.9,4.9,Leeds,18,0.94,35,1.70,35,1.88,35,1.68,36,1.40,35,1.56,38,1.69,35,1.67
M,620,Arthur,4.8,4.8,Liverpool,9,0.43,8,0.45,12,0.58,13,1.26,12,0.61,11,0.54,9,0.47,9,0.47
D,621,Badé,4.5,4.5,Nott'm Forest,0,0.00,0,0.00,0,0.00,0,0.00,0,0.00,0,0.00,0,0.00,0,0.00
D,622,Larios,4.0,4.0,Southampton,0,0.00,0,0.00,0,0.00,0,0.00,0,0.00,0,0.00,0,0.00,0,0.00
D,623,Caleta-Car,4.4,4.4,Southampton,33,1.28,7,0.14,8,0.26,8,0.16,7,0.23,7,0.21,8,0.16,7,0.15
M,624,Edozie,4.6,4.6,Southampton,1,0.06,1,0.11,1,0.11,2,0.14,2,0.13,2,0.14,2,0.17,2,0.13
F,625,Diego Costa,5.3,5.3,Wolves,36,1.97,32,1.66,35,1.89,36,1.55,34,1.83,35,1.51,36,1.88,35,1.42
G,626,Karius,3.9,3.9,Newcastle,0,0.01,0,0.00,1,0.03,0,0.02,1,0.05,1,0.04,0,0.02,1,0.04
G,627,Jakupović,4.0,4.0,Everton,0,0.00,0,0.00,0,0.00,0,0.00,0,0.00,0,0.00,0,0.00,0,0.00
D,628,Aurier,4.4,4.4,Nott'm Forest,14,0.45,44,0.86,72,2.04,69,2.02,68,3.16,67,1.50,68,1.47,66,2.22
M,629,Traoré,4.3,4.3,Wolves,13,0.55,4,0.15,5,0.24,6,0.25,7,0.30,8,0.32,6,0.25,7,0.27
M,630,Nwaneri,4.5,4.5,Arsenal,0,0.00,0,0.01,0,0.02,0,0.01,0,0.02,1,0.04,0,0.03,1,0.04
D,631,Sousa,4.0,4.0,Arsenal,0,0.01,1,0.02,1,0.02,1,0.02,0,0.01,1,0.05,1,0.05,1,0.05
M,632,Trevitt,4.4,4.4,Brentford,0,0.00,0,0.01,1,0.04,1,0.03,1,0.04,1,0.04,0,0.03,0,0.02
G,633,Cox,3.9,3.9,Brentford,0,0.00,0,0.00,0,0.00,0,0.00,0,0.00,0,0.00,0,0.01,0,0.01
F,634,Gordon,4.5,4.5,Crystal Palace,0,0.00,0,0.00,0,0.00,0,0.00,0,0.00,0,0.00,0,0.00,0,0.00
G,635,Bettinelli,4.0,4.0,Chelsea,0,0.01,0,0.00,0,0.00,0,0.00,0,0.00,0,0.01,0,0.01,0,0.00
D,636,Parkes,4.0,4.0,Fulham,0,0.01,1,0.02,1,0.02,1,0.03,1,0.02,0,0.01,1,0.02,0,0.01
D,637,John,4.0,4.0,Everton,0,0.00,0,0.00,0,0.00,0,0.01,0,0.00,0,0.00,0,0.01,0,0.01
D,638,Bogarde,4.0,4.0,Aston Villa,0,0.00,0,0.00,0,0.00,0,0.00,0,0.00,0,0.00,0,0.00,0,0.00
M,639,Braybrooke,4.5,4.5,Leicester,0,0.00,0,0.00,0,0.00,0,0.00,0,0.00,0,0.00,0,0.00,0,0.00
D,640,Turns,4.0,4.0,Brighton,0,0.00,0,0.00,0,0.00,0,0.00,0,0.00,0,0.00,0,0.00,0,0.00
M,641,Godo,4.5,4.5,Fulham,0,0.00,0,0.01,0,0.01,0,0.04,0,0.03,0,0.01,1,0.06,1,0.04
D,642,Balmer,4.0,4.0,Crystal Palace,0,0.01,1,0.03,1,0.02,1,0.02,0,0.00,0,0.02,0,0.00,0,0.01
M,643,Mainoo,4.5,4.5,Man Utd,0,0.00,0,0.00,0,0.02,0,0.04,0,0.01,0,0.03,0,0.04,0,0.03
G,644,Goodman,4.0,4.0,Crystal Palace,0,0.00,0,0.00,0,0.01,0,0.00,0,0.00,0,0.00,0,0.00,0,0.00
D,645,Wormleighton,4.0,4.0,Leicester,0,0.00,0,0.01,0,0.01,0,0.01,1,0.02,0,0.01,1,0.02,1,0.04
D,646,Crama,4.0,4.0,Brentford,1,0.02,1,0.03,2,0.04,1,0.05,1,0.03,1,0.04,1,0.02,1,0.02
M,647,Payne,4.5,4.5,Southampton,0,0.00,0,0.00,0,0.00,0,0.00,0,0.00,0,0.00,0,0.00,0,0.00
M,648,Finnigan,4.5,4.5,Southampton,0,0.00,0,0.00,0,0.00,0,0.00,0,0.00,0,0.00,0,0.00,0,0.00
G,649,Plain,4.0,4.0,Bournemouth,0,0.00,0,0.00,0,0.00,0,0.00,0,0.00,0,0.00,0,0.00,0,0.00
M,650,Yarmolyuk,4.5,4.5,Brentford,0,0.00,0,0.03,1,0.04,1,0.06,1,0.04,1,0.05,1,0.04,0,0.01
M,651,Moran,4.5,4.5,Brighton,1,0.07,0,0.00,3,0.20,3,0.37,3,0.21,2,0.23,2,0.29,2,0.14
D,652,Furlong,4.0,4.0,Brighton,0,0.00,0,0.00,0,0.00,0,0.00,0,0.00,0,0.00,0,0.00,0,0.00
M,653,Hutchinson,4.2,4.2,Chelsea,0,0.00,0,0.00,0,0.00,0,0.00,0,0.00,0,0.00,0,0.00,0,0.00
M,654,Wells-Morrison,4.5,4.5,Crystal Palace,1,0.05,1,0.04,2,0.09,1,0.07,1,0.06,1,0.04,1,0.05,1,0.05
G,655,Hein,3.9,3.9,Arsenal,0,0.00,0,0.00,0,0.00,0,0.01,0,0.00,0,0.00,0,0.02,1,0.03
G,656,Bishop,4.0,4.0,Man Utd,0,0.00,0,0.00,0,0.00,0,0.00,0,0.00,0,0.01,0,0.01,0,0.00
F,657,Fraser,4.5,4.5,Wolves,0,0.00,0,0.00,0,0.00,0,0.00,0,0.01,0,0.00,0,0.01,0,0.00
M,658,Griffiths,4.4,4.4,Wolves,0,0.00,0,0.01,0,0.00,0,0.00,0,0.01,0,0.00,0,0.01,0,0.01
F,659,Mateo Joseph,4.5,4.5,Leeds,1,0.04,0,0.03,1,0.06,1,0.08,2,0.10,2,0.11,2,0.15,2,0.14
F,660,Shoretire,4.5,4.5,Man Utd,0,0.00,0,0.00,0,0.00,0,0.00,0,0.00,0,0.00,0,0.00,0,0.00
M,661,Hall,4.3,4.3,Chelsea,1,0.05,0,0.00,2,0.09,2,0.12,2,0.10,2,0.13,2,0.25,3,0.15
F,662,Cannon,4.5,4.5,Everton,0,0.00,0,0.00,0,0.00,0,0.00,0,0.00,0,0.00,0,0.00,0,0.00
F,663,Perkins,4.5,4.5,Leeds,0,0.00,0,0.00,0,0.00,0,0.00,0,0.00,0,0.00,0,0.00,0,0.00
D,664,Lembikisa,4.0,4.0,Wolves,0,0.01,1,0.01,1,0.02,1,0.02,1,0.03,1,0.02,1,0.03,2,0.03
M,665,Doak,4.5,4.5,Liverpool,0,0.00,0,0.01,0,0.01,0,0.06,0,0.02,1,0.04,0,0.03,1,0.08
F,666,Dale Taylor,4.5,4.5,Nott'm Forest,0,0.00,0,0.00,0,0.00,0,0.00,0,0.00,0,0.00,0,0.00,0,0.00
M,667,Sekularac,4.5,4.5,Fulham,0,0.00,0,0.00,0,0.01,0,0.05,1,0.03,0,0.01,0,0.03,1,0.03
M,668,Cozier-Duberry,4.5,4.5,Arsenal,0,0.00,0,0.00,0,0.00,0,0.00,0,0.00,0,0.01,0,0.00,0,0.01
F,669,Mubama,4.5,4.5,West Ham,0,0.01,0,0.02,0,0.02,0,0.05,0,0.02,0,0.01,1,0.04,0,0.03
G,670,Marschall,4.0,4.0,Aston Villa,0,0.00,0,0.00,0,0.00,0,0.00,0,0.00,0,0.00,0,0.00,0,0.00
F,671,Morgan,4.5,4.5,Southampton,0,0.00,0,0.00,0,0.00,0,0.00,0,0.00,0,0.00,0,0.00,0,0.00
M,672,Kadan Young,4.5,4.5,Aston Villa,2,0.13,2,0.13,3,0.18,1,0.08,1,0.08,1,0.05,1,0.07,1,0.06
D,673,Humphreys,4.5,4.5,Chelsea,0,0.00,0,0.00,0,0.00,0,0.00,0,0.00,0,0.00,0,0.00,0,0.00
D,674,Bennett,4.0,4.0,Man Utd,0,0.01,0,0.00,0,0.01,0,0.02,1,0.02,0,0.01,0,0.01,0,0.02
G,675,Smith,4.0,4.0,Nott'm Forest,0,0.00,0,0.00,0,0.00,0,0.00,0,0.00,0,0.00,0,0.00,0,0.00
M,676,Ozoh,4.5,4.5,Crystal Palace,1,0.07,2,0.09,2,0.09,1,0.08,1,0.08,1,0.05,1,0.07,1,0.05
M,677,Hinshelwood,4.5,4.5,Brighton,0,0.00,0,0.00,0,0.02,0,0.02,0,0.01,0,0.02,0,0.01,0,0.00
M,678,Price,4.5,4.5,Everton,1,0.04,1,0.05,0,0.02,1,0.04,1,0.04,1,0.04,1,0.04,0,0.02
M,679,Buonanotte,4.5,4.5,Brighton,9,0.42,0,0.00,13,0.68,14,1.48,15,0.83,13,1.10,11,1.17,10,0.51
M,680,Gakpo,7.6,7.6,Liverpool,65,3.81,65,4.59,62,3.45,60,7.79,59,3.87,55,3.44,55,3.60,53,3.43
M,681,Scarpa,4.7,4.7,Nott'm Forest,4,0.27,10,0.47,7,0.41,9,0.46,11,0.57,11,0.48,12,0.53,9,0.47
F,682,Cunha,5.3,5.3,Wolves,56,3.05,55,2.78,54,2.90,51,2.18,49,2.61,49,2.06,48,2.54,51,1.97
M,683,Kuol,4.5,4.5,Newcastle,0,0.00,0,0.00,0,0.00,0,0.00,0,0.00,0,0.00,0,0.00,0,0.00
F,684,D.D.Fofana,5.0,5.0,Chelsea,2,0.17,0,0.00,2,0.17,1,0.10,2,0.14,2,0.19,2,0.30,2,0.20
F,685,Butler-Oyedeji,4.5,4.5,Arsenal,0,0.00,0,0.00,0,0.00,0,0.00,0,0.00,0,0.00,0,0.00,0,0.00
F,686,Simms,4.5,4.5,Everton,19,1.11,18,0.96,11,0.58,8,0.52,7,0.43,9,0.46,8,0.46,9,0.54
M,687,McAteer,4.5,4.5,Leicester,0,0.00,0,0.00,0,0.00,0,0.00,0,0.00,0,0.00,0,0.00,0,0.00
M,688,Schade,4.9,4.9,Brentford,38,1.92,52,2.85,55,2.34,57,3.49,56,2.41,57,3.13,54,2.43,54,2.32
D,689,Badiashile,5.0,5.0,Chelsea,16,0.58,0,0.00,12,0.56,12,0.33,17,0.74,14,0.72,19,1.01,21,0.84
F,690,João Félix,7.5,7.5,Chelsea,64,3.11,0,0.00,62,3.40,62,2.46,63,3.31,61,3.67,59,4.93,58,2.76
D,691,Wöber,4.4,4.4,Leeds,4,0.09,30,1.01,61,2.26,78,2.51,76,1.23,75,2.04,74,2.15,73,2.10
M,692,Orsic,5.1,5.1,Southampton,8,0.46,9,0.43,10,0.56,9,0.43,10,0.53,10,0.55,10,0.47,11,0.54
M,693,Alcaraz,5.0,5.0,Southampton,51,2.18,47,1.60,45,2.06,48,1.70,45,1.90,45,2.01,44,1.62,47,1.80
D,694,Álex Moreno,4.4,4.4,Aston Villa,76,2.71,73,2.69,71,3.63,70,1.72,70,2.90,68,2.63,67,1.67,67,2.45
F,695,Adu-Adjei,4.5,4.5,Bournemouth,0,0.00,0,0.00,0,0.00,0,0.00,0,0.00,0,0.00,0,0.00,0,0.00
M,696,Dacosta Gonzalez,4.4,4.4,Bournemouth,0,0.00,0,0.01,0,0.03,1,0.04,0,0.02,1,0.03,1,0.05,0,0.03
F,697,Sadi,4.5,4.5,Bournemouth,0,0.00,0,0.00,0,0.00,0,0.00,0,0.00,0,0.00,0,0.00,0,0.00
M,698,Lemina,4.5,4.5,Wolves,76,2.47,69,2.22,68,2.34,67,1.96,66,2.22,63,1.83,63,2.16,64,1.77
M,699,Mudryk,6.5,6.5,Chelsea,27,1.48,0,0.00,27,1.68,28,1.30,28,1.65,27,1.78,28,2.66,31,1.67
F,700,Rutter,5.2,5.2,Leeds,19,1.05,18,1.08,18,1.23,22,1.29,24,1.09,25,1.30,25,1.33,24,1.33
F,701,Weghorst,5.5,5.5,Man Utd,39,2.42,0,0.00,38,2.01,35,4.06,34,1.93,34,2.15,32,3.73,33,2.23
M,702,Andrey Santos,4.5,4.5,Chelsea,0,0.00,0,0.00,0,0.00,0,0.00,0,0.00,0,0.00,0,0.00,0,0.00
M,703,Danilo,4.5,4.5,Nott'm Forest,29,1.07,24,0.89,26,0.98,25,0.95,23,0.97,25,0.93,28,0.99,29,1.06
M,704,Sarabia,5.3,5.3,Wolves,34,1.99,32,1.74,32,1.88,31,1.46,31,1.80,31,1.42,32,1.86,29,1.27
M,705,Ouattara,5.0,5.0,Bournemouth,59,2.07,56,2.26,56,2.23,51,2.17,52,1.95,52,1.99,48,1.81,51,1.93
F,706,Pollock,4.5,4.5,Bournemouth,0,0.00,0,0.00,0,0.00,0,0.00,0,0.00,0,0.00,0,0.00,0,0.00
G,707,Sinisalo,4.0,4.0,Aston Villa,0,0.00,0,0.00,0,0.01,0,0.00,0,0.00,0,0.00,0,0.00,0,0.00
M,708,Madueke,5.5,5.5,Chelsea,12,0.65,0,0.00,10,0.57,13,0.61,13,0.72,13,0.83,14,1.39,14,0.75
D,709,Kristiansen,4.5,4.5,Leicester,64,1.11,64,2.51,61,1.78,61,2.41,61,1.94,58,1.43,57,1.20,54,2.04
D,710,Kiwior,4.0,4.0,Arsenal,7,0.31,11,0.60,9,0.27,9,0.42,11,0.42,10,0.42,12,0.61,10,0.54
F,711,Durán,5.5,5.5,Aston Villa,18,0.95,15,0.81,17,1.09,15,0.76,13,0.73,10,0.62,12,0.62,11,0.65
M,712,Perrone,4.4,4.4,Man City,9,0.41,0,0.00,10,0.39,11,0.96,12,0.56,13,0.56,13,1.02,12,0.50
M,713,Danjuma,6.1,6.1,Spurs,12,0.95,15,0.87,13,0.84,13,0.81,11,0.87,13,0.93,13,1.01,9,0.70
F,714,Semenyo,5.0,5.0,Bournemouth,19,0.93,21,1.21,23,1.25,23,1.35,24,1.18,24,1.24,23,1.16,25,1.22
M,715,Tetê,5.2,5.2,Leicester,36,1.44,36,1.92,33,1.65,30,1.60,33,1.65,31,1.50,29,1.27,32,1.70
D,716,Bree,4.5,4.5,Southampton,4,0.17,17,0.33,5,0.24,6,0.16,6,0.23,4,0.17,5,0.14,5,0.15
G,717,Bentley,4.0,4.0,Wolves,0,0.02,1,0.04,1,0.06,3,0.10,1,0.06,2,0.06,2,0.10,2,0.09
D,718,Viña,4.5,4.5,Bournemouth,3,0.14,5,0.23,14,0.59,8,0.35,6,0.25,7,0.30,9,0.31,8,0.32
M,719,Ayari,4.5,4.5,Brighton,17,0.70,0,0.00,17,0.76,19,1.66,20,0.91,16,1.24,14,1.30,15,0.64
M,720,McKennie,4.7,4.7,Leeds,76,2.52,73,2.58,71,2.81,68,2.48,69,1.97,70,2.32,69,2.35,65,2.34
M,721,João Gomes,4.5,4.5,Wolves,50,1.73,19,0.74,21,0.86,20,0.73,21,0.83,22,0.78,23,0.90,21,0.71
D,722,Zabarnyi,4.5,4.5,Bournemouth,4,0.10,3,0.13,17,0.58,3,0.13,6,0.18,3,0.12,5,0.15,4,0.15
M,723,H.Traorè,4.5,4.5,Bournemouth,38,1.59,49,2.43,49,2.36,50,2.57,46,2.01,49,2.17,45,1.96,47,2.04
M,724,Enzo,5.0,5.0,Chelsea,73,2.33,0,0.00,68,2.48,70,2.00,68,2.41,66,2.62,69,4.00,65,2.16
M,725,Ahamada,4.5,4.5,Crystal Palace,9,0.39,10,0.44,13,0.56,13,0.56,12,0.51,13,0.58,10,0.45,12,0.57
M,726,Lukic,4.5,4.5,Fulham,11,0.42,14,0.61,17,0.63,20,1.40,22,0.90,21,0.81,21,0.83,22,0.74
D,727,Souttar,4.5,4.5,Leicester,62,0.93,56,2.08,48,1.29,44,1.66,41,1.25,43,0.99,44,0.85,46,1.63
M,728,Sabitzer,4.7,4.7,Man Utd,52,2.48,0,0.00,38,1.65,39,3.59,36,1.67,39,1.97,37,3.45,40,2.07
G,729,Navas,4.5,4.5,Nott'm Forest,89,3.17,84,2.94,77,2.79,74,2.71,63,2.66,63,2.22,57,2.00,57,2.17
D,730,Felipe,4.5,4.5,Nott'm Forest,81,1.76,77,1.23,73,1.70,73,1.76,70,2.77,70,1.27,70,1.23,72,2.04
M,731,Kamaldeen,5.0,5.0,Southampton,52,2.47,48,1.73,48,2.43,47,1.76,46,2.10,44,2.18,44,1.71,46,1.92
F,732,Onuachu,5.5,5.5,Southampton,28,1.70,22,1.06,14,1.00,14,0.75,14,0.85,13,0.92,13,0.71,15,0.85
D,733,Pedro Porro,4.8,4.8,Spurs,85,4.71,82,2.53,78,2.87,77,2.17,75,4.13,71,2.83,62,3.16,49,2.13
M,734,A.Ayew,5.0,5.0,Nott'm Forest,15,0.83,27,1.26,32,1.60,30,1.47,34,1.99,30,1.35,33,1.48,31,1.53
M,735,Marçal-Madivadua,4.5,4.5,Leicester,0,0.01,0,0.01,0,0.02,0,0.03,0,0.02,1,0.03,1,0.03,1,0.05
D,736,Offiah,4.0,4.0,Brighton,3,0.07,0,0.00,3,0.10,3,0.18,3,0.12,3,0.16,3,0.21,2,0.06
D,737,Greenwood,4.0,4.0,Bournemouth,0,0.00,0,0.00,0,0.00,0,0.00,0,0.00,0,0.01,0,0.01,0,0.00
D,738,Kinsey-Wellings,4.0,4.0,Bournemouth,0,0.00,0,0.00,1,0.03,0,0.00,0,0.00,0,0.01,0,0.01,0,0.00
G,739,Anang,4.0,4.0,West Ham,0,0.00,0,0.00,0,0.00,0,0.00,0,0.01,0,0.00,0,0.00,0,0.00
G,740,Hegyi,3.9,3.9,West Ham,0,0.00,0,0.00,0,0.00,0,0.01,0,0.00,0,0.01,0,0.02,0,0.01
M,741,Miley,4.5,4.5,Newcastle,0,0.00,0,0.02,0,0.03,1,0.03,0,0.03,0,0.06,1,0.06,1,0.05
D,742,Chilokoa-Mullen,4.0,4.0,Leeds,1,0.03,2,0.05,1,0.04,2,0.05,2,0.04,1,0.03,2,0.06,1,0.04
D,743,Monteiro,4.0,4.0,Leeds,1,0.03,2,0.05,2,0.05,1,0.03,2,0.03,1,0.03,1,0.03,1,0.03
D,744,Swinkels,4.0,4.0,Aston Villa,1,0.02,1,0.04,2,0.05,1,0.03,1,0.02,0,0.01,1,0.02,1,0.02
G,745,Zych,4.0,4.0,Aston Villa,0,0.00,0,0.00,0,0.00,0,0.00,0,0.00,0,0.00,0,0.00,0,0.00
D,746,Casey,4.0,4.0,West Ham,0,0.00,0,0.00,0,0.01,0,0.02,1,0.02,1,0.03,1,0.04,1,0.04
G,747,Wickens,4.0,4.0,Fulham,0,0.00,0,0.00,0,0.01,0,0.00,0,0.01,0,0.01,0,0.02,0,0.00
M,748,Mundle,4.5,4.5,Spurs,3,0.19,7,0.31,6,0.29,6,0.28,5,0.26,2,0.11,2,0.11,1,0.08
G,749,G.Shelvey,4.0,4.0,Nott'm Forest,0,0.00,0,0.00,0,0.01,0,0.00,0,0.00,0,0.00,0,0.00,0,0.00
D,750,C.Robinson,4.0,4.0,Fulham,0,0.01,1,0.02,0,0.00,1,0.02,1,0.02,0,0.01,0,0.01,0,0.01
D,751,Walters,4.0,4.0,Arsenal,0,0.01,1,0.05,1,0.03,1,0.04,1,0.04,2,0.06,1,0.06,2,0.07
M,752,Olakigbe,4.5,4.5,Brentford,0,0.00,1,0.03,1,0.03,1,0.04,1,0.06,1,0.05,0,0.02,0,0.02
G,753,Wright,4.0,4.0,Aston Villa,0,0.00,0,0.00,0,0.00,0,0.00,0,0.00,0,0.00,0,0.00,0,0.00
D,754,Revan,4.0,4.0,Aston Villa,1,0.03,1,0.03,2,0.06,1,0.02,1,0.03,1,0.02,1,0.02,1,0.03
G,10023,Alfie Whiteman,99.9,99.9,Spurs,0,0.00,0,0.01,0,0.01,0,0.00,0,0.02,0,0.01,0,0.01,0,0.02
G,10104,Mark Gillespie,99.9,99.9,Newcastle,0,0.00,0,0.00,0,0.00,0,0.00,0,0.00,0,0.00,0,0.00,0,0.00
G,10150,Andy Lonergan,99.9,99.9,Everton,0,0.00,0,0.00,0,0.00,0,0.01,0,0.01,0,0.00,0,0.01,0,0.01
D,10201,Teden Mengi,99.9,99.9,Man Utd,0,0.00,0,0.00,0,0.00,0,0.00,0,0.00,0,0.00,0,0.01,0,0.00
D,10241,Benjamin Mendy,99.9,99.9,Man City,0,0.00,0,0.00,0,0.00,0,0.00,0,0.01,0,0.00,0,0.01,0,0.01
M,10249,Matty Longstaff,99.9,99.9,Newcastle,4,0.21,4,0.25,4,0.20,5,0.32,4,0.25,5,0.48,5,0.28,5,0.24
F,10263,Mason Greenwood,99.9,99.9,Man Utd,0,0.00,0,0.00,0,0.00,0,0.03,0,0.00,0,0.00,0,0.01,0,0.00
G,10264,Jed Steer,99.9,99.9,Aston Villa,0,0.00,0,0.00,0,0.01,0,0.01,0,0.01,0,0.00,0,0.01,0,0.00
G,10351,Gabriel Slonina,99.9,99.9,Chelsea,0,0.00,0,0.00,0,0.01,0,0.01,0,0.01,0,0.00,0,0.02,0,0.01
G,10359,Louie Moulden,99.9,99.9,Wolves,0,0.01,1,0.03,2,0.08,2,0.07,3,0.12,3,0.10,3,0.12,3,0.10